parentRecordId,ordinal,university,level,intake,cycleStatus,sourceIds,officialSourceUrls,sourceCheckedDates,rowKind,code,duration,language,nameEnglish,nameOriginal,nameSource,notes,studyMode
thu-master-2027-000-085100,1,Tsinghua University,master,2027,current_catalogue,"[""thu-masters-2027""]","[""https://yzbm.tsinghua.edu.cn/publish/s05/s0503/detail/84682384-10d4-4eb6-9d49-356299983813/1""]","[""2026-10-07""]",named_field,01,,English,Master of Architecture(English Program),建筑硕士（英文）,,,Full-time
thu-master-2027-000-085100,2,Tsinghua University,master,2027,current_catalogue,"[""thu-masters-2027""]","[""https://yzbm.tsinghua.edu.cn/publish/s05/s0503/detail/84682384-10d4-4eb6-9d49-356299983813/1""]","[""2026-10-07""]",named_field,02,,Chinese,Mater of Architecture(Chinese Program),建筑硕士（中文）,,,Full-time
thu-master-2027-000-085300,1,Tsinghua University,master,2027,current_catalogue,"[""thu-masters-2027""]","[""https://yzbm.tsinghua.edu.cn/publish/s05/s0503/detail/84682384-10d4-4eb6-9d49-356299983813/1""]","[""2026-10-07""]",named_field,01,,null,Master of Urban and Rural Planning,城乡规划硕士,,,Full-time
thu-master-2027-000-085900,1,Tsinghua University,master,2027,current_catalogue,"[""thu-masters-2027""]","[""https://yzbm.tsinghua.edu.cn/publish/s05/s0503/detail/84682384-10d4-4eb6-9d49-356299983813/1""]","[""2026-10-07""]",named_field,01,,null,Built Environment and Energy,建筑与土木工程,,,Full-time
thu-master-2027-000-086200,1,Tsinghua University,master,2027,current_catalogue,"[""thu-masters-2027""]","[""https://yzbm.tsinghua.edu.cn/publish/s05/s0503/detail/84682384-10d4-4eb6-9d49-356299983813/1""]","[""2026-10-07""]",named_field,01,,null,Landscape Architecture,风景园林硕士,,,Full-time
thu-master-2027-003-085900,1,Tsinghua University,master,2027,current_catalogue,"[""thu-masters-2027""]","[""https://yzbm.tsinghua.edu.cn/publish/s05/s0503/detail/84682384-10d4-4eb6-9d49-356299983813/1""]","[""2026-10-07""]",named_field,01,,null,High-Performance Civil Engineering Design and Construction,高性能土木工程设计与建造,,,Full-time
thu-master-2027-003-085900,2,Tsinghua University,master,2027,current_catalogue,"[""thu-masters-2027""]","[""https://yzbm.tsinghua.edu.cn/publish/s05/s0503/detail/84682384-10d4-4eb6-9d49-356299983813/1""]","[""2026-10-07""]",named_field,02,,null,Future Transportation and Urbanization,未来交通与城镇化,,,Full-time
thu-master-2027-003-085900,3,Tsinghua University,master,2027,current_catalogue,"[""thu-masters-2027""]","[""https://yzbm.tsinghua.edu.cn/publish/s05/s0503/detail/84682384-10d4-4eb6-9d49-356299983813/1""]","[""2026-10-07""]",named_field,03,,English,"Master of Engineering - International Construction and Project Management, ICPM (English)",国际建设项目管理英文硕士项目,,,Full-time
thu-master-2027-004-085900,1,Tsinghua University,master,2027,current_catalogue,"[""thu-masters-2027""]","[""https://yzbm.tsinghua.edu.cn/publish/s05/s0503/detail/84682384-10d4-4eb6-9d49-356299983813/1""]","[""2026-10-07""]",named_field,01,,null,Hydraulic Engineering and New Energy,水利水电与新能源,,,Full-time
thu-master-2027-005-083000,1,Tsinghua University,master,2027,current_catalogue,"[""thu-masters-2027""]","[""https://yzbm.tsinghua.edu.cn/publish/s05/s0503/detail/84682384-10d4-4eb6-9d49-356299983813/1""]","[""2026-10-07""]",named_field,01,,English,"English Master Program in Environmental Science, Engineering and Management",环境科学与工程英文硕土项目,,,Full-time
thu-master-2027-005-085700,1,Tsinghua University,master,2027,current_catalogue,"[""thu-masters-2027""]","[""https://yzbm.tsinghua.edu.cn/publish/s05/s0503/detail/84682384-10d4-4eb6-9d49-356299983813/1""]","[""2026-10-07""]",named_field,01,,null,Environmental Technology and Systems Engineering,环境技术与系统工程,,,Full-time
thu-master-2027-012-080200,1,Tsinghua University,master,2027,current_catalogue,"[""thu-masters-2027""]","[""https://yzbm.tsinghua.edu.cn/publish/s05/s0503/detail/84682384-10d4-4eb6-9d49-356299983813/1""]","[""2026-10-07""]",named_field,01,,null,Tsinghua-Aachen Joint Master's Program,清华-亚琛双硕士学位项目,,,Full-time
thu-master-2027-012-080200,2,Tsinghua University,master,2027,current_catalogue,"[""thu-masters-2027""]","[""https://yzbm.tsinghua.edu.cn/publish/s05/s0503/detail/84682384-10d4-4eb6-9d49-356299983813/1""]","[""2026-10-07""]",named_field,02,,null,Tsinghua-Technische University Berlin Joint Master's Program,清华-柏林工大双硕士学位项目,,,Full-time
thu-master-2027-012-085500,1,Tsinghua University,master,2027,current_catalogue,"[""thu-masters-2027""]","[""https://yzbm.tsinghua.edu.cn/publish/s05/s0503/detail/84682384-10d4-4eb6-9d49-356299983813/1""]","[""2026-10-07""]",named_field,01,,null,Intelligent Equipment Design and Manufacturing,机械专业硕士(智能装备设计与制造),,,Full-time
thu-master-2027-012-085500,2,Tsinghua University,master,2027,current_catalogue,"[""thu-masters-2027""]","[""https://yzbm.tsinghua.edu.cn/publish/s05/s0503/detail/84682384-10d4-4eb6-9d49-356299983813/1""]","[""2026-10-07""]",named_field,02,,null,Intelligent Manufacturing and Robotics,机械专业硕士（智能制造与机器人）,,,Full-time
thu-master-2027-014-080700,1,Tsinghua University,master,2027,current_catalogue,"[""thu-masters-2027""]","[""https://yzbm.tsinghua.edu.cn/publish/s05/s0503/detail/84682384-10d4-4eb6-9d49-356299983813/1""]","[""2026-10-07""]",named_field,01,,null,Tsinghua-Aachen Joint Master’s Program,清华-亚琛双硕士学位项目,,,Full-time
thu-master-2027-014-085800,1,Tsinghua University,master,2027,current_catalogue,"[""thu-masters-2027""]","[""https://yzbm.tsinghua.edu.cn/publish/s05/s0503/detail/84682384-10d4-4eb6-9d49-356299983813/1""]","[""2026-10-07""]",named_field,01,,null,Energy and Power Engineering,能源动力,,,Full-time
thu-master-2027-015-080200,1,Tsinghua University,master,2027,current_catalogue,"[""thu-masters-2027""]","[""https://yzbm.tsinghua.edu.cn/publish/s05/s0503/detail/84682384-10d4-4eb6-9d49-356299983813/1""]","[""2026-10-07""]",named_field,01,,English,Master Program in Vehicle and Mobility,车辆与运载英文项目,,,Full-time
thu-master-2027-015-080200,2,Tsinghua University,master,2027,current_catalogue,"[""thu-masters-2027""]","[""https://yzbm.tsinghua.edu.cn/publish/s05/s0503/detail/84682384-10d4-4eb6-9d49-356299983813/1""]","[""2026-10-07""]",named_field,02,,null,Tsinghua-Aachen Joint Master's Program,清华-亚琛双硕士学位项目,,,Full-time
thu-master-2027-015-080700,1,Tsinghua University,master,2027,current_catalogue,"[""thu-masters-2027""]","[""https://yzbm.tsinghua.edu.cn/publish/s05/s0503/detail/84682384-10d4-4eb6-9d49-356299983813/1""]","[""2026-10-07""]",named_field,01,,English,Master Program in Vehicle and Mobility,车辆与运载英文硕士项目,,,Full-time
thu-master-2027-015-080700,2,Tsinghua University,master,2027,current_catalogue,"[""thu-masters-2027""]","[""https://yzbm.tsinghua.edu.cn/publish/s05/s0503/detail/84682384-10d4-4eb6-9d49-356299983813/1""]","[""2026-10-07""]",named_field,02,,null,Tsinghua-Aachen Joint Master's Program,清华-亚琛双硕士学位项目,,,Full-time
thu-master-2027-015-085500,1,Tsinghua University,master,2027,current_catalogue,"[""thu-masters-2027""]","[""https://yzbm.tsinghua.edu.cn/publish/s05/s0503/detail/84682384-10d4-4eb6-9d49-356299983813/1""]","[""2026-10-07""]",named_field,01,,null,Mechanical Engineering,机械,,,Full-time
thu-master-2027-015-085500,2,Tsinghua University,master,2027,current_catalogue,"[""thu-masters-2027""]","[""https://yzbm.tsinghua.edu.cn/publish/s05/s0503/detail/84682384-10d4-4eb6-9d49-356299983813/1""]","[""2026-10-07""]",named_field,02,,null,Tsinghua –ENSTA Joint Master's Program,清华-法国国立高等先进技术学校双硕士学位项目,,,Full-time
thu-master-2027-015-085800,1,Tsinghua University,master,2027,current_catalogue,"[""thu-masters-2027""]","[""https://yzbm.tsinghua.edu.cn/publish/s05/s0503/detail/84682384-10d4-4eb6-9d49-356299983813/1""]","[""2026-10-07""]",named_field,01,,null,Energy of Power and Engineering,能源动力,,,Full-time
thu-master-2027-016-089904,1,Tsinghua University,master,2027,current_catalogue,"[""thu-masters-2027""]","[""https://yzbm.tsinghua.edu.cn/publish/s05/s0503/detail/84682384-10d4-4eb6-9d49-356299983813/1""]","[""2026-10-07""]",named_field,01,,English,Master's Program in Global Manufacturing and Analytics,全球制造和数据分析英文硕士项目,,,Full-time
thu-master-2027-016-089904,2,Tsinghua University,master,2027,current_catalogue,"[""thu-masters-2027""]","[""https://yzbm.tsinghua.edu.cn/publish/s05/s0503/detail/84682384-10d4-4eb6-9d49-356299983813/1""]","[""2026-10-07""]",named_field,02,,null,Tsinghua-Aachen Joint Master's Program,清华-亚琛双硕士学位项目,,,Full-time
thu-master-2027-016-089904,3,Tsinghua University,master,2027,current_catalogue,"[""thu-masters-2027""]","[""https://yzbm.tsinghua.edu.cn/publish/s05/s0503/detail/84682384-10d4-4eb6-9d49-356299983813/1""]","[""2026-10-07""]",named_field,03,,null,TsinghuaPolitecnico di Milano Joint Degree Program,清华大学-意大利米兰理工大学双学位项目,,,Full-time
thu-master-2027-016-125601,1,Tsinghua University,master,2027,current_catalogue,"[""thu-masters-2027""]","[""https://yzbm.tsinghua.edu.cn/publish/s05/s0503/detail/84682384-10d4-4eb6-9d49-356299983813/1""]","[""2026-10-07""]",named_field,01,,English,International Master of Engineering Management (IMEM) Program,国际工程管理硕士项目,,,Full-time
thu-master-2027-022-085801,1,Tsinghua University,master,2027,current_catalogue,"[""thu-masters-2027""]","[""https://yzbm.tsinghua.edu.cn/publish/s05/s0503/detail/84682384-10d4-4eb6-9d49-356299983813/1""]","[""2026-10-07""]",named_field,01,,null,Electrical Engineering,电气工程,,,Full-time
thu-master-2027-023-085400,1,Tsinghua University,master,2027,current_catalogue,"[""thu-masters-2027""]","[""https://yzbm.tsinghua.edu.cn/publish/s05/s0503/detail/84682384-10d4-4eb6-9d49-356299983813/1""]","[""2026-10-07""]",named_field,01,,Chinese,Electronics and Communication Engineering (Chinese Program),电子与通信工程,,,Full-time
thu-master-2027-023-085400,2,Tsinghua University,master,2027,current_catalogue,"[""thu-masters-2027""]","[""https://yzbm.tsinghua.edu.cn/publish/s05/s0503/detail/84682384-10d4-4eb6-9d49-356299983813/1""]","[""2026-10-07""]",named_field,02,,null,THU-JHU Dual Degree Master Program,“清华-约翰霍普金斯”双硕士项目,,,Full-time
thu-master-2027-023-085400,3,Tsinghua University,master,2027,current_catalogue,"[""thu-masters-2027""]","[""https://yzbm.tsinghua.edu.cn/publish/s05/s0503/detail/84682384-10d4-4eb6-9d49-356299983813/1""]","[""2026-10-07""]",named_field,03,,English,Master of Engineering in Electronic Information (English Program),电子信息硕士项目（英文项目）,,,Full-time
thu-master-2027-024-081200,1,Tsinghua University,master,2027,current_catalogue,"[""thu-masters-2027""]","[""https://yzbm.tsinghua.edu.cn/publish/s05/s0503/detail/84682384-10d4-4eb6-9d49-356299983813/1""]","[""2026-10-07""]",named_field,01,,English,Master in Advanced Computing(English),先进计算英文硕士项目,,,Full-time
thu-master-2027-024-085400,1,Tsinghua University,master,2027,current_catalogue,"[""thu-masters-2027""]","[""https://yzbm.tsinghua.edu.cn/publish/s05/s0503/detail/84682384-10d4-4eb6-9d49-356299983813/1""]","[""2026-10-07""]",named_field,01,,null,Professional Master in Computer Science & Technology,计算机科学与技术专业硕士,,,Full-time
thu-master-2027-025-085400,1,Tsinghua University,master,2027,current_catalogue,"[""thu-masters-2027""]","[""https://yzbm.tsinghua.edu.cn/publish/s05/s0503/detail/84682384-10d4-4eb6-9d49-356299983813/1""]","[""2026-10-07""]",named_field,01,,null,Cybernetics and Intelligence,控制与智能,,,Full-time
thu-master-2027-031-085500,1,Tsinghua University,master,2027,current_catalogue,"[""thu-masters-2027""]","[""https://yzbm.tsinghua.edu.cn/publish/s05/s0503/detail/84682384-10d4-4eb6-9d49-356299983813/1""]","[""2026-10-07""]",named_field,01,,null,Advanced Equipment and Aerospace Vehicle Technology,先进装备与空天飞行器技术专业硕士培养项目,,,Full-time
thu-master-2027-032-085800,1,Tsinghua University,master,2027,current_catalogue,"[""thu-masters-2027""]","[""https://yzbm.tsinghua.edu.cn/publish/s05/s0503/detail/84682384-10d4-4eb6-9d49-356299983813/1""]","[""2026-10-07""]",named_field,01,,null,Nuclear Science + (Nuclear Energy and Nuclear Technology),核科学+(核能与核技术),,,Full-time
thu-master-2027-032-085800,2,Tsinghua University,master,2027,current_catalogue,"[""thu-masters-2027""]","[""https://yzbm.tsinghua.edu.cn/publish/s05/s0503/detail/84682384-10d4-4eb6-9d49-356299983813/1""]","[""2026-10-07""]",named_field,02,,English,International Master's Program in Nuclear Engineering and Management,核电工程与管理国际人才培养专业硕士学位项目,,,Full-time
thu-master-2027-034-085600,1,Tsinghua University,master,2027,current_catalogue,"[""thu-masters-2027""]","[""https://yzbm.tsinghua.edu.cn/publish/s05/s0503/detail/84682384-10d4-4eb6-9d49-356299983813/1""]","[""2026-10-07""]",named_field,01,,null,Materials and Chemical Engineering,绿色低碳化工专业硕士项目,,,Full-time
thu-master-2027-034-086000,1,Tsinghua University,master,2027,current_catalogue,"[""thu-masters-2027""]","[""https://yzbm.tsinghua.edu.cn/publish/s05/s0503/detail/84682384-10d4-4eb6-9d49-356299983813/1""]","[""2026-10-07""]",named_field,01,,null,Biological and Pharmaceutical Engineering,绿色低碳化工专业硕士项目,,,Full-time
thu-master-2027-035-080500,1,Tsinghua University,master,2027,current_catalogue,"[""thu-masters-2027""]","[""https://yzbm.tsinghua.edu.cn/publish/s05/s0503/detail/84682384-10d4-4eb6-9d49-356299983813/1""]","[""2026-10-07""]",named_field,01,,English,International Master Program of Materials Science and Engineering(IMP-MSE),材料科学与工程英文硕士项目,,,Full-time
thu-master-2027-035-080500,2,Tsinghua University,master,2027,current_catalogue,"[""thu-masters-2027""]","[""https://yzbm.tsinghua.edu.cn/publish/s05/s0503/detail/84682384-10d4-4eb6-9d49-356299983813/1""]","[""2026-10-07""]",named_field,02,,null,Science Tokyo Joint Program,东京科学大学联合培养项目,,,Full-time
thu-master-2027-035-085600,1,Tsinghua University,master,2027,current_catalogue,"[""thu-masters-2027""]","[""https://yzbm.tsinghua.edu.cn/publish/s05/s0503/detail/84682384-10d4-4eb6-9d49-356299983813/1""]","[""2026-10-07""]",named_field,01,,null,Advanced Materials,先进材料,,,Full-time
thu-master-2027-047-085400,1,Tsinghua University,master,2027,current_catalogue,"[""thu-masters-2027""]","[""https://yzbm.tsinghua.edu.cn/publish/s05/s0503/detail/84682384-10d4-4eb6-9d49-356299983813/1""]","[""2026-10-07""]",named_field,01,,null,Master of Engineering in Computer Technology,计算机科学与技术专业硕士,,,Full-time
thu-master-2027-051-025100,1,Tsinghua University,master,2027,current_catalogue,"[""thu-masters-2027""]","[""https://yzbm.tsinghua.edu.cn/publish/s05/s0503/detail/84682384-10d4-4eb6-9d49-356299983813/1""]","[""2026-10-07""]",named_field,01,,null,Master of Finance,金融硕士,,,Full-time
thu-master-2027-051-120100,1,Tsinghua University,master,2027,current_catalogue,"[""thu-masters-2027""]","[""https://yzbm.tsinghua.edu.cn/publish/s05/s0503/detail/84682384-10d4-4eb6-9d49-356299983813/1""]","[""2026-10-07""]",named_field,01,,null,Tsinghua-Columbia Dual Master's Degree Program in Business Analytics,清华大学-哥伦比亚大学商务分析双硕士学位项目,,,Full-time
thu-master-2027-051-120200,1,Tsinghua University,master,2027,current_catalogue,"[""thu-masters-2027""]","[""https://yzbm.tsinghua.edu.cn/publish/s05/s0503/detail/84682384-10d4-4eb6-9d49-356299983813/1""]","[""2026-10-07""]",named_field,01,,null,Master in Management,管理硕士,,,Full-time
thu-master-2027-051-125100,1,Tsinghua University,master,2027,current_catalogue,"[""thu-masters-2027""]","[""https://yzbm.tsinghua.edu.cn/publish/s05/s0503/detail/84682384-10d4-4eb6-9d49-356299983813/1""]","[""2026-10-07""]",named_field,01,,English,Tsinghua Global MBA Program,清华全球MBA项目,,,Full-time
thu-master-2027-051-125100,2,Tsinghua University,master,2027,current_catalogue,"[""thu-masters-2027""]","[""https://yzbm.tsinghua.edu.cn/publish/s05/s0503/detail/84682384-10d4-4eb6-9d49-356299983813/1""]","[""2026-10-07""]",named_field,02,,null,Tsinghua MBA Program (General Management),清华综合管理MBA项目,,,Part-time
thu-master-2027-051-125100,3,Tsinghua University,master,2027,current_catalogue,"[""thu-masters-2027""]","[""https://yzbm.tsinghua.edu.cn/publish/s05/s0503/detail/84682384-10d4-4eb6-9d49-356299983813/1""]","[""2026-10-07""]",named_field,04,,null,EMBA,高级管理人员工商管理硕士（EMBA）,,,Part-time
thu-master-2027-051-125100,4,Tsinghua University,master,2027,current_catalogue,"[""thu-masters-2027""]","[""https://yzbm.tsinghua.edu.cn/publish/s05/s0503/detail/84682384-10d4-4eb6-9d49-356299983813/1""]","[""2026-10-07""]",named_field,05,,null,EMBA (Tsinghua-INSEAD Executive MBA Programme),高级管理人员工商管理硕士（TIEMBA）,,,Part-time
thu-master-2027-059-120400,1,Tsinghua University,master,2027,current_catalogue,"[""thu-masters-2027""]","[""https://yzbm.tsinghua.edu.cn/publish/s05/s0503/detail/84682384-10d4-4eb6-9d49-356299983813/1""]","[""2026-10-07""]",named_field,01,,null,Public Policy,公共政策,,,Full-time
thu-master-2027-059-120400,2,Tsinghua University,master,2027,current_catalogue,"[""thu-masters-2027""]","[""https://yzbm.tsinghua.edu.cn/publish/s05/s0503/detail/84682384-10d4-4eb6-9d49-356299983813/1""]","[""2026-10-07""]",named_field,02,,null,Tsinghua- UNIGE Dual Master of Public Policy for Sustainable Development Goals,清华大学-日内瓦大学可持续发展公共政策双硕士学位项目,,,Full-time
thu-master-2027-059-125200,1,Tsinghua University,master,2027,current_catalogue,"[""thu-masters-2027""]","[""https://yzbm.tsinghua.edu.cn/publish/s05/s0503/detail/84682384-10d4-4eb6-9d49-356299983813/1""]","[""2026-10-07""]",named_field,01,,null,Tsinghua-CityUHK MPA-EMBA Dual Degree Program,清华大学-香港城市大学MPA-EMBA双硕士学位项目,,,Part-time
thu-master-2027-059-125200,2,Tsinghua University,master,2027,current_catalogue,"[""thu-masters-2027""]","[""https://yzbm.tsinghua.edu.cn/publish/s05/s0503/detail/84682384-10d4-4eb6-9d49-356299983813/1""]","[""2026-10-07""]",named_field,02,,English,（MIDG）Master of Public Administration in International Development and Goverance,国际发展与治理硕士项目,,,Full-time
thu-master-2027-059-125200,3,Tsinghua University,master,2027,current_catalogue,"[""thu-masters-2027""]","[""https://yzbm.tsinghua.edu.cn/publish/s05/s0503/detail/84682384-10d4-4eb6-9d49-356299983813/1""]","[""2026-10-07""]",named_field,03,,English,(MID)Master of Public Administration in International Development,国际发展硕士项目,,,Full-time
thu-master-2027-059-125200,4,Tsinghua University,master,2027,current_catalogue,"[""thu-masters-2027""]","[""https://yzbm.tsinghua.edu.cn/publish/s05/s0503/detail/84682384-10d4-4eb6-9d49-356299983813/1""]","[""2026-10-07""]",named_field,04,,English,（IMPA）International Master of Public Administration,国际公共管理硕士项目,,,Full-time
thu-master-2027-059-125200,5,Tsinghua University,master,2027,current_catalogue,"[""thu-masters-2027""]","[""https://yzbm.tsinghua.edu.cn/publish/s05/s0503/detail/84682384-10d4-4eb6-9d49-356299983813/1""]","[""2026-10-07""]",named_field,05,,English,(IMPA-BRl)Intemational Master of Public Administration in theBelt and Road Initiative,“一带一路”国际公共管理硕士项目,,,Full-time
thu-master-2027-059-125200,6,Tsinghua University,master,2027,current_catalogue,"[""thu-masters-2027""]","[""https://yzbm.tsinghua.edu.cn/publish/s05/s0503/detail/84682384-10d4-4eb6-9d49-356299983813/1""]","[""2026-10-07""]",named_field,06,,English,(IMPA-FL) International Master of Public Administration for Future Leaders,“未来领袖”国际公共管理硕士项目,,,Full-time
thu-master-2027-064-050200,1,Tsinghua University,master,2027,current_catalogue,"[""thu-masters-2027""]","[""https://yzbm.tsinghua.edu.cn/publish/s05/s0503/detail/84682384-10d4-4eb6-9d49-356299983813/1""]","[""2026-10-07""]",named_field,01,,null,English Language and Literature,英语语言文学,,,Full-time
thu-master-2027-064-050200,2,Tsinghua University,master,2027,current_catalogue,"[""thu-masters-2027""]","[""https://yzbm.tsinghua.edu.cn/publish/s05/s0503/detail/84682384-10d4-4eb6-9d49-356299983813/1""]","[""2026-10-07""]",named_field,02,,null,Linguistics and Applied Linguistics in Foreign Languages,外国语言学及应用语言学,,,Full-time
thu-master-2027-064-050200,3,Tsinghua University,master,2027,current_catalogue,"[""thu-masters-2027""]","[""https://yzbm.tsinghua.edu.cn/publish/s05/s0503/detail/84682384-10d4-4eb6-9d49-356299983813/1""]","[""2026-10-07""]",named_field,03,,null,Japanese Language and Literature,日语语言文学,,,Full-time
thu-master-2027-066-030100,1,Tsinghua University,master,2027,current_catalogue,"[""thu-masters-2027""]","[""https://yzbm.tsinghua.edu.cn/publish/s05/s0503/detail/84682384-10d4-4eb6-9d49-356299983813/1""]","[""2026-10-07""]",named_field,01,,null,Legal Theory,法学理论,,,Full-time
thu-master-2027-066-030100,2,Tsinghua University,master,2027,current_catalogue,"[""thu-masters-2027""]","[""https://yzbm.tsinghua.edu.cn/publish/s05/s0503/detail/84682384-10d4-4eb6-9d49-356299983813/1""]","[""2026-10-07""]",named_field,02,,null,Comparative Law and Legal Cultures,比较法与法文化学,,,Full-time
thu-master-2027-066-030100,3,Tsinghua University,master,2027,current_catalogue,"[""thu-masters-2027""]","[""https://yzbm.tsinghua.edu.cn/publish/s05/s0503/detail/84682384-10d4-4eb6-9d49-356299983813/1""]","[""2026-10-07""]",named_field,03,,null,Constitutional Law and Administrative Law,宪法学与行政法学,,,Full-time
thu-master-2027-066-030100,4,Tsinghua University,master,2027,current_catalogue,"[""thu-masters-2027""]","[""https://yzbm.tsinghua.edu.cn/publish/s05/s0503/detail/84682384-10d4-4eb6-9d49-356299983813/1""]","[""2026-10-07""]",named_field,04,,null,Environmental and Energy Law,环境与能源法学,,,Full-time
thu-master-2027-066-030100,5,Tsinghua University,master,2027,current_catalogue,"[""thu-masters-2027""]","[""https://yzbm.tsinghua.edu.cn/publish/s05/s0503/detail/84682384-10d4-4eb6-9d49-356299983813/1""]","[""2026-10-07""]",named_field,05,,null,Criminal Law,刑法学,,,Full-time
thu-master-2027-066-030100,6,Tsinghua University,master,2027,current_catalogue,"[""thu-masters-2027""]","[""https://yzbm.tsinghua.edu.cn/publish/s05/s0503/detail/84682384-10d4-4eb6-9d49-356299983813/1""]","[""2026-10-07""]",named_field,06,,null,Procedural Law,诉讼法学,,,Full-time
thu-master-2027-066-030100,7,Tsinghua University,master,2027,current_catalogue,"[""thu-masters-2027""]","[""https://yzbm.tsinghua.edu.cn/publish/s05/s0503/detail/84682384-10d4-4eb6-9d49-356299983813/1""]","[""2026-10-07""]",named_field,07,,null,Civil Law and Commercial Law,民商法学,,,Full-time
thu-master-2027-066-030100,8,Tsinghua University,master,2027,current_catalogue,"[""thu-masters-2027""]","[""https://yzbm.tsinghua.edu.cn/publish/s05/s0503/detail/84682384-10d4-4eb6-9d49-356299983813/1""]","[""2026-10-07""]",named_field,08,,null,Economic Law,经济法学,,,Full-time
thu-master-2027-066-030100,9,Tsinghua University,master,2027,current_catalogue,"[""thu-masters-2027""]","[""https://yzbm.tsinghua.edu.cn/publish/s05/s0503/detail/84682384-10d4-4eb6-9d49-356299983813/1""]","[""2026-10-07""]",named_field,09,,null,Intellectual Property Law,知识产权法学,,,Full-time
thu-master-2027-066-030100,10,Tsinghua University,master,2027,current_catalogue,"[""thu-masters-2027""]","[""https://yzbm.tsinghua.edu.cn/publish/s05/s0503/detail/84682384-10d4-4eb6-9d49-356299983813/1""]","[""2026-10-07""]",named_field,10,,null,International Law,国际法学,,,Full-time
thu-master-2027-066-030100,11,Tsinghua University,master,2027,current_catalogue,"[""thu-masters-2027""]","[""https://yzbm.tsinghua.edu.cn/publish/s05/s0503/detail/84682384-10d4-4eb6-9d49-356299983813/1""]","[""2026-10-07""]",named_field,11,,null,International Arbitration and Dispute Settlement,国际仲裁与争端解决,,,Full-time
thu-master-2027-066-035102,1,Tsinghua University,master,2027,current_catalogue,"[""thu-masters-2027""]","[""https://yzbm.tsinghua.edu.cn/publish/s05/s0503/detail/84682384-10d4-4eb6-9d49-356299983813/1""]","[""2026-10-07""]",named_field,01,,English,LL.M. in Chinese Law (English),中国法,,,Full-time
thu-master-2027-066-035102,2,Tsinghua University,master,2027,current_catalogue,"[""thu-masters-2027""]","[""https://yzbm.tsinghua.edu.cn/publish/s05/s0503/detail/84682384-10d4-4eb6-9d49-356299983813/1""]","[""2026-10-07""]",named_field,02,,English,LL.M. in International Arbitration and Dispute Settlement,国际仲裁与争端解决,,,Full-time
thu-master-2027-066-035102,3,Tsinghua University,master,2027,current_catalogue,"[""thu-masters-2027""]","[""https://yzbm.tsinghua.edu.cn/publish/s05/s0503/detail/84682384-10d4-4eb6-9d49-356299983813/1""]","[""2026-10-07""]",named_field,03,,English,LL.M. in Intellectual Property and Innovation Policy,知识产权与创新政策,,,Full-time
thu-master-2027-066-035102,4,Tsinghua University,master,2027,current_catalogue,"[""thu-masters-2027""]","[""https://yzbm.tsinghua.edu.cn/publish/s05/s0503/detail/84682384-10d4-4eb6-9d49-356299983813/1""]","[""2026-10-07""]",named_field,04,,English,LL.M. in Technology Law and Policy,科技法律与政策,,,Full-time
thu-master-2027-067-050300,1,Tsinghua University,master,2027,current_catalogue,"[""thu-masters-2027""]","[""https://yzbm.tsinghua.edu.cn/publish/s05/s0503/detail/84682384-10d4-4eb6-9d49-356299983813/1""]","[""2026-10-07""]",named_field,01,,null,Tsinghua-NTU Global Science Communication Dual Degree Master's Program,全球科技传播双硕士项目,,,Full-time
thu-master-2027-067-055200,1,Tsinghua University,master,2027,current_catalogue,"[""thu-masters-2027""]","[""https://yzbm.tsinghua.edu.cn/publish/s05/s0503/detail/84682384-10d4-4eb6-9d49-356299983813/1""]","[""2026-10-07""]",named_field,01,,English,The Global Business Journalism Program,全球财经新闻英文硕士项目,,,Full-time
thu-master-2027-068-030500,1,Tsinghua University,master,2027,current_catalogue,"[""thu-masters-2027""]","[""https://yzbm.tsinghua.edu.cn/publish/s05/s0503/detail/84682384-10d4-4eb6-9d49-356299983813/1""]","[""2026-10-07""]",named_field,01,,null,Fundamental Principles of Marxism,马克思主义基本原理,,,Full-time
thu-master-2027-068-030500,2,Tsinghua University,master,2027,current_catalogue,"[""thu-masters-2027""]","[""https://yzbm.tsinghua.edu.cn/publish/s05/s0503/detail/84682384-10d4-4eb6-9d49-356299983813/1""]","[""2026-10-07""]",named_field,02,,null,History of Marxist Development,马克思主义发展史,,,Full-time
thu-master-2027-068-030500,3,Tsinghua University,master,2027,current_catalogue,"[""thu-masters-2027""]","[""https://yzbm.tsinghua.edu.cn/publish/s05/s0503/detail/84682384-10d4-4eb6-9d49-356299983813/1""]","[""2026-10-07""]",named_field,03,,null,Study on Sinicization of Marxism,马克思主义中国化研究,,,Full-time
thu-master-2027-068-030500,4,Tsinghua University,master,2027,current_catalogue,"[""thu-masters-2027""]","[""https://yzbm.tsinghua.edu.cn/publish/s05/s0503/detail/84682384-10d4-4eb6-9d49-356299983813/1""]","[""2026-10-07""]",named_field,04,,null,Overseas Marxism Research,国外马克思主义研究,,,Full-time
thu-master-2027-068-030500,5,Tsinghua University,master,2027,current_catalogue,"[""thu-masters-2027""]","[""https://yzbm.tsinghua.edu.cn/publish/s05/s0503/detail/84682384-10d4-4eb6-9d49-356299983813/1""]","[""2026-10-07""]",named_field,05,,null,Studies of Basic Issues in the Chinese Modern and Contemporary History,中国近现代史基本问题研究,,,Full-time
thu-master-2027-068-030500,6,Tsinghua University,master,2027,current_catalogue,"[""thu-masters-2027""]","[""https://yzbm.tsinghua.edu.cn/publish/s05/s0503/detail/84682384-10d4-4eb6-9d49-356299983813/1""]","[""2026-10-07""]",named_field,06,,null,Ideological and Political Education,思想政治教育,,,Full-time
thu-master-2027-068-030500,7,Tsinghua University,master,2027,current_catalogue,"[""thu-masters-2027""]","[""https://yzbm.tsinghua.edu.cn/publish/s05/s0503/detail/84682384-10d4-4eb6-9d49-356299983813/1""]","[""2026-10-07""]",named_field,07,,null,Party Building of the Communist Party of China,党的建设,,,Full-time
thu-master-2027-068-030500,8,Tsinghua University,master,2027,current_catalogue,"[""thu-masters-2027""]","[""https://yzbm.tsinghua.edu.cn/publish/s05/s0503/detail/84682384-10d4-4eb6-9d49-356299983813/1""]","[""2026-10-07""]",named_field,08,,null,Study on Xi Jinping Thought on Socialism with Chinese Characteristics for a New Era,习近平新时代中国特色社会主义思想研究,,,Full-time
thu-master-2027-068-030700,1,Tsinghua University,master,2027,current_catalogue,"[""thu-masters-2027""]","[""https://yzbm.tsinghua.edu.cn/publish/s05/s0503/detail/84682384-10d4-4eb6-9d49-356299983813/1""]","[""2026-10-07""]",named_field,01,,null,The History of the Communist Party of China,中国共产党历史,,,Full-time
thu-master-2027-068-030700,2,Tsinghua University,master,2027,current_catalogue,"[""thu-masters-2027""]","[""https://yzbm.tsinghua.edu.cn/publish/s05/s0503/detail/84682384-10d4-4eb6-9d49-356299983813/1""]","[""2026-10-07""]",named_field,02,,null,Party Building of the Communist Party of China,党的建设,,,Full-time
thu-master-2027-068-030700,3,Tsinghua University,master,2027,current_catalogue,"[""thu-masters-2027""]","[""https://yzbm.tsinghua.edu.cn/publish/s05/s0503/detail/84682384-10d4-4eb6-9d49-356299983813/1""]","[""2026-10-07""]",named_field,03,,null,Theory and Method of History and Party Building of the CPC,中共党史党建理论与方法,,,Full-time
thu-master-2027-068-030700,4,Tsinghua University,master,2027,current_catalogue,"[""thu-masters-2027""]","[""https://yzbm.tsinghua.edu.cn/publish/s05/s0503/detail/84682384-10d4-4eb6-9d49-356299983813/1""]","[""2026-10-07""]",named_field,04,,null,Party Building Practice of the CPC,党的建设实务,,,Full-time
thu-master-2027-069-010100,1,Tsinghua University,master,2027,current_catalogue,"[""thu-masters-2027""]","[""https://yzbm.tsinghua.edu.cn/publish/s05/s0503/detail/84682384-10d4-4eb6-9d49-356299983813/1""]","[""2026-10-07""]",named_field,01,,null,Philosophy of Marxism,马克思主义哲学,,,Full-time
thu-master-2027-069-010100,2,Tsinghua University,master,2027,current_catalogue,"[""thu-masters-2027""]","[""https://yzbm.tsinghua.edu.cn/publish/s05/s0503/detail/84682384-10d4-4eb6-9d49-356299983813/1""]","[""2026-10-07""]",named_field,02,,null,Chinese Philosophy,中国哲学,,,Full-time
thu-master-2027-069-010100,3,Tsinghua University,master,2027,current_catalogue,"[""thu-masters-2027""]","[""https://yzbm.tsinghua.edu.cn/publish/s05/s0503/detail/84682384-10d4-4eb6-9d49-356299983813/1""]","[""2026-10-07""]",named_field,03,,null,Foreign Philosophy,外国哲学,,,Full-time
thu-master-2027-069-010100,4,Tsinghua University,master,2027,current_catalogue,"[""thu-masters-2027""]","[""https://yzbm.tsinghua.edu.cn/publish/s05/s0503/detail/84682384-10d4-4eb6-9d49-356299983813/1""]","[""2026-10-07""]",named_field,04,,null,Ethics,伦理学,,,Full-time
thu-master-2027-069-010100,5,Tsinghua University,master,2027,current_catalogue,"[""thu-masters-2027""]","[""https://yzbm.tsinghua.edu.cn/publish/s05/s0503/detail/84682384-10d4-4eb6-9d49-356299983813/1""]","[""2026-10-07""]",named_field,05,,null,Logic,逻辑学,,,Full-time
thu-master-2027-069-010100,6,Tsinghua University,master,2027,current_catalogue,"[""thu-masters-2027""]","[""https://yzbm.tsinghua.edu.cn/publish/s05/s0503/detail/84682384-10d4-4eb6-9d49-356299983813/1""]","[""2026-10-07""]",named_field,06,,null,Science of Religion,宗教学,,,Full-time
thu-master-2027-069-010100,7,Tsinghua University,master,2027,current_catalogue,"[""thu-masters-2027""]","[""https://yzbm.tsinghua.edu.cn/publish/s05/s0503/detail/84682384-10d4-4eb6-9d49-356299983813/1""]","[""2026-10-07""]",named_field,07,,null,Aesthetics,美学,,,Full-time
thu-master-2027-069-050100,1,Tsinghua University,master,2027,current_catalogue,"[""thu-masters-2027""]","[""https://yzbm.tsinghua.edu.cn/publish/s05/s0503/detail/84682384-10d4-4eb6-9d49-356299983813/1""]","[""2026-10-07""]",named_field,01,,null,Theory of Literature and Art,文艺学,,,Full-time
thu-master-2027-069-050100,2,Tsinghua University,master,2027,current_catalogue,"[""thu-masters-2027""]","[""https://yzbm.tsinghua.edu.cn/publish/s05/s0503/detail/84682384-10d4-4eb6-9d49-356299983813/1""]","[""2026-10-07""]",named_field,02,,null,Linguistics and Applied Linguistics,语言学与应用语言学,,,Full-time
thu-master-2027-069-050100,3,Tsinghua University,master,2027,current_catalogue,"[""thu-masters-2027""]","[""https://yzbm.tsinghua.edu.cn/publish/s05/s0503/detail/84682384-10d4-4eb6-9d49-356299983813/1""]","[""2026-10-07""]",named_field,03,,null,Chinese linguistics and philology,汉语言文字学,,,Full-time
thu-master-2027-069-050100,4,Tsinghua University,master,2027,current_catalogue,"[""thu-masters-2027""]","[""https://yzbm.tsinghua.edu.cn/publish/s05/s0503/detail/84682384-10d4-4eb6-9d49-356299983813/1""]","[""2026-10-07""]",named_field,04,,null,Ancient Chinese Literature,中国古代文学,,,Full-time
thu-master-2027-069-050100,5,Tsinghua University,master,2027,current_catalogue,"[""thu-masters-2027""]","[""https://yzbm.tsinghua.edu.cn/publish/s05/s0503/detail/84682384-10d4-4eb6-9d49-356299983813/1""]","[""2026-10-07""]",named_field,05,,null,Chinese Classical Philology,中国古典文献学,,,Full-time
thu-master-2027-069-050100,6,Tsinghua University,master,2027,current_catalogue,"[""thu-masters-2027""]","[""https://yzbm.tsinghua.edu.cn/publish/s05/s0503/detail/84682384-10d4-4eb6-9d49-356299983813/1""]","[""2026-10-07""]",named_field,06,,null,Modern and Contemporary Chinese Literature,中国现当代文学,,,Full-time
thu-master-2027-069-050100,7,Tsinghua University,master,2027,current_catalogue,"[""thu-masters-2027""]","[""https://yzbm.tsinghua.edu.cn/publish/s05/s0503/detail/84682384-10d4-4eb6-9d49-356299983813/1""]","[""2026-10-07""]",named_field,07,,null,Comparative Literature and World Literature,比较文学与世界文学,,,Full-time
thu-master-2027-069-050100,8,Tsinghua University,master,2027,current_catalogue,"[""thu-masters-2027""]","[""https://yzbm.tsinghua.edu.cn/publish/s05/s0503/detail/84682384-10d4-4eb6-9d49-356299983813/1""]","[""2026-10-07""]",named_field,08,,null,Languages and Literature of Chinese Ethnic Minorities,中国少数民族语言和文献,,,Full-time
thu-master-2027-069-059902,1,Tsinghua University,master,2027,current_catalogue,"[""thu-masters-2027""]","[""https://yzbm.tsinghua.edu.cn/publish/s05/s0503/detail/84682384-10d4-4eb6-9d49-356299983813/1""]","[""2026-10-07""]",named_field,01,,null,Chinese Paleography,古文字学,,,Full-time
thu-master-2027-069-060200,1,Tsinghua University,master,2027,current_catalogue,"[""thu-masters-2027""]","[""https://yzbm.tsinghua.edu.cn/publish/s05/s0503/detail/84682384-10d4-4eb6-9d49-356299983813/1""]","[""2026-10-07""]",named_field,01,,null,Historical Philology,历史文献学,,,Full-time
thu-master-2027-069-060200,2,Tsinghua University,master,2027,current_catalogue,"[""thu-masters-2027""]","[""https://yzbm.tsinghua.edu.cn/publish/s05/s0503/detail/84682384-10d4-4eb6-9d49-356299983813/1""]","[""2026-10-07""]",named_field,02,,null,"Special History (Economic,Intellectual, Social Histories etc.)",专门史,,,Full-time
thu-master-2027-069-060200,3,Tsinghua University,master,2027,current_catalogue,"[""thu-masters-2027""]","[""https://yzbm.tsinghua.edu.cn/publish/s05/s0503/detail/84682384-10d4-4eb6-9d49-356299983813/1""]","[""2026-10-07""]",named_field,03,,null,Modern and Contemporary Chinese History,中国近现代史,,,Full-time
thu-master-2027-069-060200,4,Tsinghua University,master,2027,current_catalogue,"[""thu-masters-2027""]","[""https://yzbm.tsinghua.edu.cn/publish/s05/s0503/detail/84682384-10d4-4eb6-9d49-356299983813/1""]","[""2026-10-07""]",named_field,04,,null,History of Ancient China,中国古代史,,,Full-time
thu-master-2027-069-060300,1,Tsinghua University,master,2027,current_catalogue,"[""thu-masters-2027""]","[""https://yzbm.tsinghua.edu.cn/publish/s05/s0503/detail/84682384-10d4-4eb6-9d49-356299983813/1""]","[""2026-10-07""]",named_field,01,,null,World History,世界史,,,Full-time
thu-master-2027-069-071200,1,Tsinghua University,master,2027,current_catalogue,"[""thu-masters-2027""]","[""https://yzbm.tsinghua.edu.cn/publish/s05/s0503/detail/84682384-10d4-4eb6-9d49-356299983813/1""]","[""2026-10-07""]",named_field,01,,null,History of Western Science and Technology,西方科学技术史,,,Full-time
thu-master-2027-069-071200,2,Tsinghua University,master,2027,current_catalogue,"[""thu-masters-2027""]","[""https://yzbm.tsinghua.edu.cn/publish/s05/s0503/detail/84682384-10d4-4eb6-9d49-356299983813/1""]","[""2026-10-07""]",named_field,02,,null,History of Chinese Science and Technology,中国科学技术史,,,Full-time
thu-master-2027-069-071200,3,Tsinghua University,master,2027,current_catalogue,"[""thu-masters-2027""]","[""https://yzbm.tsinghua.edu.cn/publish/s05/s0503/detail/84682384-10d4-4eb6-9d49-356299983813/1""]","[""2026-10-07""]",named_field,03,,null,Philosophy of Science and Technology,科学哲学与技术哲学,,,Full-time
thu-master-2027-070-020100,1,Tsinghua University,master,2027,current_catalogue,"[""thu-masters-2027""]","[""https://yzbm.tsinghua.edu.cn/publish/s05/s0503/detail/84682384-10d4-4eb6-9d49-356299983813/1""]","[""2026-10-07""]",named_field,01,,null,Political Economy,政治经济学,,,Full-time
thu-master-2027-070-020100,2,Tsinghua University,master,2027,current_catalogue,"[""thu-masters-2027""]","[""https://yzbm.tsinghua.edu.cn/publish/s05/s0503/detail/84682384-10d4-4eb6-9d49-356299983813/1""]","[""2026-10-07""]",named_field,02,,null,Economic History,经济史,,,Full-time
thu-master-2027-070-020100,3,Tsinghua University,master,2027,current_catalogue,"[""thu-masters-2027""]","[""https://yzbm.tsinghua.edu.cn/publish/s05/s0503/detail/84682384-10d4-4eb6-9d49-356299983813/1""]","[""2026-10-07""]",named_field,03,,null,Western Economics,西方经济学,,,Full-time
thu-master-2027-070-030200,1,Tsinghua University,master,2027,current_catalogue,"[""thu-masters-2027""]","[""https://yzbm.tsinghua.edu.cn/publish/s05/s0503/detail/84682384-10d4-4eb6-9d49-356299983813/1""]","[""2026-10-07""]",named_field,01,,null,Political Theory and Method,政治学理论与方法,,,Full-time
thu-master-2027-070-030300,1,Tsinghua University,master,2027,current_catalogue,"[""thu-masters-2027""]","[""https://yzbm.tsinghua.edu.cn/publish/s05/s0503/detail/84682384-10d4-4eb6-9d49-356299983813/1""]","[""2026-10-07""]",named_field,01,,null,Sociology,社会学,,,Full-time
thu-master-2027-070-030300,2,Tsinghua University,master,2027,current_catalogue,"[""thu-masters-2027""]","[""https://yzbm.tsinghua.edu.cn/publish/s05/s0503/detail/84682384-10d4-4eb6-9d49-356299983813/1""]","[""2026-10-07""]",named_field,02,,null,Applied Sociology（Sociology of Science and Technology ）,应用社会学（科学技术社会学）,,,Full-time
thu-master-2027-070-035500,1,Tsinghua University,master,2027,current_catalogue,"[""thu-masters-2027""]","[""https://yzbm.tsinghua.edu.cn/publish/s05/s0503/detail/84682384-10d4-4eb6-9d49-356299983813/1""]","[""2026-10-07""]",named_field,01,,null,Tsinghua-Johns Hopkins SAIS Dual-Degree Master’s Program on Global Politics and Economics,清华大学-约翰·霍普金斯“全球政治与经济”项目,,,Full-time
thu-master-2027-070-035500,2,Tsinghua University,master,2027,current_catalogue,"[""thu-masters-2027""]","[""https://yzbm.tsinghua.edu.cn/publish/s05/s0503/detail/84682384-10d4-4eb6-9d49-356299983813/1""]","[""2026-10-07""]",named_field,02,,English,"Master Program in Chinese Politics,Foreign Policy and International Relations(English)",中国政治、对外政策与国际关系英文硕士项目,,,Full-time
thu-master-2027-070-035500,3,Tsinghua University,master,2027,current_catalogue,"[""thu-masters-2027""]","[""https://yzbm.tsinghua.edu.cn/publish/s05/s0503/detail/84682384-10d4-4eb6-9d49-356299983813/1""]","[""2026-10-07""]",named_field,03,,English,"Master of International Affairs, Global Governance (MIA-GG) Program",全球治理英文硕士项目,,,Part-time
thu-master-2027-070-040300,1,Tsinghua University,master,2027,current_catalogue,"[""thu-masters-2027""]","[""https://yzbm.tsinghua.edu.cn/publish/s05/s0503/detail/84682384-10d4-4eb6-9d49-356299983813/1""]","[""2026-10-07""]",named_field,01,,null,Humane and Sociological Science of Sports,体育人文社会学,,,Full-time
thu-master-2027-070-040300,2,Tsinghua University,master,2027,current_catalogue,"[""thu-masters-2027""]","[""https://yzbm.tsinghua.edu.cn/publish/s05/s0503/detail/84682384-10d4-4eb6-9d49-356299983813/1""]","[""2026-10-07""]",named_field,02,,null,Human Movement Science,运动人体科学,,,Full-time
thu-master-2027-070-040300,3,Tsinghua University,master,2027,current_catalogue,"[""thu-masters-2027""]","[""https://yzbm.tsinghua.edu.cn/publish/s05/s0503/detail/84682384-10d4-4eb6-9d49-356299983813/1""]","[""2026-10-07""]",named_field,03,,null,Theory of Sports Pedagogy and Training,体育教育训练学,,,Full-time
thu-master-2027-070-040300,4,Tsinghua University,master,2027,current_catalogue,"[""thu-masters-2027""]","[""https://yzbm.tsinghua.edu.cn/publish/s05/s0503/detail/84682384-10d4-4eb6-9d49-356299983813/1""]","[""2026-10-07""]",named_field,04,,null,Theory of Traditional Sports,民族传统体育学,,,Full-time
thu-master-2027-070-045200,1,Tsinghua University,master,2027,current_catalogue,"[""thu-masters-2027""]","[""https://yzbm.tsinghua.edu.cn/publish/s05/s0503/detail/84682384-10d4-4eb6-9d49-356299983813/1""]","[""2026-10-07""]",named_field,01 ,,null,Sports Management,体育管理,,,Full-time
thu-master-2027-080-130100,1,Tsinghua University,master,2027,current_catalogue,"[""thu-masters-2027""]","[""https://yzbm.tsinghua.edu.cn/publish/s05/s0503/detail/84682384-10d4-4eb6-9d49-356299983813/1""]","[""2026-10-07""]",named_field,01,,null,Art History,艺术学,,,Full-time
thu-master-2027-080-135600,1,Tsinghua University,master,2027,current_catalogue,"[""thu-masters-2027""]","[""https://yzbm.tsinghua.edu.cn/publish/s05/s0503/detail/84682384-10d4-4eb6-9d49-356299983813/1""]","[""2026-10-07""]",named_field,01,,null,Painting,绘画,,,Full-time
thu-master-2027-080-135600,2,Tsinghua University,master,2027,current_catalogue,"[""thu-masters-2027""]","[""https://yzbm.tsinghua.edu.cn/publish/s05/s0503/detail/84682384-10d4-4eb6-9d49-356299983813/1""]","[""2026-10-07""]",named_field,02,,null,Sculpture,雕塑,,,Full-time
thu-master-2027-080-135600,3,Tsinghua University,master,2027,current_catalogue,"[""thu-masters-2027""]","[""https://yzbm.tsinghua.edu.cn/publish/s05/s0503/detail/84682384-10d4-4eb6-9d49-356299983813/1""]","[""2026-10-07""]",named_field,03,,null,Photography,摄影,,,Full-time
thu-master-2027-080-140300,1,Tsinghua University,master,2027,current_catalogue,"[""thu-masters-2027""]","[""https://yzbm.tsinghua.edu.cn/publish/s05/s0503/detail/84682384-10d4-4eb6-9d49-356299983813/1""]","[""2026-10-07""]",named_field,01,,null,Textile Design,染织艺术设计研究,,,Full-time
thu-master-2027-080-140300,2,Tsinghua University,master,2027,current_catalogue,"[""thu-masters-2027""]","[""https://yzbm.tsinghua.edu.cn/publish/s05/s0503/detail/84682384-10d4-4eb6-9d49-356299983813/1""]","[""2026-10-07""]",named_field,02,,null,Fashion Design,服装艺术设计研究,,,Full-time
thu-master-2027-080-140300,3,Tsinghua University,master,2027,current_catalogue,"[""thu-masters-2027""]","[""https://yzbm.tsinghua.edu.cn/publish/s05/s0503/detail/84682384-10d4-4eb6-9d49-356299983813/1""]","[""2026-10-07""]",named_field,03,,null,Environment Design,环境设计研究,,,Full-time
thu-master-2027-080-140300,4,Tsinghua University,master,2027,current_catalogue,"[""thu-masters-2027""]","[""https://yzbm.tsinghua.edu.cn/publish/s05/s0503/detail/84682384-10d4-4eb6-9d49-356299983813/1""]","[""2026-10-07""]",named_field,04,,null,Ceramic Art ＆ Design,陶瓷艺术设计研究,,,Full-time
thu-master-2027-080-140300,5,Tsinghua University,master,2027,current_catalogue,"[""thu-masters-2027""]","[""https://yzbm.tsinghua.edu.cn/publish/s05/s0503/detail/84682384-10d4-4eb6-9d49-356299983813/1""]","[""2026-10-07""]",named_field,05,,null,Visual Communication Design,视觉传达设计研究,,,Full-time
thu-master-2027-080-140300,6,Tsinghua University,master,2027,current_catalogue,"[""thu-masters-2027""]","[""https://yzbm.tsinghua.edu.cn/publish/s05/s0503/detail/84682384-10d4-4eb6-9d49-356299983813/1""]","[""2026-10-07""]",named_field,06,,null,Information Art Design,信息艺术设计研究,,,Full-time
thu-master-2027-080-140300,7,Tsinghua University,master,2027,current_catalogue,"[""thu-masters-2027""]","[""https://yzbm.tsinghua.edu.cn/publish/s05/s0503/detail/84682384-10d4-4eb6-9d49-356299983813/1""]","[""2026-10-07""]",named_field,07,,null,Animation,动画研究,,,Full-time
thu-master-2027-080-140300,8,Tsinghua University,master,2027,current_catalogue,"[""thu-masters-2027""]","[""https://yzbm.tsinghua.edu.cn/publish/s05/s0503/detail/84682384-10d4-4eb6-9d49-356299983813/1""]","[""2026-10-07""]",named_field,08,,null,Industrial Design,工业设计研究,,,Full-time
thu-master-2027-080-140300,9,Tsinghua University,master,2027,current_catalogue,"[""thu-masters-2027""]","[""https://yzbm.tsinghua.edu.cn/publish/s05/s0503/detail/84682384-10d4-4eb6-9d49-356299983813/1""]","[""2026-10-07""]",named_field,09,,null,Display Design,展示设计研究,,,Full-time
thu-master-2027-080-140300,10,Tsinghua University,master,2027,current_catalogue,"[""thu-masters-2027""]","[""https://yzbm.tsinghua.edu.cn/publish/s05/s0503/detail/84682384-10d4-4eb6-9d49-356299983813/1""]","[""2026-10-07""]",named_field,10,,null,Arts ＆ Crafts,工艺美术研究,,,Full-time
thu-master-2027-080-140300,11,Tsinghua University,master,2027,current_catalogue,"[""thu-masters-2027""]","[""https://yzbm.tsinghua.edu.cn/publish/s05/s0503/detail/84682384-10d4-4eb6-9d49-356299983813/1""]","[""2026-10-07""]",named_field,11,,null,Dual Master Degree in Connected Devices (design major) by Tsinghua University and University of Washington,清华大学-美国华盛顿大学“智慧互联”双硕士学位项目,,,Full-time
thu-master-2027-080-140300,12,Tsinghua University,master,2027,current_catalogue,"[""thu-masters-2027""]","[""https://yzbm.tsinghua.edu.cn/publish/s05/s0503/detail/84682384-10d4-4eb6-9d49-356299983813/1""]","[""2026-10-07""]",named_field,12,,null,Tsinghua University-Politecnico di Milano joint Master‘s Program,清华-米兰理工双硕士学位项目,,,Full-time
thu-master-2027-093-085700,1,Tsinghua University,master,2027,current_catalogue,"[""thu-masters-2027""]","[""https://yzbm.tsinghua.edu.cn/publish/s05/s0503/detail/84682384-10d4-4eb6-9d49-356299983813/1""]","[""2026-10-07""]",named_field,01,,null,Safety Engineering,安全工程,,,Full-time
thu-master-2027-095-045400,1,Tsinghua University,master,2027,current_catalogue,"[""thu-masters-2027""]","[""https://yzbm.tsinghua.edu.cn/publish/s05/s0503/detail/84682384-10d4-4eb6-9d49-356299983813/1""]","[""2026-10-07""]",named_field,01,,English,International Master of Applied Psychology（IMAP）Program,国际应用心理硕士项目,,,Full-time
thu-master-2027-096-105300,1,Tsinghua University,master,2027,current_catalogue,"[""thu-masters-2027""]","[""https://yzbm.tsinghua.edu.cn/publish/s05/s0503/detail/84682384-10d4-4eb6-9d49-356299983813/1""]","[""2026-10-07""]",named_field,01,,English,International Master of Public Health,国际公共卫生硕士,,,Full-time
thu-master-2027-096-105300,2,Tsinghua University,master,2027,current_catalogue,"[""thu-masters-2027""]","[""https://yzbm.tsinghua.edu.cn/publish/s05/s0503/detail/84682384-10d4-4eb6-9d49-356299983813/1""]","[""2026-10-07""]",named_field,02,,English,International Master of Public Health-Global,国际公共卫生硕士-Global,,,Full-time
thu-master-2027-097-1259S1,1,Tsinghua University,master,2027,current_catalogue,"[""thu-masters-2027""]","[""https://yzbm.tsinghua.edu.cn/publish/s05/s0503/detail/84682384-10d4-4eb6-9d49-356299983813/1""]","[""2026-10-07""]",named_field,01,,English,Global Affairs,全球领导力,,,Full-time
thu-master-2027-101-085800,1,Tsinghua University,master,2027,current_catalogue,"[""thu-masters-2027""]","[""https://yzbm.tsinghua.edu.cn/publish/s05/s0503/detail/84682384-10d4-4eb6-9d49-356299983813/1""]","[""2026-10-07""]",named_field,01,,null,Advanced Nuclear and New Energy Engineering,先进核能与新能源工程,,,Full-time
thu-master-2027-101-120100,1,Tsinghua University,master,2027,current_catalogue,"[""thu-masters-2027""]","[""https://yzbm.tsinghua.edu.cn/publish/s05/s0503/detail/84682384-10d4-4eb6-9d49-356299983813/1""]","[""2026-10-07""]",named_field,01,,null,Analysis of Energy System,能源系统分析,,,Full-time
thu-master-2027-101-120100,2,Tsinghua University,master,2027,current_catalogue,"[""thu-masters-2027""]","[""https://yzbm.tsinghua.edu.cn/publish/s05/s0503/detail/84682384-10d4-4eb6-9d49-356299983813/1""]","[""2026-10-07""]",named_field,02,,null,Energy Management and Policy; Climate Change Economics,能源与气候变化经济学,,,Full-time
thu-master-2027-103-040100,1,Tsinghua University,master,2027,current_catalogue,"[""thu-masters-2027""]","[""https://yzbm.tsinghua.edu.cn/publish/s05/s0503/detail/84682384-10d4-4eb6-9d49-356299983813/1""]","[""2026-10-07""]",named_field,01,,null,Foundations of Education,教育学原理,,,Full-time
thu-master-2027-103-040100,2,Tsinghua University,master,2027,current_catalogue,"[""thu-masters-2027""]","[""https://yzbm.tsinghua.edu.cn/publish/s05/s0503/detail/84682384-10d4-4eb6-9d49-356299983813/1""]","[""2026-10-07""]",named_field,02,,null,Higher Education,高等教育学,,,Full-time
thu-master-2027-103-040100,3,Tsinghua University,master,2027,current_catalogue,"[""thu-masters-2027""]","[""https://yzbm.tsinghua.edu.cn/publish/s05/s0503/detail/84682384-10d4-4eb6-9d49-356299983813/1""]","[""2026-10-07""]",named_field,03,,null,Educational Policy ＆ Leadership,教育政策与领导学,,,Full-time
thu-master-2027-103-040100,4,Tsinghua University,master,2027,current_catalogue,"[""thu-masters-2027""]","[""https://yzbm.tsinghua.edu.cn/publish/s05/s0503/detail/84682384-10d4-4eb6-9d49-356299983813/1""]","[""2026-10-07""]",named_field,04,,null,Educational Technology,教育技术学,,,Full-time
thu-master-2027-103-040100,5,Tsinghua University,master,2027,current_catalogue,"[""thu-masters-2027""]","[""https://yzbm.tsinghua.edu.cn/publish/s05/s0503/detail/84682384-10d4-4eb6-9d49-356299983813/1""]","[""2026-10-07""]",named_field,05,,null,Engineering Education,工程教育学,,,Full-time
thu-master-2027-103-040100,6,Tsinghua University,master,2027,current_catalogue,"[""thu-masters-2027""]","[""https://yzbm.tsinghua.edu.cn/publish/s05/s0503/detail/84682384-10d4-4eb6-9d49-356299983813/1""]","[""2026-10-07""]",named_field,06,,null,Graduate Education,研究生教育学,,,Full-time
thu-master-2027-103-040100,7,Tsinghua University,master,2027,current_catalogue,"[""thu-masters-2027""]","[""https://yzbm.tsinghua.edu.cn/publish/s05/s0503/detail/84682384-10d4-4eb6-9d49-356299983813/1""]","[""2026-10-07""]",named_field,07,,null,Future Education ＆ Learning,未来教育与学习,,,Full-time
thu-master-2027-405-085400,1,Tsinghua University,master,2027,current_catalogue,"[""thu-masters-2027""]","[""https://yzbm.tsinghua.edu.cn/publish/s05/s0503/detail/84682384-10d4-4eb6-9d49-356299983813/1""]","[""2026-10-07""]",named_field,01,,null,Electronics and Communication Engineering（Department of Electronic Engineering）,电子信息（电子与通信工程）（电子系）,,,Full-time
thu-master-2027-405-085400,2,Tsinghua University,master,2027,current_catalogue,"[""thu-masters-2027""]","[""https://yzbm.tsinghua.edu.cn/publish/s05/s0503/detail/84682384-10d4-4eb6-9d49-356299983813/1""]","[""2026-10-07""]",named_field,02,,null,Biomedical Engineering（School of Biomedical Engineering）,生物医学工程（生医学院）,,,Full-time
thu-master-2027-405-085400,3,Tsinghua University,master,2027,current_catalogue,"[""thu-masters-2027""]","[""https://yzbm.tsinghua.edu.cn/publish/s05/s0503/detail/84682384-10d4-4eb6-9d49-356299983813/1""]","[""2026-10-07""]",named_field,03,,null,Biomedical Engineering（Department of Engineering Physics）,生物医学工程（工物系）,,,Full-time
thu-master-2027-405-085500,1,Tsinghua University,master,2027,current_catalogue,"[""thu-masters-2027""]","[""https://yzbm.tsinghua.edu.cn/publish/s05/s0503/detail/84682384-10d4-4eb6-9d49-356299983813/1""]","[""2026-10-07""]",named_field,01,,null,Medical Machines（ Department of Mechanical Engineering）,生医机械（机械系）,,,Full-time
thu-master-2027-405-085500,2,Tsinghua University,master,2027,current_catalogue,"[""thu-masters-2027""]","[""https://yzbm.tsinghua.edu.cn/publish/s05/s0503/detail/84682384-10d4-4eb6-9d49-356299983813/1""]","[""2026-10-07""]",named_field,02,,null,Mechanics-Thermophysics-Aerospac（School of Aerospace Engineering）,力热航医工交叉（航院）,,,Full-time
thu-master-2027-405-100200,1,Tsinghua University,master,2027,current_catalogue,"[""thu-masters-2027""]","[""https://yzbm.tsinghua.edu.cn/publish/s05/s0503/detail/84682384-10d4-4eb6-9d49-356299983813/1""]","[""2026-10-07""]",named_field,01,,null,Medical Engineering,医工交叉,,,Full-time
thu-master-2027-405-105100,1,Tsinghua University,master,2027,current_catalogue,"[""thu-masters-2027""]","[""https://yzbm.tsinghua.edu.cn/publish/s05/s0503/detail/84682384-10d4-4eb6-9d49-356299983813/1""]","[""2026-10-07""]",named_field,01,,English,General Practice,全科医学,,,Full-time
thu-master-2027-410-085405,1,Tsinghua University,master,2027,current_catalogue,"[""thu-masters-2027""]","[""https://yzbm.tsinghua.edu.cn/publish/s05/s0503/detail/84682384-10d4-4eb6-9d49-356299983813/1""]","[""2026-10-07""]",named_field,01,,null,AI Software Engineering (Professional Degree),智能软件工程（专业学位）,,,Full-time
thu-master-2027-412-085400,1,Tsinghua University,master,2027,current_catalogue,"[""thu-masters-2027""]","[""https://yzbm.tsinghua.edu.cn/publish/s05/s0503/detail/84682384-10d4-4eb6-9d49-356299983813/1""]","[""2026-10-07""]",named_field,01,,null,Master of Professional Studies in Cybersecurity,网络空间安全专业硕士,,,Full-time
thu-master-2027-415-085800,1,Tsinghua University,master,2027,current_catalogue,"[""thu-masters-2027""]","[""https://yzbm.tsinghua.edu.cn/publish/s05/s0503/detail/84682384-10d4-4eb6-9d49-356299983813/1""]","[""2026-10-07""]",named_field,01,,null,Low-altitude flight and propulsion,低空飞行及动力,,,Full-time
thu-master-2027-500-105300,1,Tsinghua University,master,2027,current_catalogue,"[""thu-masters-2027""]","[""https://yzbm.tsinghua.edu.cn/publish/s05/s0503/detail/84682384-10d4-4eb6-9d49-356299983813/1""]","[""2026-10-07""]",named_field,01,,null,Executive Master of Translational Medicine,高级健康管理与转化医学,,,Part-time
thu-master-2027-502-083100,1,Tsinghua University,master,2027,current_catalogue,"[""thu-masters-2027""]","[""https://yzbm.tsinghua.edu.cn/publish/s05/s0503/detail/84682384-10d4-4eb6-9d49-356299983813/1""]","[""2026-10-07""]",named_field,01,,null,THU-NUS Dual Degree Master Program,清华-新加坡国立大学双硕士学位项目,,,Full-time
thu-master-2027-502-085400,1,Tsinghua University,master,2027,current_catalogue,"[""thu-masters-2027""]","[""https://yzbm.tsinghua.edu.cn/publish/s05/s0503/detail/84682384-10d4-4eb6-9d49-356299983813/1""]","[""2026-10-07""]",named_field,01,,null,Master's Program in Innovative Medical Devices,创新医疗器械项目,,,Full-time
thu-master-2027-502-085400,2,Tsinghua University,master,2027,current_catalogue,"[""thu-masters-2027""]","[""https://yzbm.tsinghua.edu.cn/publish/s05/s0503/detail/84682384-10d4-4eb6-9d49-356299983813/1""]","[""2026-10-07""]",named_field,02,,null,THU-JHU Dual Degree Master Program,清华大学-美国约翰霍普金斯大学双硕士学位项目,,,Full-time
thu-master-2027-599-025100,1,Tsinghua University,master,2027,current_catalogue,"[""thu-masters-2027""]","[""https://yzbm.tsinghua.edu.cn/publish/s05/s0503/detail/84682384-10d4-4eb6-9d49-356299983813/1""]","[""2026-10-07""]",named_field,01,,null,Master of Finance,金融硕士,,,Full-time
thu-master-2027-599-085100,1,Tsinghua University,master,2027,current_catalogue,"[""thu-masters-2027""]","[""https://yzbm.tsinghua.edu.cn/publish/s05/s0503/detail/84682384-10d4-4eb6-9d49-356299983813/1""]","[""2026-10-07""]",named_field,01,,null,Master of Architecture in Future Human Habitats Design,未来人居设计,,,Full-time
thu-master-2027-599-085300,1,Tsinghua University,master,2027,current_catalogue,"[""thu-masters-2027""]","[""https://yzbm.tsinghua.edu.cn/publish/s05/s0503/detail/84682384-10d4-4eb6-9d49-356299983813/1""]","[""2026-10-07""]",named_field,01,,English,Master of Urban Systems in Human Habitats,未来人居项目,,,Full-time
thu-master-2027-599-085400,1,Tsinghua University,master,2027,current_catalogue,"[""thu-masters-2027""]","[""https://yzbm.tsinghua.edu.cn/publish/s05/s0503/detail/84682384-10d4-4eb6-9d49-356299983813/1""]","[""2026-10-07""]",named_field,01,,null,Electronic and Communication Engineering,电子与通信工程,,,Full-time
thu-master-2027-599-085400,2,Tsinghua University,master,2027,current_catalogue,"[""thu-masters-2027""]","[""https://yzbm.tsinghua.edu.cn/publish/s05/s0503/detail/84682384-10d4-4eb6-9d49-356299983813/1""]","[""2026-10-07""]",named_field,02,,null,Integrated Circuits and Systems,集成电路与系统,,,Full-time
thu-master-2027-599-085400,3,Tsinghua University,master,2027,current_catalogue,"[""thu-masters-2027""]","[""https://yzbm.tsinghua.edu.cn/publish/s05/s0503/detail/84682384-10d4-4eb6-9d49-356299983813/1""]","[""2026-10-07""]",named_field,03,,null,Artificial Intelligence,人工智能,,,Full-time
thu-master-2027-599-085400,4,Tsinghua University,master,2027,current_catalogue,"[""thu-masters-2027""]","[""https://yzbm.tsinghua.edu.cn/publish/s05/s0503/detail/84682384-10d4-4eb6-9d49-356299983813/1""]","[""2026-10-07""]",named_field,04,,null,BIO3 Intelligent Medicine and Biotechnology,BIO3智能医学与生物技术,,,Full-time
thu-master-2027-599-085400,5,Tsinghua University,master,2027,current_catalogue,"[""thu-masters-2027""]","[""https://yzbm.tsinghua.edu.cn/publish/s05/s0503/detail/84682384-10d4-4eb6-9d49-356299983813/1""]","[""2026-10-07""]",named_field,05,,null,Interactive Media Design and Technology,互动媒体设计与技术,,,Full-time
thu-master-2027-599-085400,6,Tsinghua University,master,2027,current_catalogue,"[""thu-masters-2027""]","[""https://yzbm.tsinghua.edu.cn/publish/s05/s0503/detail/84682384-10d4-4eb6-9d49-356299983813/1""]","[""2026-10-07""]",named_field,06,,English,Biomedical Engineering and Translational Medicine,生物医学工程与转化医学,,,Full-time
thu-master-2027-599-085400,7,Tsinghua University,master,2027,current_catalogue,"[""thu-masters-2027""]","[""https://yzbm.tsinghua.edu.cn/publish/s05/s0503/detail/84682384-10d4-4eb6-9d49-356299983813/1""]","[""2026-10-07""]",named_field,07,,null,Intelligent Sensing and Instrumentation,智能感知与仪器,,,Full-time
thu-master-2027-599-085400,8,Tsinghua University,master,2027,current_catalogue,"[""thu-masters-2027""]","[""https://yzbm.tsinghua.edu.cn/publish/s05/s0503/detail/84682384-10d4-4eb6-9d49-356299983813/1""]","[""2026-10-07""]",named_field,08,,null,Intelligent Manufacturing,智能制造,,,Full-time
thu-master-2027-599-085400,9,Tsinghua University,master,2027,current_catalogue,"[""thu-masters-2027""]","[""https://yzbm.tsinghua.edu.cn/publish/s05/s0503/detail/84682384-10d4-4eb6-9d49-356299983813/1""]","[""2026-10-07""]",named_field,09,,null,Ocean Technology and Engineering,海洋技术与工程,,,Full-time
thu-master-2027-599-085400,10,Tsinghua University,master,2027,current_catalogue,"[""thu-masters-2027""]","[""https://yzbm.tsinghua.edu.cn/publish/s05/s0503/detail/84682384-10d4-4eb6-9d49-356299983813/1""]","[""2026-10-07""]",named_field,10,,null,Internet+Innovation Design,互联网+创新设计,,,Full-time
thu-master-2027-599-085400,11,Tsinghua University,master,2027,current_catalogue,"[""thu-masters-2027""]","[""https://yzbm.tsinghua.edu.cn/publish/s05/s0503/detail/84682384-10d4-4eb6-9d49-356299983813/1""]","[""2026-10-07""]",named_field,11,,null,Large Model Science and Engineering,大模型科学与工程,,,Full-time
thu-master-2027-599-085400,12,Tsinghua University,master,2027,current_catalogue,"[""thu-masters-2027""]","[""https://yzbm.tsinghua.edu.cn/publish/s05/s0503/detail/84682384-10d4-4eb6-9d49-356299983813/1""]","[""2026-10-07""]",named_field,12,,English,Master's Program in Future Science & Technology and Industry,未来科技与产业项目,,,Full-time
thu-master-2027-599-085400,13,Tsinghua University,master,2027,current_catalogue,"[""thu-masters-2027""]","[""https://yzbm.tsinghua.edu.cn/publish/s05/s0503/detail/84682384-10d4-4eb6-9d49-356299983813/1""]","[""2026-10-07""]",named_field,13,,English,Data Science and Information Technology,数据科学和信息技术,,,Full-time
thu-master-2027-599-085400,14,Tsinghua University,master,2027,current_catalogue,"[""thu-masters-2027""]","[""https://yzbm.tsinghua.edu.cn/publish/s05/s0503/detail/84682384-10d4-4eb6-9d49-356299983813/1""]","[""2026-10-07""]",named_field,14,,null,Low-Altitude Intelligent Information Technology,低空智能信息技术,,,Full-time
thu-master-2027-599-085400,15,Tsinghua University,master,2027,current_catalogue,"[""thu-masters-2027""]","[""https://yzbm.tsinghua.edu.cn/publish/s05/s0503/detail/84682384-10d4-4eb6-9d49-356299983813/1""]","[""2026-10-07""]",named_field,15,,null,Smart Logistics and Industrial Intelligence,智慧物流与工业智能,,,Full-time
thu-master-2027-599-085400,16,Tsinghua University,master,2027,current_catalogue,"[""thu-masters-2027""]","[""https://yzbm.tsinghua.edu.cn/publish/s05/s0503/detail/84682384-10d4-4eb6-9d49-356299983813/1""]","[""2026-10-07""]",named_field,16,,null,AI for Science,人工智能赋能科学,,,Full-time
thu-master-2027-599-085404,1,Tsinghua University,master,2027,current_catalogue,"[""thu-masters-2027""]","[""https://yzbm.tsinghua.edu.cn/publish/s05/s0503/detail/84682384-10d4-4eb6-9d49-356299983813/1""]","[""2026-10-07""]",named_field,01,,null,Computer Technology,计算机技术,,,Full-time
thu-master-2027-599-085411,1,Tsinghua University,master,2027,current_catalogue,"[""thu-masters-2027""]","[""https://yzbm.tsinghua.edu.cn/publish/s05/s0503/detail/84682384-10d4-4eb6-9d49-356299983813/1""]","[""2026-10-07""]",named_field,01,,null,Big Data Technology and Engineering,大数据技术与工程,,,Full-time
thu-master-2027-599-085500,1,Tsinghua University,master,2027,current_catalogue,"[""thu-masters-2027""]","[""https://yzbm.tsinghua.edu.cn/publish/s05/s0503/detail/84682384-10d4-4eb6-9d49-356299983813/1""]","[""2026-10-07""]",named_field,01,,null,Intelligent Manufacturing,智能制造,,,Full-time
thu-master-2027-599-085500,2,Tsinghua University,master,2027,current_catalogue,"[""thu-masters-2027""]","[""https://yzbm.tsinghua.edu.cn/publish/s05/s0503/detail/84682384-10d4-4eb6-9d49-356299983813/1""]","[""2026-10-07""]",named_field,02,,English,Master's Program in Future Science & Technology and Industry,未来科技与产业项目,,,Full-time
thu-master-2027-599-085500,3,Tsinghua University,master,2027,current_catalogue,"[""thu-masters-2027""]","[""https://yzbm.tsinghua.edu.cn/publish/s05/s0503/detail/84682384-10d4-4eb6-9d49-356299983813/1""]","[""2026-10-07""]",named_field,03 ,,English,Intelligent Instrument and Equipment,智能仪器与装备,,,Full-time
thu-master-2027-599-085600,1,Tsinghua University,master,2027,current_catalogue,"[""thu-masters-2027""]","[""https://yzbm.tsinghua.edu.cn/publish/s05/s0503/detail/84682384-10d4-4eb6-9d49-356299983813/1""]","[""2026-10-07""]",named_field,01,,English,Master's Program in Future Science & Technology and Industry,未来科技与产业项目,,,Full-time
thu-master-2027-599-085600,2,Tsinghua University,master,2027,current_catalogue,"[""thu-masters-2027""]","[""https://yzbm.tsinghua.edu.cn/publish/s05/s0503/detail/84682384-10d4-4eb6-9d49-356299983813/1""]","[""2026-10-07""]",named_field,02,,English,Sustainable and Renewable Energy Technology,可持续与新能源技术,,,Full-time
thu-master-2027-599-085600,3,Tsinghua University,master,2027,current_catalogue,"[""thu-masters-2027""]","[""https://yzbm.tsinghua.edu.cn/publish/s05/s0503/detail/84682384-10d4-4eb6-9d49-356299983813/1""]","[""2026-10-07""]",named_field,03,,English,AI for Material Engineering,人工智能材料工程,,,Full-time
thu-master-2027-599-085700,1,Tsinghua University,master,2027,current_catalogue,"[""thu-masters-2027""]","[""https://yzbm.tsinghua.edu.cn/publish/s05/s0503/detail/84682384-10d4-4eb6-9d49-356299983813/1""]","[""2026-10-07""]",named_field,01,,null,Ocean Technology and Engineering,海洋技术与工程,,,Full-time
thu-master-2027-599-085700,2,Tsinghua University,master,2027,current_catalogue,"[""thu-masters-2027""]","[""https://yzbm.tsinghua.edu.cn/publish/s05/s0503/detail/84682384-10d4-4eb6-9d49-356299983813/1""]","[""2026-10-07""]",named_field,02,,English,International Master's Program in Green Environmental Infrastructure,绿色环境基础设施,,,Full-time
thu-master-2027-599-085700,3,Tsinghua University,master,2027,current_catalogue,"[""thu-masters-2027""]","[""https://yzbm.tsinghua.edu.cn/publish/s05/s0503/detail/84682384-10d4-4eb6-9d49-356299983813/1""]","[""2026-10-07""]",named_field,03,,English,Sustainable and Renewable Energy Technology,可持续与新能源技术,,,Full-time
thu-master-2027-599-085801,1,Tsinghua University,master,2027,current_catalogue,"[""thu-masters-2027""]","[""https://yzbm.tsinghua.edu.cn/publish/s05/s0503/detail/84682384-10d4-4eb6-9d49-356299983813/1""]","[""2026-10-07""]",named_field,01,,null,Electrical Engineering,电气工程,,,Full-time
thu-master-2027-599-085900,1,Tsinghua University,master,2027,current_catalogue,"[""thu-masters-2027""]","[""https://yzbm.tsinghua.edu.cn/publish/s05/s0503/detail/84682384-10d4-4eb6-9d49-356299983813/1""]","[""2026-10-07""]",named_field,01,,null,Ocean Technology and Engineering,海洋技术与工程,,,Full-time
thu-master-2027-599-086000,1,Tsinghua University,master,2027,current_catalogue,"[""thu-masters-2027""]","[""https://yzbm.tsinghua.edu.cn/publish/s05/s0503/detail/84682384-10d4-4eb6-9d49-356299983813/1""]","[""2026-10-07""]",named_field,01,,English,Synthetic Biology and Biomanufacturing,合成生物制造,,,Full-time
thu-master-2027-599-120400,1,Tsinghua University,master,2027,current_catalogue,"[""thu-masters-2027""]","[""https://yzbm.tsinghua.edu.cn/publish/s05/s0503/detail/84682384-10d4-4eb6-9d49-356299983813/1""]","[""2026-10-07""]",named_field,01,,null,Hospital Management,医院管理,,,Full-time
thu-master-2027-599-125100,1,Tsinghua University,master,2027,current_catalogue,"[""thu-masters-2027""]","[""https://yzbm.tsinghua.edu.cn/publish/s05/s0503/detail/84682384-10d4-4eb6-9d49-356299983813/1""]","[""2026-10-07""]",named_field,01,,null,Tsinghua Technology Innovation MBA Program,科技创新MBA,,,Part-time
thu-master-2027-599-125300,1,Tsinghua University,master,2027,current_catalogue,"[""thu-masters-2027""]","[""https://yzbm.tsinghua.edu.cn/publish/s05/s0503/detail/84682384-10d4-4eb6-9d49-356299983813/1""]","[""2026-10-07""]",named_field,01,,null,Master Program in Advanced Financial Management and Big Data,高级财务管理与大数据专业硕士项目,,,Part-time
thu-master-2027-599-125604,1,Tsinghua University,master,2027,current_catalogue,"[""thu-masters-2027""]","[""https://yzbm.tsinghua.edu.cn/publish/s05/s0503/detail/84682384-10d4-4eb6-9d49-356299983813/1""]","[""2026-10-07""]",named_field,01,,null,Logistics Engineering and Management,物流工程与管理,,,Full-time
thu-master-2027-599-125604,2,Tsinghua University,master,2027,current_catalogue,"[""thu-masters-2027""]","[""https://yzbm.tsinghua.edu.cn/publish/s05/s0503/detail/84682384-10d4-4eb6-9d49-356299983813/1""]","[""2026-10-07""]",named_field,02,,English,Smart Logistics,智慧物流,,,Full-time
thu-master-2027-599-1258S1,1,Tsinghua University,master,2027,current_catalogue,"[""thu-masters-2027""]","[""https://yzbm.tsinghua.edu.cn/publish/s05/s0503/detail/84682384-10d4-4eb6-9d49-356299983813/1""]","[""2026-10-07""]",named_field,01,,null,Master's Program in Healthcare Administration,医疗管理,,,Part-time
thu-master-2027-599-135700,1,Tsinghua University,master,2027,current_catalogue,"[""thu-masters-2027""]","[""https://yzbm.tsinghua.edu.cn/publish/s05/s0503/detail/84682384-10d4-4eb6-9d49-356299983813/1""]","[""2026-10-07""]",named_field,01,,null,Intelligent Art and Design Innovation,智能艺术创新设计,,,Full-time
thu-master-2027-601-0812J3,1,Tsinghua University,master,2027,current_catalogue,"[""thu-masters-2027""]","[""https://yzbm.tsinghua.edu.cn/publish/s05/s0503/detail/84682384-10d4-4eb6-9d49-356299983813/1""]","[""2026-10-07""]",named_field,01,,null,Connected Devices,智慧互联,,,Full-time
pku-master-2026-cn-00001-025100,1,Peking University,master,2026,prior_cycle_catalogue,"[""pku-master-cn-2026-00001""]","[""https://admission.pku.edu.cn/zsxx/lxszs/lxszyml/2026/ss/zsml_ss_lxs_cn_00001.pdf""]","[""2026-10-07""]",named_field,00,,Chinese,,,不区分研究方向,,Full-time
pku-master-2026-cn-00001-070101,1,Peking University,master,2026,prior_cycle_catalogue,"[""pku-master-cn-2026-00001""]","[""https://admission.pku.edu.cn/zsxx/lxszs/lxszyml/2026/ss/zsml_ss_lxs_cn_00001.pdf""]","[""2026-10-07""]",named_field,01,,Chinese,,,密码学与信息安全,,Full-time
pku-master-2026-cn-00001-070101,2,Peking University,master,2026,prior_cycle_catalogue,"[""pku-master-cn-2026-00001""]","[""https://admission.pku.edu.cn/zsxx/lxszs/lxszyml/2026/ss/zsml_ss_lxs_cn_00001.pdf""]","[""2026-10-07""]",named_field,02,,Chinese,,,代数,,Full-time
pku-master-2026-cn-00001-070101,3,Peking University,master,2026,prior_cycle_catalogue,"[""pku-master-cn-2026-00001""]","[""https://admission.pku.edu.cn/zsxx/lxszs/lxszyml/2026/ss/zsml_ss_lxs_cn_00001.pdf""]","[""2026-10-07""]",named_field,03,,Chinese,,,微分几何,,Full-time
pku-master-2026-cn-00001-070101,4,Peking University,master,2026,prior_cycle_catalogue,"[""pku-master-cn-2026-00001""]","[""https://admission.pku.edu.cn/zsxx/lxszs/lxszyml/2026/ss/zsml_ss_lxs_cn_00001.pdf""]","[""2026-10-07""]",named_field,04,,Chinese,,,拓扑,,Full-time
pku-master-2026-cn-00001-070101,5,Peking University,master,2026,prior_cycle_catalogue,"[""pku-master-cn-2026-00001""]","[""https://admission.pku.edu.cn/zsxx/lxszs/lxszyml/2026/ss/zsml_ss_lxs_cn_00001.pdf""]","[""2026-10-07""]",named_field,05,,Chinese,,,常微分方程,,Full-time
pku-master-2026-cn-00001-070101,6,Peking University,master,2026,prior_cycle_catalogue,"[""pku-master-cn-2026-00001""]","[""https://admission.pku.edu.cn/zsxx/lxszs/lxszyml/2026/ss/zsml_ss_lxs_cn_00001.pdf""]","[""2026-10-07""]",named_field,06,,Chinese,,,动力系统,,Full-time
pku-master-2026-cn-00001-070101,7,Peking University,master,2026,prior_cycle_catalogue,"[""pku-master-cn-2026-00001""]","[""https://admission.pku.edu.cn/zsxx/lxszs/lxszyml/2026/ss/zsml_ss_lxs_cn_00001.pdf""]","[""2026-10-07""]",named_field,07,,Chinese,,,数学物理,,Full-time
pku-master-2026-cn-00001-070101,8,Peking University,master,2026,prior_cycle_catalogue,"[""pku-master-cn-2026-00001""]","[""https://admission.pku.edu.cn/zsxx/lxszs/lxszyml/2026/ss/zsml_ss_lxs_cn_00001.pdf""]","[""2026-10-07""]",named_field,08,,Chinese,,,偏微分方程及其应用,,Full-time
pku-master-2026-cn-00001-070101,9,Peking University,master,2026,prior_cycle_catalogue,"[""pku-master-cn-2026-00001""]","[""https://admission.pku.edu.cn/zsxx/lxszs/lxszyml/2026/ss/zsml_ss_lxs_cn_00001.pdf""]","[""2026-10-07""]",named_field,09,,Chinese,,,调和分析、复分析,,Full-time
pku-master-2026-cn-00001-070101,10,Peking University,master,2026,prior_cycle_catalogue,"[""pku-master-cn-2026-00001""]","[""https://admission.pku.edu.cn/zsxx/lxszs/lxszyml/2026/ss/zsml_ss_lxs_cn_00001.pdf""]","[""2026-10-07""]",named_field,10,,Chinese,,,几何分析,,Full-time
pku-master-2026-cn-00001-070101,11,Peking University,master,2026,prior_cycle_catalogue,"[""pku-master-cn-2026-00001""]","[""https://admission.pku.edu.cn/zsxx/lxszs/lxszyml/2026/ss/zsml_ss_lxs_cn_00001.pdf""]","[""2026-10-07""]",named_field,11,,Chinese,,,数论与代数几何,,Full-time
pku-master-2026-cn-00001-070102,1,Peking University,master,2026,prior_cycle_catalogue,"[""pku-master-cn-2026-00001""]","[""https://admission.pku.edu.cn/zsxx/lxszs/lxszyml/2026/ss/zsml_ss_lxs_cn_00001.pdf""]","[""2026-10-07""]",named_field,00,,Chinese,,,不区分研究方向,,Full-time
pku-master-2026-cn-00001-070103,1,Peking University,master,2026,prior_cycle_catalogue,"[""pku-master-cn-2026-00001""]","[""https://admission.pku.edu.cn/zsxx/lxszs/lxszyml/2026/ss/zsml_ss_lxs_cn_00001.pdf""]","[""2026-10-07""]",named_field,00,,Chinese,,,不区分研究方向,,Full-time
pku-master-2026-cn-00001-070104,1,Peking University,master,2026,prior_cycle_catalogue,"[""pku-master-cn-2026-00001""]","[""https://admission.pku.edu.cn/zsxx/lxszs/lxszyml/2026/ss/zsml_ss_lxs_cn_00001.pdf""]","[""2026-10-07""]",named_field,00,,Chinese,,,不区分研究方向,,Full-time
pku-master-2026-cn-00001-S145300,1,Peking University,master,2026,prior_cycle_catalogue,"[""pku-master-cn-2026-00001""]","[""https://admission.pku.edu.cn/zsxx/lxszs/lxszyml/2026/ss/zsml_ss_lxs_cn_00001.pdf""]","[""2026-10-07""]",named_field,00,,Chinese,,,不区分研究方向,,Full-time
pku-master-2026-cn-00004-070201,1,Peking University,master,2026,prior_cycle_catalogue,"[""pku-master-cn-2026-00004""]","[""https://admission.pku.edu.cn/zsxx/lxszs/lxszyml/2026/ss/zsml_ss_lxs_cn_00004.pdf""]","[""2026-10-07""]",named_field,01,,Chinese,,,粒子物理理论,,Full-time
pku-master-2026-cn-00004-070201,2,Peking University,master,2026,prior_cycle_catalogue,"[""pku-master-cn-2026-00004""]","[""https://admission.pku.edu.cn/zsxx/lxszs/lxszyml/2026/ss/zsml_ss_lxs_cn_00004.pdf""]","[""2026-10-07""]",named_field,02,,Chinese,,,中高能核物理,,Full-time
pku-master-2026-cn-00004-070201,3,Peking University,master,2026,prior_cycle_catalogue,"[""pku-master-cn-2026-00004""]","[""https://admission.pku.edu.cn/zsxx/lxszs/lxszyml/2026/ss/zsml_ss_lxs_cn_00004.pdf""]","[""2026-10-07""]",named_field,03,,Chinese,,,弦论与宇宙学,,Full-time
pku-master-2026-cn-00004-070201,4,Peking University,master,2026,prior_cycle_catalogue,"[""pku-master-cn-2026-00004""]","[""https://admission.pku.edu.cn/zsxx/lxszs/lxszyml/2026/ss/zsml_ss_lxs_cn_00004.pdf""]","[""2026-10-07""]",named_field,04,,Chinese,,,凝聚态理论,,Full-time
pku-master-2026-cn-00004-070201,5,Peking University,master,2026,prior_cycle_catalogue,"[""pku-master-cn-2026-00004""]","[""https://admission.pku.edu.cn/zsxx/lxszs/lxszyml/2026/ss/zsml_ss_lxs_cn_00004.pdf""]","[""2026-10-07""]",named_field,05,,Chinese,,,计算物理,,Full-time
pku-master-2026-cn-00004-070201,6,Peking University,master,2026,prior_cycle_catalogue,"[""pku-master-cn-2026-00004""]","[""https://admission.pku.edu.cn/zsxx/lxszs/lxszyml/2026/ss/zsml_ss_lxs_cn_00004.pdf""]","[""2026-10-07""]",named_field,06,,Chinese,,,物理学基础及量子物理,,Full-time
pku-master-2026-cn-00004-070202,1,Peking University,master,2026,prior_cycle_catalogue,"[""pku-master-cn-2026-00004""]","[""https://admission.pku.edu.cn/zsxx/lxszs/lxszyml/2026/ss/zsml_ss_lxs_cn_00004.pdf""]","[""2026-10-07""]",named_field,01,,Chinese,,,理论核物理,,Full-time
pku-master-2026-cn-00004-070202,2,Peking University,master,2026,prior_cycle_catalogue,"[""pku-master-cn-2026-00004""]","[""https://admission.pku.edu.cn/zsxx/lxszs/lxszyml/2026/ss/zsml_ss_lxs_cn_00004.pdf""]","[""2026-10-07""]",named_field,02,,Chinese,,,实验核物理,,Full-time
pku-master-2026-cn-00004-070202,3,Peking University,master,2026,prior_cycle_catalogue,"[""pku-master-cn-2026-00004""]","[""https://admission.pku.edu.cn/zsxx/lxszs/lxszyml/2026/ss/zsml_ss_lxs_cn_00004.pdf""]","[""2026-10-07""]",named_field,03,,Chinese,,,实验高能物理,,Full-time
pku-master-2026-cn-00004-070202,4,Peking University,master,2026,prior_cycle_catalogue,"[""pku-master-cn-2026-00004""]","[""https://admission.pku.edu.cn/zsxx/lxszs/lxszyml/2026/ss/zsml_ss_lxs_cn_00004.pdf""]","[""2026-10-07""]",named_field,04,,Chinese,,,应用核物理,,Full-time
pku-master-2026-cn-00004-070203,1,Peking University,master,2026,prior_cycle_catalogue,"[""pku-master-cn-2026-00004""]","[""https://admission.pku.edu.cn/zsxx/lxszs/lxszyml/2026/ss/zsml_ss_lxs_cn_00004.pdf""]","[""2026-10-07""]",named_field,01,,Chinese,,,强场物理与阿秒物理,,Full-time
pku-master-2026-cn-00004-070203,2,Peking University,master,2026,prior_cycle_catalogue,"[""pku-master-cn-2026-00004""]","[""https://admission.pku.edu.cn/zsxx/lxszs/lxszyml/2026/ss/zsml_ss_lxs_cn_00004.pdf""]","[""2026-10-07""]",named_field,02,,Chinese,,,分子光电子学与器件物理,,Full-time
pku-master-2026-cn-00004-070203,3,Peking University,master,2026,prior_cycle_catalogue,"[""pku-master-cn-2026-00004""]","[""https://admission.pku.edu.cn/zsxx/lxszs/lxszyml/2026/ss/zsml_ss_lxs_cn_00004.pdf""]","[""2026-10-07""]",named_field,03,,Chinese,,,冷原子量子模拟与量子计算,,Full-time
pku-master-2026-cn-00004-070204,1,Peking University,master,2026,prior_cycle_catalogue,"[""pku-master-cn-2026-00004""]","[""https://admission.pku.edu.cn/zsxx/lxszs/lxszyml/2026/ss/zsml_ss_lxs_cn_00004.pdf""]","[""2026-10-07""]",named_field,01,,Chinese,,,聚变等离子体物理,,Full-time
pku-master-2026-cn-00004-070204,2,Peking University,master,2026,prior_cycle_catalogue,"[""pku-master-cn-2026-00004""]","[""https://admission.pku.edu.cn/zsxx/lxszs/lxszyml/2026/ss/zsml_ss_lxs_cn_00004.pdf""]","[""2026-10-07""]",named_field,02,,Chinese,,,空间与天体等离子体物理,,Full-time
pku-master-2026-cn-00004-070204,3,Peking University,master,2026,prior_cycle_catalogue,"[""pku-master-cn-2026-00004""]","[""https://admission.pku.edu.cn/zsxx/lxszs/lxszyml/2026/ss/zsml_ss_lxs_cn_00004.pdf""]","[""2026-10-07""]",named_field,03,,Chinese,,,计算等离子体物理,,Full-time
pku-master-2026-cn-00004-070204,4,Peking University,master,2026,prior_cycle_catalogue,"[""pku-master-cn-2026-00004""]","[""https://admission.pku.edu.cn/zsxx/lxszs/lxszyml/2026/ss/zsml_ss_lxs_cn_00004.pdf""]","[""2026-10-07""]",named_field,04,,Chinese,,,实验等离子体物理,,Full-time
pku-master-2026-cn-00004-070205,1,Peking University,master,2026,prior_cycle_catalogue,"[""pku-master-cn-2026-00004""]","[""https://admission.pku.edu.cn/zsxx/lxszs/lxszyml/2026/ss/zsml_ss_lxs_cn_00004.pdf""]","[""2026-10-07""]",named_field,01,,Chinese,,,凝聚态理论物理,,Full-time
pku-master-2026-cn-00004-070205,2,Peking University,master,2026,prior_cycle_catalogue,"[""pku-master-cn-2026-00004""]","[""https://admission.pku.edu.cn/zsxx/lxszs/lxszyml/2026/ss/zsml_ss_lxs_cn_00004.pdf""]","[""2026-10-07""]",named_field,02,,Chinese,,,凝聚态计算物理,,Full-time
pku-master-2026-cn-00004-070205,3,Peking University,master,2026,prior_cycle_catalogue,"[""pku-master-cn-2026-00004""]","[""https://admission.pku.edu.cn/zsxx/lxszs/lxszyml/2026/ss/zsml_ss_lxs_cn_00004.pdf""]","[""2026-10-07""]",named_field,03,,Chinese,,,宽禁带半导体物理和器件,,Full-time
pku-master-2026-cn-00004-070205,4,Peking University,master,2026,prior_cycle_catalogue,"[""pku-master-cn-2026-00004""]","[""https://admission.pku.edu.cn/zsxx/lxszs/lxszyml/2026/ss/zsml_ss_lxs_cn_00004.pdf""]","[""2026-10-07""]",named_field,04,,Chinese,,,纳米半导体与半导体光子学,,Full-time
pku-master-2026-cn-00004-070205,5,Peking University,master,2026,prior_cycle_catalogue,"[""pku-master-cn-2026-00004""]","[""https://admission.pku.edu.cn/zsxx/lxszs/lxszyml/2026/ss/zsml_ss_lxs_cn_00004.pdf""]","[""2026-10-07""]",named_field,05,,Chinese,,,微纳光子学及近场微区光谱,,Full-time
pku-master-2026-cn-00004-070205,6,Peking University,master,2026,prior_cycle_catalogue,"[""pku-master-cn-2026-00004""]","[""https://admission.pku.edu.cn/zsxx/lxszs/lxszyml/2026/ss/zsml_ss_lxs_cn_00004.pdf""]","[""2026-10-07""]",named_field,06,,Chinese,,,纳米结构和低维物理,,Full-time
pku-master-2026-cn-00004-070205,7,Peking University,master,2026,prior_cycle_catalogue,"[""pku-master-cn-2026-00004""]","[""https://admission.pku.edu.cn/zsxx/lxszs/lxszyml/2026/ss/zsml_ss_lxs_cn_00004.pdf""]","[""2026-10-07""]",named_field,07,,Chinese,,,高温超导材料、物理与器件,,Full-time
pku-master-2026-cn-00004-070205,8,Peking University,master,2026,prior_cycle_catalogue,"[""pku-master-cn-2026-00004""]","[""https://admission.pku.edu.cn/zsxx/lxszs/lxszyml/2026/ss/zsml_ss_lxs_cn_00004.pdf""]","[""2026-10-07""]",named_field,08,,Chinese,,,磁学与磁性材料,,Full-time
pku-master-2026-cn-00004-070205,9,Peking University,master,2026,prior_cycle_catalogue,"[""pku-master-cn-2026-00004""]","[""https://admission.pku.edu.cn/zsxx/lxszs/lxszyml/2026/ss/zsml_ss_lxs_cn_00004.pdf""]","[""2026-10-07""]",named_field,09,,Chinese,,,低温物理和量子输运,,Full-time
pku-master-2026-cn-00004-070205,10,Peking University,master,2026,prior_cycle_catalogue,"[""pku-master-cn-2026-00004""]","[""https://admission.pku.edu.cn/zsxx/lxszs/lxszyml/2026/ss/zsml_ss_lxs_cn_00004.pdf""]","[""2026-10-07""]",named_field,10,,Chinese,,,超导与强关联电子体系,,Full-time
pku-master-2026-cn-00004-070205,11,Peking University,master,2026,prior_cycle_catalogue,"[""pku-master-cn-2026-00004""]","[""https://admission.pku.edu.cn/zsxx/lxszs/lxszyml/2026/ss/zsml_ss_lxs_cn_00004.pdf""]","[""2026-10-07""]",named_field,11,,Chinese,,,表面物理与化学,,Full-time
pku-master-2026-cn-00004-070205,12,Peking University,master,2026,prior_cycle_catalogue,"[""pku-master-cn-2026-00004""]","[""https://admission.pku.edu.cn/zsxx/lxszs/lxszyml/2026/ss/zsml_ss_lxs_cn_00004.pdf""]","[""2026-10-07""]",named_field,12,,Chinese,,,磁学与自旋电子学,,Full-time
pku-master-2026-cn-00004-070205,13,Peking University,master,2026,prior_cycle_catalogue,"[""pku-master-cn-2026-00004""]","[""https://admission.pku.edu.cn/zsxx/lxszs/lxszyml/2026/ss/zsml_ss_lxs_cn_00004.pdf""]","[""2026-10-07""]",named_field,13,,Chinese,,,冷原子与精密测量,,Full-time
pku-master-2026-cn-00004-070207,1,Peking University,master,2026,prior_cycle_catalogue,"[""pku-master-cn-2026-00004""]","[""https://admission.pku.edu.cn/zsxx/lxszs/lxszyml/2026/ss/zsml_ss_lxs_cn_00004.pdf""]","[""2026-10-07""]",named_field,01,,Chinese,,,超快科学与非线性光学,,Full-time
pku-master-2026-cn-00004-070207,2,Peking University,master,2026,prior_cycle_catalogue,"[""pku-master-cn-2026-00004""]","[""https://admission.pku.edu.cn/zsxx/lxszs/lxszyml/2026/ss/zsml_ss_lxs_cn_00004.pdf""]","[""2026-10-07""]",named_field,02,,Chinese,,,光电功能材料与器件物理,,Full-time
pku-master-2026-cn-00004-070207,3,Peking University,master,2026,prior_cycle_catalogue,"[""pku-master-cn-2026-00004""]","[""https://admission.pku.edu.cn/zsxx/lxszs/lxszyml/2026/ss/zsml_ss_lxs_cn_00004.pdf""]","[""2026-10-07""]",named_field,03,,Chinese,,,量子光学与量子信息,,Full-time
pku-master-2026-cn-00004-070207,4,Peking University,master,2026,prior_cycle_catalogue,"[""pku-master-cn-2026-00004""]","[""https://admission.pku.edu.cn/zsxx/lxszs/lxszyml/2026/ss/zsml_ss_lxs_cn_00004.pdf""]","[""2026-10-07""]",named_field,04,,Chinese,,,介观光学与微纳光子学,,Full-time
pku-master-2026-cn-00004-070220,1,Peking University,master,2026,prior_cycle_catalogue,"[""pku-master-cn-2026-00004""]","[""https://admission.pku.edu.cn/zsxx/lxszs/lxszyml/2026/ss/zsml_ss_lxs_cn_00004.pdf""]","[""2026-10-07""]",named_field,01,,Chinese,,,激光等离子体物理,,Full-time
pku-master-2026-cn-00004-070220,2,Peking University,master,2026,prior_cycle_catalogue,"[""pku-master-cn-2026-00004""]","[""https://admission.pku.edu.cn/zsxx/lxszs/lxszyml/2026/ss/zsml_ss_lxs_cn_00004.pdf""]","[""2026-10-07""]",named_field,02,,Chinese,,,高能量密度物质特性及材料动力学,,Full-time
pku-master-2026-cn-00004-070220,3,Peking University,master,2026,prior_cycle_catalogue,"[""pku-master-cn-2026-00004""]","[""https://admission.pku.edu.cn/zsxx/lxszs/lxszyml/2026/ss/zsml_ss_lxs_cn_00004.pdf""]","[""2026-10-07""]",named_field,03,,Chinese,,,高能量密度流体物理,,Full-time
pku-master-2026-cn-00004-070223,1,Peking University,master,2026,prior_cycle_catalogue,"[""pku-master-cn-2026-00004""]","[""https://admission.pku.edu.cn/zsxx/lxszs/lxszyml/2026/ss/zsml_ss_lxs_cn_00004.pdf""]","[""2026-10-07""]",named_field,01,,Chinese,,,生物物理、物理生物学,,Full-time
pku-master-2026-cn-00004-070223,2,Peking University,master,2026,prior_cycle_catalogue,"[""pku-master-cn-2026-00004""]","[""https://admission.pku.edu.cn/zsxx/lxszs/lxszyml/2026/ss/zsml_ss_lxs_cn_00004.pdf""]","[""2026-10-07""]",named_field,02,,Chinese,,,软物质科学,,Full-time
pku-master-2026-cn-00004-070223,3,Peking University,master,2026,prior_cycle_catalogue,"[""pku-master-cn-2026-00004""]","[""https://admission.pku.edu.cn/zsxx/lxszs/lxszyml/2026/ss/zsml_ss_lxs_cn_00004.pdf""]","[""2026-10-07""]",named_field,03,,Chinese,,,复杂系统与复杂网络,,Full-time
pku-master-2026-cn-00004-070401,1,Peking University,master,2026,prior_cycle_catalogue,"[""pku-master-cn-2026-00004""]","[""https://admission.pku.edu.cn/zsxx/lxszs/lxszyml/2026/ss/zsml_ss_lxs_cn_00004.pdf""]","[""2026-10-07""]",named_field,01,,Chinese,,,宇宙学和星系物理,,Full-time
pku-master-2026-cn-00004-070401,2,Peking University,master,2026,prior_cycle_catalogue,"[""pku-master-cn-2026-00004""]","[""https://admission.pku.edu.cn/zsxx/lxszs/lxszyml/2026/ss/zsml_ss_lxs_cn_00004.pdf""]","[""2026-10-07""]",named_field,02,,Chinese,,,星际介质、恒星和行星,,Full-time
pku-master-2026-cn-00004-070401,3,Peking University,master,2026,prior_cycle_catalogue,"[""pku-master-cn-2026-00004""]","[""https://admission.pku.edu.cn/zsxx/lxszs/lxszyml/2026/ss/zsml_ss_lxs_cn_00004.pdf""]","[""2026-10-07""]",named_field,03,,Chinese,,,引力和高能天体物理,,Full-time
pku-master-2026-cn-00004-070401,4,Peking University,master,2026,prior_cycle_catalogue,"[""pku-master-cn-2026-00004""]","[""https://admission.pku.edu.cn/zsxx/lxszs/lxszyml/2026/ss/zsml_ss_lxs_cn_00004.pdf""]","[""2026-10-07""]",named_field,04,,Chinese,,,粒子与核天体物理,,Full-time
pku-master-2026-cn-00004-070401,5,Peking University,master,2026,prior_cycle_catalogue,"[""pku-master-cn-2026-00004""]","[""https://admission.pku.edu.cn/zsxx/lxszs/lxszyml/2026/ss/zsml_ss_lxs_cn_00004.pdf""]","[""2026-10-07""]",named_field,05,,Chinese,,,天体物理技术及应用,,Full-time
pku-master-2026-cn-00004-070601,1,Peking University,master,2026,prior_cycle_catalogue,"[""pku-master-cn-2026-00004""]","[""https://admission.pku.edu.cn/zsxx/lxszs/lxszyml/2026/ss/zsml_ss_lxs_cn_00004.pdf""]","[""2026-10-07""]",named_field,01,,Chinese,,,大气动力学,,Full-time
pku-master-2026-cn-00004-070601,2,Peking University,master,2026,prior_cycle_catalogue,"[""pku-master-cn-2026-00004""]","[""https://admission.pku.edu.cn/zsxx/lxszs/lxszyml/2026/ss/zsml_ss_lxs_cn_00004.pdf""]","[""2026-10-07""]",named_field,02,,Chinese,,,中小尺度气象学,,Full-time
pku-master-2026-cn-00004-070602,1,Peking University,master,2026,prior_cycle_catalogue,"[""pku-master-cn-2026-00004""]","[""https://admission.pku.edu.cn/zsxx/lxszs/lxszyml/2026/ss/zsml_ss_lxs_cn_00004.pdf""]","[""2026-10-07""]",named_field,01,,Chinese,,,大气辐射和大气遥感,,Full-time
pku-master-2026-cn-00004-070602,2,Peking University,master,2026,prior_cycle_catalogue,"[""pku-master-cn-2026-00004""]","[""https://admission.pku.edu.cn/zsxx/lxszs/lxszyml/2026/ss/zsml_ss_lxs_cn_00004.pdf""]","[""2026-10-07""]",named_field,02,,Chinese,,,云物理和大气化学,,Full-time
pku-master-2026-cn-00004-070602,3,Peking University,master,2026,prior_cycle_catalogue,"[""pku-master-cn-2026-00004""]","[""https://admission.pku.edu.cn/zsxx/lxszs/lxszyml/2026/ss/zsml_ss_lxs_cn_00004.pdf""]","[""2026-10-07""]",named_field,03,,Chinese,,,大气化学与气候,,Full-time
pku-master-2026-cn-00004-070602,4,Peking University,master,2026,prior_cycle_catalogue,"[""pku-master-cn-2026-00004""]","[""https://admission.pku.edu.cn/zsxx/lxszs/lxszyml/2026/ss/zsml_ss_lxs_cn_00004.pdf""]","[""2026-10-07""]",named_field,04,,Chinese,,,大气边界层和大气湍流,,Full-time
pku-master-2026-cn-00004-070621,1,Peking University,master,2026,prior_cycle_catalogue,"[""pku-master-cn-2026-00004""]","[""https://admission.pku.edu.cn/zsxx/lxszs/lxszyml/2026/ss/zsml_ss_lxs_cn_00004.pdf""]","[""2026-10-07""]",named_field,01,,Chinese,,,气候动力学,,Full-time
pku-master-2026-cn-00004-070621,2,Peking University,master,2026,prior_cycle_catalogue,"[""pku-master-cn-2026-00004""]","[""https://admission.pku.edu.cn/zsxx/lxszs/lxszyml/2026/ss/zsml_ss_lxs_cn_00004.pdf""]","[""2026-10-07""]",named_field,02,,Chinese,,,物理海洋学,,Full-time
pku-master-2026-cn-00004-082703,1,Peking University,master,2026,prior_cycle_catalogue,"[""pku-master-cn-2026-00004""]","[""https://admission.pku.edu.cn/zsxx/lxszs/lxszyml/2026/ss/zsml_ss_lxs_cn_00004.pdf""]","[""2026-10-07""]",named_field,01,,Chinese,,,加速器物理与强场物理,,Full-time
pku-master-2026-cn-00004-082703,2,Peking University,master,2026,prior_cycle_catalogue,"[""pku-master-cn-2026-00004""]","[""https://admission.pku.edu.cn/zsxx/lxszs/lxszyml/2026/ss/zsml_ss_lxs_cn_00004.pdf""]","[""2026-10-07""]",named_field,02,,Chinese,,,基于加速器的核技术及应用,,Full-time
pku-master-2026-cn-00004-082720,1,Peking University,master,2026,prior_cycle_catalogue,"[""pku-master-cn-2026-00004""]","[""https://admission.pku.edu.cn/zsxx/lxszs/lxszyml/2026/ss/zsml_ss_lxs_cn_00004.pdf""]","[""2026-10-07""]",named_field,01,,Chinese,,,医学物理与医学影像学,,Full-time
pku-master-2026-cn-00004-082720,2,Peking University,master,2026,prior_cycle_catalogue,"[""pku-master-cn-2026-00004""]","[""https://admission.pku.edu.cn/zsxx/lxszs/lxszyml/2026/ss/zsml_ss_lxs_cn_00004.pdf""]","[""2026-10-07""]",named_field,02,,Chinese,,,放射治疗研究,,Full-time
pku-master-2026-cn-00004-085400,1,Peking University,master,2026,prior_cycle_catalogue,"[""pku-master-cn-2026-00004""]","[""https://admission.pku.edu.cn/zsxx/lxszs/lxszyml/2026/ss/zsml_ss_lxs_cn_00004.pdf""]","[""2026-10-07""]",named_field,01,,Chinese,,,光子技术与应用光学,,Full-time
pku-master-2026-cn-00004-085400,2,Peking University,master,2026,prior_cycle_catalogue,"[""pku-master-cn-2026-00004""]","[""https://admission.pku.edu.cn/zsxx/lxszs/lxszyml/2026/ss/zsml_ss_lxs_cn_00004.pdf""]","[""2026-10-07""]",named_field,02,,Chinese,,,光电材料与器件,,Full-time
pku-master-2026-cn-00004-085400,3,Peking University,master,2026,prior_cycle_catalogue,"[""pku-master-cn-2026-00004""]","[""https://admission.pku.edu.cn/zsxx/lxszs/lxszyml/2026/ss/zsml_ss_lxs_cn_00004.pdf""]","[""2026-10-07""]",named_field,03,,Chinese,,,激光加速器与肿瘤诊疗,,Full-time
pku-master-2026-cn-00126-070501,1,Peking University,master,2026,prior_cycle_catalogue,"[""pku-master-cn-2026-00126""]","[""https://admission.pku.edu.cn/zsxx/lxszs/lxszyml/2026/ss/zsml_ss_lxs_cn_00126.pdf""]","[""2026-10-07""]",named_field,00,,Chinese,,,不区分研究方向,,Full-time
pku-master-2026-cn-00126-070502,1,Peking University,master,2026,prior_cycle_catalogue,"[""pku-master-cn-2026-00126""]","[""https://admission.pku.edu.cn/zsxx/lxszs/lxszyml/2026/ss/zsml_ss_lxs_cn_00126.pdf""]","[""2026-10-07""]",named_field,00,,Chinese,,,不区分研究方向,,Full-time
pku-master-2026-cn-00126-070521,1,Peking University,master,2026,prior_cycle_catalogue,"[""pku-master-cn-2026-00126""]","[""https://admission.pku.edu.cn/zsxx/lxszs/lxszyml/2026/ss/zsml_ss_lxs_cn_00126.pdf""]","[""2026-10-07""]",named_field,00,,Chinese,,,不区分研究方向,,Full-time
pku-master-2026-cn-00126-070526,1,Peking University,master,2026,prior_cycle_catalogue,"[""pku-master-cn-2026-00126""]","[""https://admission.pku.edu.cn/zsxx/lxszs/lxszyml/2026/ss/zsml_ss_lxs_cn_00126.pdf""]","[""2026-10-07""]",named_field,00,,Chinese,,,不区分研究方向,,Full-time
pku-master-2026-cn-00126-071300,1,Peking University,master,2026,prior_cycle_catalogue,"[""pku-master-cn-2026-00126""]","[""https://admission.pku.edu.cn/zsxx/lxszs/lxszyml/2026/ss/zsml_ss_lxs_cn_00126.pdf""]","[""2026-10-07""]",named_field,00,,Chinese,,,不区分研究方向,,Full-time
pku-master-2026-cn-00126-083001,1,Peking University,master,2026,prior_cycle_catalogue,"[""pku-master-cn-2026-00126""]","[""https://admission.pku.edu.cn/zsxx/lxszs/lxszyml/2026/ss/zsml_ss_lxs_cn_00126.pdf""]","[""2026-10-07""]",named_field,00,,Chinese,,,不区分研究方向,,Full-time
pku-master-2026-cn-00012-070802,1,Peking University,master,2026,prior_cycle_catalogue,"[""pku-master-cn-2026-00012""]","[""https://admission.pku.edu.cn/zsxx/lxszs/lxszyml/2026/ss/zsml_ss_lxs_cn_00012.pdf""]","[""2026-10-07""]",named_field,01,,Chinese,,,磁层物理学、空间等离子体物理学、空间环 境学,,Full-time
pku-master-2026-cn-00012-070802,2,Peking University,master,2026,prior_cycle_catalogue,"[""pku-master-cn-2026-00012""]","[""https://admission.pku.edu.cn/zsxx/lxszs/lxszyml/2026/ss/zsml_ss_lxs_cn_00012.pdf""]","[""2026-10-07""]",named_field,02,,Chinese,,,电离层物理学和电波传播,,Full-time
pku-master-2026-cn-00012-070802,3,Peking University,master,2026,prior_cycle_catalogue,"[""pku-master-cn-2026-00012""]","[""https://admission.pku.edu.cn/zsxx/lxszs/lxszyml/2026/ss/zsml_ss_lxs_cn_00012.pdf""]","[""2026-10-07""]",named_field,03,,Chinese,,,太阳与日球层粒子物理,,Full-time
pku-master-2026-cn-00012-070802,4,Peking University,master,2026,prior_cycle_catalogue,"[""pku-master-cn-2026-00012""]","[""https://admission.pku.edu.cn/zsxx/lxszs/lxszyml/2026/ss/zsml_ss_lxs_cn_00012.pdf""]","[""2026-10-07""]",named_field,04,,Chinese,,,太阳大气与太阳风物理,,Full-time
pku-master-2026-cn-00012-070802,5,Peking University,master,2026,prior_cycle_catalogue,"[""pku-master-cn-2026-00012""]","[""https://admission.pku.edu.cn/zsxx/lxszs/lxszyml/2026/ss/zsml_ss_lxs_cn_00012.pdf""]","[""2026-10-07""]",named_field,05,,Chinese,,,行星与小天体物理,,Full-time
pku-master-2026-cn-00012-070802,6,Peking University,master,2026,prior_cycle_catalogue,"[""pku-master-cn-2026-00012""]","[""https://admission.pku.edu.cn/zsxx/lxszs/lxszyml/2026/ss/zsml_ss_lxs_cn_00012.pdf""]","[""2026-10-07""]",named_field,06,,Chinese,,,空间物理和空间环境探测技术,,Full-time
pku-master-2026-cn-00012-070901,1,Peking University,master,2026,prior_cycle_catalogue,"[""pku-master-cn-2026-00012""]","[""https://admission.pku.edu.cn/zsxx/lxszs/lxszyml/2026/ss/zsml_ss_lxs_cn_00012.pdf""]","[""2026-10-07""]",named_field,01,,Chinese,,,岩浆岩石学,,Full-time
pku-master-2026-cn-00012-070901,2,Peking University,master,2026,prior_cycle_catalogue,"[""pku-master-cn-2026-00012""]","[""https://admission.pku.edu.cn/zsxx/lxszs/lxszyml/2026/ss/zsml_ss_lxs_cn_00012.pdf""]","[""2026-10-07""]",named_field,02,,Chinese,,,变质岩石学,,Full-time
pku-master-2026-cn-00012-070901,3,Peking University,master,2026,prior_cycle_catalogue,"[""pku-master-cn-2026-00012""]","[""https://admission.pku.edu.cn/zsxx/lxszs/lxszyml/2026/ss/zsml_ss_lxs_cn_00012.pdf""]","[""2026-10-07""]",named_field,03,,Chinese,,,矿床学,,Full-time
pku-master-2026-cn-00012-070901,4,Peking University,master,2026,prior_cycle_catalogue,"[""pku-master-cn-2026-00012""]","[""https://admission.pku.edu.cn/zsxx/lxszs/lxszyml/2026/ss/zsml_ss_lxs_cn_00012.pdf""]","[""2026-10-07""]",named_field,04,,Chinese,,,矿物学,,Full-time
pku-master-2026-cn-00012-070901,5,Peking University,master,2026,prior_cycle_catalogue,"[""pku-master-cn-2026-00012""]","[""https://admission.pku.edu.cn/zsxx/lxszs/lxszyml/2026/ss/zsml_ss_lxs_cn_00012.pdf""]","[""2026-10-07""]",named_field,05,,Chinese,,,沉积岩石学,,Full-time
pku-master-2026-cn-00012-070902,1,Peking University,master,2026,prior_cycle_catalogue,"[""pku-master-cn-2026-00012""]","[""https://admission.pku.edu.cn/zsxx/lxszs/lxszyml/2026/ss/zsml_ss_lxs_cn_00012.pdf""]","[""2026-10-07""]",named_field,01,,Chinese,,,实验地球化学,,Full-time
pku-master-2026-cn-00012-070902,2,Peking University,master,2026,prior_cycle_catalogue,"[""pku-master-cn-2026-00012""]","[""https://admission.pku.edu.cn/zsxx/lxszs/lxszyml/2026/ss/zsml_ss_lxs_cn_00012.pdf""]","[""2026-10-07""]",named_field,02,,Chinese,,,地质年代学与同位素地球化学,,Full-time
pku-master-2026-cn-00012-070902,3,Peking University,master,2026,prior_cycle_catalogue,"[""pku-master-cn-2026-00012""]","[""https://admission.pku.edu.cn/zsxx/lxszs/lxszyml/2026/ss/zsml_ss_lxs_cn_00012.pdf""]","[""2026-10-07""]",named_field,03,,Chinese,,,矿床地球化学,,Full-time
pku-master-2026-cn-00012-070902,4,Peking University,master,2026,prior_cycle_catalogue,"[""pku-master-cn-2026-00012""]","[""https://admission.pku.edu.cn/zsxx/lxszs/lxszyml/2026/ss/zsml_ss_lxs_cn_00012.pdf""]","[""2026-10-07""]",named_field,04,,Chinese,,,有机地球化学与生物地球化学,,Full-time
pku-master-2026-cn-00012-070902,5,Peking University,master,2026,prior_cycle_catalogue,"[""pku-master-cn-2026-00012""]","[""https://admission.pku.edu.cn/zsxx/lxszs/lxszyml/2026/ss/zsml_ss_lxs_cn_00012.pdf""]","[""2026-10-07""]",named_field,05,,Chinese,,,地球化学,,Full-time
pku-master-2026-cn-00012-070903,1,Peking University,master,2026,prior_cycle_catalogue,"[""pku-master-cn-2026-00012""]","[""https://admission.pku.edu.cn/zsxx/lxszs/lxszyml/2026/ss/zsml_ss_lxs_cn_00012.pdf""]","[""2026-10-07""]",named_field,01,,Chinese,,,演化生物学（古脊椎动物学、古无脊椎动物 学、古植物学）,,Full-time
pku-master-2026-cn-00012-070903,2,Peking University,master,2026,prior_cycle_catalogue,"[""pku-master-cn-2026-00012""]","[""https://admission.pku.edu.cn/zsxx/lxszs/lxszyml/2026/ss/zsml_ss_lxs_cn_00012.pdf""]","[""2026-10-07""]",named_field,02,,Chinese,,,微体古生物学,,Full-time
pku-master-2026-cn-00012-070903,3,Peking University,master,2026,prior_cycle_catalogue,"[""pku-master-cn-2026-00012""]","[""https://admission.pku.edu.cn/zsxx/lxszs/lxszyml/2026/ss/zsml_ss_lxs_cn_00012.pdf""]","[""2026-10-07""]",named_field,03,,Chinese,,,古生态环境学,,Full-time
pku-master-2026-cn-00012-070903,4,Peking University,master,2026,prior_cycle_catalogue,"[""pku-master-cn-2026-00012""]","[""https://admission.pku.edu.cn/zsxx/lxszs/lxszyml/2026/ss/zsml_ss_lxs_cn_00012.pdf""]","[""2026-10-07""]",named_field,04,,Chinese,,,古生物地理学,,Full-time
pku-master-2026-cn-00012-070903,5,Peking University,master,2026,prior_cycle_catalogue,"[""pku-master-cn-2026-00012""]","[""https://admission.pku.edu.cn/zsxx/lxszs/lxszyml/2026/ss/zsml_ss_lxs_cn_00012.pdf""]","[""2026-10-07""]",named_field,05,,Chinese,,,综合地层学,,Full-time
pku-master-2026-cn-00012-070903,6,Peking University,master,2026,prior_cycle_catalogue,"[""pku-master-cn-2026-00012""]","[""https://admission.pku.edu.cn/zsxx/lxszs/lxszyml/2026/ss/zsml_ss_lxs_cn_00012.pdf""]","[""2026-10-07""]",named_field,06,,Chinese,,,沉积地球化学,,Full-time
pku-master-2026-cn-00012-070903,7,Peking University,master,2026,prior_cycle_catalogue,"[""pku-master-cn-2026-00012""]","[""https://admission.pku.edu.cn/zsxx/lxszs/lxszyml/2026/ss/zsml_ss_lxs_cn_00012.pdf""]","[""2026-10-07""]",named_field,07,,Chinese,,,地球生物学,,Full-time
pku-master-2026-cn-00012-070903,8,Peking University,master,2026,prior_cycle_catalogue,"[""pku-master-cn-2026-00012""]","[""https://admission.pku.edu.cn/zsxx/lxszs/lxszyml/2026/ss/zsml_ss_lxs_cn_00012.pdf""]","[""2026-10-07""]",named_field,08,,Chinese,,,天文年代学,,Full-time
pku-master-2026-cn-00012-070903,9,Peking University,master,2026,prior_cycle_catalogue,"[""pku-master-cn-2026-00012""]","[""https://admission.pku.edu.cn/zsxx/lxszs/lxszyml/2026/ss/zsml_ss_lxs_cn_00012.pdf""]","[""2026-10-07""]",named_field,09,,Chinese,,,深时全球变化,,Full-time
pku-master-2026-cn-00012-070903,10,Peking University,master,2026,prior_cycle_catalogue,"[""pku-master-cn-2026-00012""]","[""https://admission.pku.edu.cn/zsxx/lxszs/lxszyml/2026/ss/zsml_ss_lxs_cn_00012.pdf""]","[""2026-10-07""]",named_field,10,,Chinese,,,天体生物学,,Full-time
pku-master-2026-cn-00012-070904,1,Peking University,master,2026,prior_cycle_catalogue,"[""pku-master-cn-2026-00012""]","[""https://admission.pku.edu.cn/zsxx/lxszs/lxszyml/2026/ss/zsml_ss_lxs_cn_00012.pdf""]","[""2026-10-07""]",named_field,01,,Chinese,,,构造地质学,,Full-time
pku-master-2026-cn-00012-070904,2,Peking University,master,2026,prior_cycle_catalogue,"[""pku-master-cn-2026-00012""]","[""https://admission.pku.edu.cn/zsxx/lxszs/lxszyml/2026/ss/zsml_ss_lxs_cn_00012.pdf""]","[""2026-10-07""]",named_field,02,,Chinese,,,区域地质与大地构造学,,Full-time
pku-master-2026-cn-00012-070904,3,Peking University,master,2026,prior_cycle_catalogue,"[""pku-master-cn-2026-00012""]","[""https://admission.pku.edu.cn/zsxx/lxszs/lxszyml/2026/ss/zsml_ss_lxs_cn_00012.pdf""]","[""2026-10-07""]",named_field,03,,Chinese,,,前寒武纪地质学,,Full-time
pku-master-2026-cn-00012-070904,4,Peking University,master,2026,prior_cycle_catalogue,"[""pku-master-cn-2026-00012""]","[""https://admission.pku.edu.cn/zsxx/lxszs/lxszyml/2026/ss/zsml_ss_lxs_cn_00012.pdf""]","[""2026-10-07""]",named_field,04,,Chinese,,,盆地构造与油气构造,,Full-time
pku-master-2026-cn-00012-070904,5,Peking University,master,2026,prior_cycle_catalogue,"[""pku-master-cn-2026-00012""]","[""https://admission.pku.edu.cn/zsxx/lxszs/lxszyml/2026/ss/zsml_ss_lxs_cn_00012.pdf""]","[""2026-10-07""]",named_field,05,,Chinese,,,岩石物理,,Full-time
pku-master-2026-cn-00012-070904,6,Peking University,master,2026,prior_cycle_catalogue,"[""pku-master-cn-2026-00012""]","[""https://admission.pku.edu.cn/zsxx/lxszs/lxszyml/2026/ss/zsml_ss_lxs_cn_00012.pdf""]","[""2026-10-07""]",named_field,06,,Chinese,,,灾害地质学,,Full-time
pku-master-2026-cn-00012-070904,7,Peking University,master,2026,prior_cycle_catalogue,"[""pku-master-cn-2026-00012""]","[""https://admission.pku.edu.cn/zsxx/lxszs/lxszyml/2026/ss/zsml_ss_lxs_cn_00012.pdf""]","[""2026-10-07""]",named_field,07,,Chinese,,,活动构造与地震,,Full-time
pku-master-2026-cn-00012-070904,8,Peking University,master,2026,prior_cycle_catalogue,"[""pku-master-cn-2026-00012""]","[""https://admission.pku.edu.cn/zsxx/lxszs/lxszyml/2026/ss/zsml_ss_lxs_cn_00012.pdf""]","[""2026-10-07""]",named_field,08,,Chinese,,,构造磁学（包括海洋磁学）,,Full-time
pku-master-2026-cn-00012-070904,9,Peking University,master,2026,prior_cycle_catalogue,"[""pku-master-cn-2026-00012""]","[""https://admission.pku.edu.cn/zsxx/lxszs/lxszyml/2026/ss/zsml_ss_lxs_cn_00012.pdf""]","[""2026-10-07""]",named_field,09,,Chinese,,,构造地貌与层圈作用,,Full-time
pku-master-2026-cn-00012-070904,10,Peking University,master,2026,prior_cycle_catalogue,"[""pku-master-cn-2026-00012""]","[""https://admission.pku.edu.cn/zsxx/lxszs/lxszyml/2026/ss/zsml_ss_lxs_cn_00012.pdf""]","[""2026-10-07""]",named_field,10,,Chinese,,,火山与环境,,Full-time
pku-master-2026-cn-00012-070904,11,Peking University,master,2026,prior_cycle_catalogue,"[""pku-master-cn-2026-00012""]","[""https://admission.pku.edu.cn/zsxx/lxszs/lxszyml/2026/ss/zsml_ss_lxs_cn_00012.pdf""]","[""2026-10-07""]",named_field,11,,Chinese,,,地球与行星动力学,,Full-time
pku-master-2026-cn-00012-070904,12,Peking University,master,2026,prior_cycle_catalogue,"[""pku-master-cn-2026-00012""]","[""https://admission.pku.edu.cn/zsxx/lxszs/lxszyml/2026/ss/zsml_ss_lxs_cn_00012.pdf""]","[""2026-10-07""]",named_field,12,,Chinese,,,构造物理与模拟,,Full-time
pku-master-2026-cn-00012-070904,13,Peking University,master,2026,prior_cycle_catalogue,"[""pku-master-cn-2026-00012""]","[""https://admission.pku.edu.cn/zsxx/lxszs/lxszyml/2026/ss/zsml_ss_lxs_cn_00012.pdf""]","[""2026-10-07""]",named_field,13,,Chinese,,,新能源与碳中和地质科学与工程,,Full-time
pku-master-2026-cn-00012-070904,14,Peking University,master,2026,prior_cycle_catalogue,"[""pku-master-cn-2026-00012""]","[""https://admission.pku.edu.cn/zsxx/lxszs/lxszyml/2026/ss/zsml_ss_lxs_cn_00012.pdf""]","[""2026-10-07""]",named_field,14,,Chinese,,,应用地质学(工程、环境、能源等）,,Full-time
pku-master-2026-cn-00012-070920,1,Peking University,master,2026,prior_cycle_catalogue,"[""pku-master-cn-2026-00012""]","[""https://admission.pku.edu.cn/zsxx/lxszs/lxszyml/2026/ss/zsml_ss_lxs_cn_00012.pdf""]","[""2026-10-07""]",named_field,01,,Chinese,,,矿物材料,,Full-time
pku-master-2026-cn-00012-070920,2,Peking University,master,2026,prior_cycle_catalogue,"[""pku-master-cn-2026-00012""]","[""https://admission.pku.edu.cn/zsxx/lxszs/lxszyml/2026/ss/zsml_ss_lxs_cn_00012.pdf""]","[""2026-10-07""]",named_field,02,,Chinese,,,环境矿物学与环境矿物材料,,Full-time
pku-master-2026-cn-00012-070920,3,Peking University,master,2026,prior_cycle_catalogue,"[""pku-master-cn-2026-00012""]","[""https://admission.pku.edu.cn/zsxx/lxszs/lxszyml/2026/ss/zsml_ss_lxs_cn_00012.pdf""]","[""2026-10-07""]",named_field,03,,Chinese,,,矿物工程,,Full-time
pku-master-2026-cn-00012-070920,4,Peking University,master,2026,prior_cycle_catalogue,"[""pku-master-cn-2026-00012""]","[""https://admission.pku.edu.cn/zsxx/lxszs/lxszyml/2026/ss/zsml_ss_lxs_cn_00012.pdf""]","[""2026-10-07""]",named_field,04,,Chinese,,,晶体结构和晶体化学,,Full-time
pku-master-2026-cn-00012-070920,5,Peking University,master,2026,prior_cycle_catalogue,"[""pku-master-cn-2026-00012""]","[""https://admission.pku.edu.cn/zsxx/lxszs/lxszyml/2026/ss/zsml_ss_lxs_cn_00012.pdf""]","[""2026-10-07""]",named_field,05,,Chinese,,,行星矿物学与天体生物学,,Full-time
pku-master-2026-cn-00012-070920,6,Peking University,master,2026,prior_cycle_catalogue,"[""pku-master-cn-2026-00012""]","[""https://admission.pku.edu.cn/zsxx/lxszs/lxszyml/2026/ss/zsml_ss_lxs_cn_00012.pdf""]","[""2026-10-07""]",named_field,06,,Chinese,,,炭-石墨材料,,Full-time
pku-master-2026-cn-00012-070920,7,Peking University,master,2026,prior_cycle_catalogue,"[""pku-master-cn-2026-00012""]","[""https://admission.pku.edu.cn/zsxx/lxszs/lxszyml/2026/ss/zsml_ss_lxs_cn_00012.pdf""]","[""2026-10-07""]",named_field,07,,Chinese,,,矿物与微生物,,Full-time
pku-master-2026-cn-00012-070920,8,Peking University,master,2026,prior_cycle_catalogue,"[""pku-master-cn-2026-00012""]","[""https://admission.pku.edu.cn/zsxx/lxszs/lxszyml/2026/ss/zsml_ss_lxs_cn_00012.pdf""]","[""2026-10-07""]",named_field,08,,Chinese,,,生物矿化,,Full-time
pku-master-2026-cn-00012-070921,1,Peking University,master,2026,prior_cycle_catalogue,"[""pku-master-cn-2026-00012""]","[""https://admission.pku.edu.cn/zsxx/lxszs/lxszyml/2026/ss/zsml_ss_lxs_cn_00012.pdf""]","[""2026-10-07""]",named_field,01,,Chinese,,,含油气盆地构造,,Full-time
pku-master-2026-cn-00012-070921,2,Peking University,master,2026,prior_cycle_catalogue,"[""pku-master-cn-2026-00012""]","[""https://admission.pku.edu.cn/zsxx/lxszs/lxszyml/2026/ss/zsml_ss_lxs_cn_00012.pdf""]","[""2026-10-07""]",named_field,02,,Chinese,,,油气地球物理,,Full-time
pku-master-2026-cn-00012-070921,3,Peking University,master,2026,prior_cycle_catalogue,"[""pku-master-cn-2026-00012""]","[""https://admission.pku.edu.cn/zsxx/lxszs/lxszyml/2026/ss/zsml_ss_lxs_cn_00012.pdf""]","[""2026-10-07""]",named_field,03,,Chinese,,,沉积学及层序地层学,,Full-time
pku-master-2026-cn-00012-070921,4,Peking University,master,2026,prior_cycle_catalogue,"[""pku-master-cn-2026-00012""]","[""https://admission.pku.edu.cn/zsxx/lxszs/lxszyml/2026/ss/zsml_ss_lxs_cn_00012.pdf""]","[""2026-10-07""]",named_field,04,,Chinese,,,油气储层地质,,Full-time
pku-master-2026-cn-00012-070921,5,Peking University,master,2026,prior_cycle_catalogue,"[""pku-master-cn-2026-00012""]","[""https://admission.pku.edu.cn/zsxx/lxszs/lxszyml/2026/ss/zsml_ss_lxs_cn_00012.pdf""]","[""2026-10-07""]",named_field,05,,Chinese,,,油气地球化学,,Full-time
pku-master-2026-cn-00012-070921,6,Peking University,master,2026,prior_cycle_catalogue,"[""pku-master-cn-2026-00012""]","[""https://admission.pku.edu.cn/zsxx/lxszs/lxszyml/2026/ss/zsml_ss_lxs_cn_00012.pdf""]","[""2026-10-07""]",named_field,06,,Chinese,,,油气田勘探与开发,,Full-time
pku-master-2026-cn-00012-070921,7,Peking University,master,2026,prior_cycle_catalogue,"[""pku-master-cn-2026-00012""]","[""https://admission.pku.edu.cn/zsxx/lxszs/lxszyml/2026/ss/zsml_ss_lxs_cn_00012.pdf""]","[""2026-10-07""]",named_field,07,,Chinese,,,页岩油气勘探与开发,,Full-time
pku-master-2026-cn-00012-070921,8,Peking University,master,2026,prior_cycle_catalogue,"[""pku-master-cn-2026-00012""]","[""https://admission.pku.edu.cn/zsxx/lxszs/lxszyml/2026/ss/zsml_ss_lxs_cn_00012.pdf""]","[""2026-10-07""]",named_field,08,,Chinese,,,油气资源评价,,Full-time
pku-master-2026-cn-00012-070921,9,Peking University,master,2026,prior_cycle_catalogue,"[""pku-master-cn-2026-00012""]","[""https://admission.pku.edu.cn/zsxx/lxszs/lxszyml/2026/ss/zsml_ss_lxs_cn_00012.pdf""]","[""2026-10-07""]",named_field,09,,Chinese,,,油气资源利用与碳中和,,Full-time
pku-master-2026-cn-00012-140400,1,Peking University,master,2026,prior_cycle_catalogue,"[""pku-master-cn-2026-00012""]","[""https://admission.pku.edu.cn/zsxx/lxszs/lxszyml/2026/ss/zsml_ss_lxs_cn_00012.pdf""]","[""2026-10-07""]",named_field,01,,Chinese,,,时空大数据,,Full-time
pku-master-2026-cn-00012-140400,2,Peking University,master,2026,prior_cycle_catalogue,"[""pku-master-cn-2026-00012""]","[""https://admission.pku.edu.cn/zsxx/lxszs/lxszyml/2026/ss/zsml_ss_lxs_cn_00012.pdf""]","[""2026-10-07""]",named_field,02,,Chinese,,,定量与智能遥感,,Full-time
pku-master-2026-cn-00016-045400,1,Peking University,master,2026,prior_cycle_catalogue,"[""pku-master-cn-2026-00016""]","[""https://admission.pku.edu.cn/zsxx/lxszs/lxszyml/2026/ss/zsml_ss_lxs_cn_00016.pdf""]","[""2026-10-07""]",named_field,01,,Chinese,,,应用心理学方向,,Part-time
pku-master-2026-cn-00016-045400,2,Peking University,master,2026,prior_cycle_catalogue,"[""pku-master-cn-2026-00016""]","[""https://admission.pku.edu.cn/zsxx/lxszs/lxszyml/2026/ss/zsml_ss_lxs_cn_00016.pdf""]","[""2026-10-07""]",named_field,02,,Chinese,,,临床与健康心理学方向,,Part-time
pku-master-2026-cn-00195-086200,1,Peking University,master,2026,prior_cycle_catalogue,"[""pku-master-cn-2026-00195""]","[""https://admission.pku.edu.cn/zsxx/lxszs/lxszyml/2026/ss/zsml_ss_lxs_cn_00195.pdf""]","[""2026-10-07""]",named_field,00,,Chinese,,,不区分研究方向,,Full-time
pku-master-2026-cn-00107-080900,1,Peking University,master,2026,prior_cycle_catalogue,"[""pku-master-cn-2026-00107""]","[""https://admission.pku.edu.cn/zsxx/lxszs/lxszyml/2026/ss/zsml_ss_lxs_cn_00107.pdf""]","[""2026-10-07""]",named_field,01,,Chinese,,,纳电子器件,,Full-time
pku-master-2026-cn-00107-080900,2,Peking University,master,2026,prior_cycle_catalogue,"[""pku-master-cn-2026-00107""]","[""https://admission.pku.edu.cn/zsxx/lxszs/lxszyml/2026/ss/zsml_ss_lxs_cn_00107.pdf""]","[""2026-10-07""]",named_field,02,,Chinese,,,量子技术,,Full-time
pku-master-2026-cn-00107-080900,3,Peking University,master,2026,prior_cycle_catalogue,"[""pku-master-cn-2026-00107""]","[""https://admission.pku.edu.cn/zsxx/lxszs/lxszyml/2026/ss/zsml_ss_lxs_cn_00107.pdf""]","[""2026-10-07""]",named_field,03,,Chinese,,,智能电路与感知系统,,Full-time
pku-master-2026-cn-00107-080900,4,Peking University,master,2026,prior_cycle_catalogue,"[""pku-master-cn-2026-00107""]","[""https://admission.pku.edu.cn/zsxx/lxszs/lxszyml/2026/ss/zsml_ss_lxs_cn_00107.pdf""]","[""2026-10-07""]",named_field,04,,Chinese,,,智能电磁技术与应用,,Full-time
pku-master-2026-cn-00107-081000,1,Peking University,master,2026,prior_cycle_catalogue,"[""pku-master-cn-2026-00107""]","[""https://admission.pku.edu.cn/zsxx/lxszs/lxszyml/2026/ss/zsml_ss_lxs_cn_00107.pdf""]","[""2026-10-07""]",named_field,01,,Chinese,,,光通信系统与网络,,Full-time
pku-master-2026-cn-00107-081000,2,Peking University,master,2026,prior_cycle_catalogue,"[""pku-master-cn-2026-00107""]","[""https://admission.pku.edu.cn/zsxx/lxszs/lxszyml/2026/ss/zsml_ss_lxs_cn_00107.pdf""]","[""2026-10-07""]",named_field,02,,Chinese,,,光电子器件及集成芯片,,Full-time
pku-master-2026-cn-00107-081000,3,Peking University,master,2026,prior_cycle_catalogue,"[""pku-master-cn-2026-00107""]","[""https://admission.pku.edu.cn/zsxx/lxszs/lxszyml/2026/ss/zsml_ss_lxs_cn_00107.pdf""]","[""2026-10-07""]",named_field,03,,Chinese,,,卫星与空间通信,,Full-time
pku-master-2026-cn-00107-081000,4,Peking University,master,2026,prior_cycle_catalogue,"[""pku-master-cn-2026-00107""]","[""https://admission.pku.edu.cn/zsxx/lxszs/lxszyml/2026/ss/zsml_ss_lxs_cn_00107.pdf""]","[""2026-10-07""]",named_field,04,,Chinese,,,智能通信与信号处理,,Full-time
pku-master-2026-cn-00101-081200,1,Peking University,master,2026,prior_cycle_catalogue,"[""pku-master-cn-2026-00101""]","[""https://admission.pku.edu.cn/zsxx/lxszs/lxszyml/2026/ss/zsml_ss_lxs_cn_00101.pdf""]","[""2026-10-07""]",named_field,01,,Chinese,,,计算理论,,Full-time
pku-master-2026-cn-00101-081200,2,Peking University,master,2026,prior_cycle_catalogue,"[""pku-master-cn-2026-00101""]","[""https://admission.pku.edu.cn/zsxx/lxszs/lxszyml/2026/ss/zsml_ss_lxs_cn_00101.pdf""]","[""2026-10-07""]",named_field,02,,Chinese,,,软件工程,,Full-time
pku-master-2026-cn-00101-081200,3,Peking University,master,2026,prior_cycle_catalogue,"[""pku-master-cn-2026-00101""]","[""https://admission.pku.edu.cn/zsxx/lxszs/lxszyml/2026/ss/zsml_ss_lxs_cn_00101.pdf""]","[""2026-10-07""]",named_field,03,,Chinese,,,系统软件,,Full-time
pku-master-2026-cn-00101-081200,4,Peking University,master,2026,prior_cycle_catalogue,"[""pku-master-cn-2026-00101""]","[""https://admission.pku.edu.cn/zsxx/lxszs/lxszyml/2026/ss/zsml_ss_lxs_cn_00101.pdf""]","[""2026-10-07""]",named_field,04,,Chinese,,,数据库与大数据,,Full-time
pku-master-2026-cn-00101-081200,5,Peking University,master,2026,prior_cycle_catalogue,"[""pku-master-cn-2026-00101""]","[""https://admission.pku.edu.cn/zsxx/lxszs/lxszyml/2026/ss/zsml_ss_lxs_cn_00101.pdf""]","[""2026-10-07""]",named_field,05,,Chinese,,,计算机视觉与多媒体,,Full-time
pku-master-2026-cn-00101-081200,6,Peking University,master,2026,prior_cycle_catalogue,"[""pku-master-cn-2026-00101""]","[""https://admission.pku.edu.cn/zsxx/lxszs/lxszyml/2026/ss/zsml_ss_lxs_cn_00101.pdf""]","[""2026-10-07""]",named_field,06,,Chinese,,,计算机安全,,Full-time
pku-master-2026-cn-00101-081200,7,Peking University,master,2026,prior_cycle_catalogue,"[""pku-master-cn-2026-00101""]","[""https://admission.pku.edu.cn/zsxx/lxszs/lxszyml/2026/ss/zsml_ss_lxs_cn_00101.pdf""]","[""2026-10-07""]",named_field,07,,Chinese,,,计算机网络,,Full-time
pku-master-2026-cn-00101-081200,8,Peking University,master,2026,prior_cycle_catalogue,"[""pku-master-cn-2026-00101""]","[""https://admission.pku.edu.cn/zsxx/lxszs/lxszyml/2026/ss/zsml_ss_lxs_cn_00101.pdf""]","[""2026-10-07""]",named_field,08,,Chinese,,,计算机体系结构,,Full-time
pku-master-2026-cn-00101-081200,9,Peking University,master,2026,prior_cycle_catalogue,"[""pku-master-cn-2026-00101""]","[""https://admission.pku.edu.cn/zsxx/lxszs/lxszyml/2026/ss/zsml_ss_lxs_cn_00101.pdf""]","[""2026-10-07""]",named_field,09,,Chinese,,,人工智能,,Full-time
pku-master-2026-cn-00101-081200,10,Peking University,master,2026,prior_cycle_catalogue,"[""pku-master-cn-2026-00101""]","[""https://admission.pku.edu.cn/zsxx/lxszs/lxszyml/2026/ss/zsml_ss_lxs_cn_00101.pdf""]","[""2026-10-07""]",named_field,10,,Chinese,,,自然语言处理,,Full-time
pku-master-2026-cn-00101-081200,11,Peking University,master,2026,prior_cycle_catalogue,"[""pku-master-cn-2026-00101""]","[""https://admission.pku.edu.cn/zsxx/lxszs/lxszyml/2026/ss/zsml_ss_lxs_cn_00101.pdf""]","[""2026-10-07""]",named_field,11,,Chinese,,,普适计算与人机交互,,Full-time
pku-master-2026-cn-00101-081200,12,Peking University,master,2026,prior_cycle_catalogue,"[""pku-master-cn-2026-00101""]","[""https://admission.pku.edu.cn/zsxx/lxszs/lxszyml/2026/ss/zsml_ss_lxs_cn_00101.pdf""]","[""2026-10-07""]",named_field,12,,Chinese,,,程序设计语言,,Full-time
pku-master-2026-cn-00101-081200,13,Peking University,master,2026,prior_cycle_catalogue,"[""pku-master-cn-2026-00101""]","[""https://admission.pku.edu.cn/zsxx/lxszs/lxszyml/2026/ss/zsml_ss_lxs_cn_00101.pdf""]","[""2026-10-07""]",named_field,13,,Chinese,,,高性能计算,,Full-time
pku-master-2026-cn-00101-081200,14,Peking University,master,2026,prior_cycle_catalogue,"[""pku-master-cn-2026-00101""]","[""https://admission.pku.edu.cn/zsxx/lxszs/lxszyml/2026/ss/zsml_ss_lxs_cn_00101.pdf""]","[""2026-10-07""]",named_field,14,,Chinese,,,计算机图形学,,Full-time
pku-master-2026-cn-00100-140100,1,Peking University,master,2026,prior_cycle_catalogue,"[""pku-master-cn-2026-00100""]","[""https://admission.pku.edu.cn/zsxx/lxszs/lxszyml/2026/ss/zsml_ss_lxs_cn_00100.pdf""]","[""2026-10-07""]",named_field,01,,Chinese,,,集成微纳电子,,Full-time
pku-master-2026-cn-00100-140100,2,Peking University,master,2026,prior_cycle_catalogue,"[""pku-master-cn-2026-00100""]","[""https://admission.pku.edu.cn/zsxx/lxszs/lxszyml/2026/ss/zsml_ss_lxs_cn_00100.pdf""]","[""2026-10-07""]",named_field,02,,Chinese,,,集成电路设计,,Full-time
pku-master-2026-cn-00100-140100,3,Peking University,master,2026,prior_cycle_catalogue,"[""pku-master-cn-2026-00100""]","[""https://admission.pku.edu.cn/zsxx/lxszs/lxszyml/2026/ss/zsml_ss_lxs_cn_00100.pdf""]","[""2026-10-07""]",named_field,03,,Chinese,,,集成微纳系统,,Full-time
pku-master-2026-cn-00106-140500,1,Peking University,master,2026,prior_cycle_catalogue,"[""pku-master-cn-2026-00106""]","[""https://admission.pku.edu.cn/zsxx/lxszs/lxszyml/2026/ss/zsml_ss_lxs_cn_00106.pdf""]","[""2026-10-07""]",named_field,01,,Chinese,,,计算机视觉,,Full-time
pku-master-2026-cn-00106-140500,2,Peking University,master,2026,prior_cycle_catalogue,"[""pku-master-cn-2026-00106""]","[""https://admission.pku.edu.cn/zsxx/lxszs/lxszyml/2026/ss/zsml_ss_lxs_cn_00106.pdf""]","[""2026-10-07""]",named_field,02,,Chinese,,,机器学习,,Full-time
pku-master-2026-cn-00106-140500,3,Peking University,master,2026,prior_cycle_catalogue,"[""pku-master-cn-2026-00106""]","[""https://admission.pku.edu.cn/zsxx/lxszs/lxszyml/2026/ss/zsml_ss_lxs_cn_00106.pdf""]","[""2026-10-07""]",named_field,03,,Chinese,,,自然语言处理,,Full-time
pku-master-2026-cn-00106-140500,4,Peking University,master,2026,prior_cycle_catalogue,"[""pku-master-cn-2026-00106""]","[""https://admission.pku.edu.cn/zsxx/lxszs/lxszyml/2026/ss/zsml_ss_lxs_cn_00106.pdf""]","[""2026-10-07""]",named_field,04,,Chinese,,,认知推理,,Full-time
pku-master-2026-cn-00106-140500,5,Peking University,master,2026,prior_cycle_catalogue,"[""pku-master-cn-2026-00106""]","[""https://admission.pku.edu.cn/zsxx/lxszs/lxszyml/2026/ss/zsml_ss_lxs_cn_00106.pdf""]","[""2026-10-07""]",named_field,05,,Chinese,,,多智能体,,Full-time
pku-master-2026-cn-00106-140500,6,Peking University,master,2026,prior_cycle_catalogue,"[""pku-master-cn-2026-00106""]","[""https://admission.pku.edu.cn/zsxx/lxszs/lxszyml/2026/ss/zsml_ss_lxs_cn_00106.pdf""]","[""2026-10-07""]",named_field,06,,Chinese,,,智能机器人,,Full-time
pku-master-2026-cn-00106-140500,7,Peking University,master,2026,prior_cycle_catalogue,"[""pku-master-cn-2026-00106""]","[""https://admission.pku.edu.cn/zsxx/lxszs/lxszyml/2026/ss/zsml_ss_lxs_cn_00106.pdf""]","[""2026-10-07""]",named_field,07,,Chinese,,,听觉、言语与音乐,,Full-time
pku-master-2026-cn-00106-140500,8,Peking University,master,2026,prior_cycle_catalogue,"[""pku-master-cn-2026-00106""]","[""https://admission.pku.edu.cn/zsxx/lxszs/lxszyml/2026/ss/zsml_ss_lxs_cn_00106.pdf""]","[""2026-10-07""]",named_field,08,,Chinese,,,数据智能与计算智能,,Full-time
pku-master-2026-cn-00106-140500,9,Peking University,master,2026,prior_cycle_catalogue,"[""pku-master-cn-2026-00106""]","[""https://admission.pku.edu.cn/zsxx/lxszs/lxszyml/2026/ss/zsml_ss_lxs_cn_00106.pdf""]","[""2026-10-07""]",named_field,09,,Chinese,,,智能图形与交互,,Full-time
pku-master-2026-cn-00003-085500,1,Peking University,master,2026,prior_cycle_catalogue,"[""pku-master-cn-2026-00003""]","[""https://admission.pku.edu.cn/zsxx/lxszs/lxszyml/2026/ss/zsml_ss_lxs_cn_00003.pdf""]","[""2026-10-07""]",named_field,00,,Chinese,,,不区分研究方向,,Full-time
pku-master-2026-cn-00127-083001,1,Peking University,master,2026,prior_cycle_catalogue,"[""pku-master-cn-2026-00127""]","[""https://admission.pku.edu.cn/zsxx/lxszs/lxszyml/2026/ss/zsml_ss_lxs_cn_00127.pdf""]","[""2026-10-07""]",named_field,01,,Chinese,,,环境化学与环境监测,,Full-time
pku-master-2026-cn-00127-083001,2,Peking University,master,2026,prior_cycle_catalogue,"[""pku-master-cn-2026-00127""]","[""https://admission.pku.edu.cn/zsxx/lxszs/lxszyml/2026/ss/zsml_ss_lxs_cn_00127.pdf""]","[""2026-10-07""]",named_field,02,,Chinese,,,区域污染与全球变化,,Full-time
pku-master-2026-cn-00127-083002,1,Peking University,master,2026,prior_cycle_catalogue,"[""pku-master-cn-2026-00127""]","[""https://admission.pku.edu.cn/zsxx/lxszs/lxszyml/2026/ss/zsml_ss_lxs_cn_00127.pdf""]","[""2026-10-07""]",named_field,01,,Chinese,,,水处理工程,,Full-time
pku-master-2026-cn-00127-083002,2,Peking University,master,2026,prior_cycle_catalogue,"[""pku-master-cn-2026-00127""]","[""https://admission.pku.edu.cn/zsxx/lxszs/lxszyml/2026/ss/zsml_ss_lxs_cn_00127.pdf""]","[""2026-10-07""]",named_field,02,,Chinese,,,固废处置与资源化,,Full-time
pku-master-2026-cn-00127-083002,3,Peking University,master,2026,prior_cycle_catalogue,"[""pku-master-cn-2026-00127""]","[""https://admission.pku.edu.cn/zsxx/lxszs/lxszyml/2026/ss/zsml_ss_lxs_cn_00127.pdf""]","[""2026-10-07""]",named_field,03,,Chinese,,,饮用水安全,,Full-time
pku-master-2026-cn-00127-083002,4,Peking University,master,2026,prior_cycle_catalogue,"[""pku-master-cn-2026-00127""]","[""https://admission.pku.edu.cn/zsxx/lxszs/lxszyml/2026/ss/zsml_ss_lxs_cn_00127.pdf""]","[""2026-10-07""]",named_field,04,,Chinese,,,土壤与地下水污染控制与修复,,Full-time
pku-master-2026-cn-00127-083002,5,Peking University,master,2026,prior_cycle_catalogue,"[""pku-master-cn-2026-00127""]","[""https://admission.pku.edu.cn/zsxx/lxszs/lxszyml/2026/ss/zsml_ss_lxs_cn_00127.pdf""]","[""2026-10-07""]",named_field,05,,Chinese,,,工程环境模拟与信息系统,,Full-time
pku-master-2026-cn-00127-083020,1,Peking University,master,2026,prior_cycle_catalogue,"[""pku-master-cn-2026-00127""]","[""https://admission.pku.edu.cn/zsxx/lxszs/lxszyml/2026/ss/zsml_ss_lxs_cn_00127.pdf""]","[""2026-10-07""]",named_field,00,,Chinese,,,不区分研究方向,,Full-time
pku-master-2026-cn-00127-083021,1,Peking University,master,2026,prior_cycle_catalogue,"[""pku-master-cn-2026-00127""]","[""https://admission.pku.edu.cn/zsxx/lxszs/lxszyml/2026/ss/zsml_ss_lxs_cn_00127.pdf""]","[""2026-10-07""]",named_field,01,,Chinese,,,环境规划与管理,,Full-time
pku-master-2026-cn-00127-083021,2,Peking University,master,2026,prior_cycle_catalogue,"[""pku-master-cn-2026-00127""]","[""https://admission.pku.edu.cn/zsxx/lxszs/lxszyml/2026/ss/zsml_ss_lxs_cn_00127.pdf""]","[""2026-10-07""]",named_field,02,,Chinese,,,环境经济学与政策,,Full-time
pku-master-2026-cn-00127-083021,3,Peking University,master,2026,prior_cycle_catalogue,"[""pku-master-cn-2026-00127""]","[""https://admission.pku.edu.cn/zsxx/lxszs/lxszyml/2026/ss/zsml_ss_lxs_cn_00127.pdf""]","[""2026-10-07""]",named_field,03,,Chinese,,,环境与发展,,Full-time
pku-master-2026-cn-00127-083021,4,Peking University,master,2026,prior_cycle_catalogue,"[""pku-master-cn-2026-00127""]","[""https://admission.pku.edu.cn/zsxx/lxszs/lxszyml/2026/ss/zsml_ss_lxs_cn_00127.pdf""]","[""2026-10-07""]",named_field,04,,Chinese,,,环境法,,Full-time
pku-master-2026-cn-00232-080500,1,Peking University,master,2026,prior_cycle_catalogue,"[""pku-master-cn-2026-00232""]","[""https://admission.pku.edu.cn/zsxx/lxszs/lxszyml/2026/ss/zsml_ss_lxs_cn_00232.pdf""]","[""2026-10-07""]",named_field,00,,Chinese,,,不区分研究方向,,Full-time
pku-master-2026-cn-00020-050101,1,Peking University,master,2026,prior_cycle_catalogue,"[""pku-master-cn-2026-00020""]","[""https://admission.pku.edu.cn/zsxx/lxszs/lxszyml/2026/ss/zsml_ss_lxs_cn_00020.pdf""]","[""2026-10-07""]",named_field,01,,Chinese,,,文艺学,,Full-time
pku-master-2026-cn-00020-050101,2,Peking University,master,2026,prior_cycle_catalogue,"[""pku-master-cn-2026-00020""]","[""https://admission.pku.edu.cn/zsxx/lxszs/lxszyml/2026/ss/zsml_ss_lxs_cn_00020.pdf""]","[""2026-10-07""]",named_field,02,,Chinese,,,中国文论,,Full-time
pku-master-2026-cn-00020-050101,3,Peking University,master,2026,prior_cycle_catalogue,"[""pku-master-cn-2026-00020""]","[""https://admission.pku.edu.cn/zsxx/lxszs/lxszyml/2026/ss/zsml_ss_lxs_cn_00020.pdf""]","[""2026-10-07""]",named_field,03,,Chinese,,,文艺美学,,Full-time
pku-master-2026-cn-00020-050102,1,Peking University,master,2026,prior_cycle_catalogue,"[""pku-master-cn-2026-00020""]","[""https://admission.pku.edu.cn/zsxx/lxszs/lxszyml/2026/ss/zsml_ss_lxs_cn_00020.pdf""]","[""2026-10-07""]",named_field,01,,Chinese,,,理论语言学,,Full-time
pku-master-2026-cn-00020-050102,2,Peking University,master,2026,prior_cycle_catalogue,"[""pku-master-cn-2026-00020""]","[""https://admission.pku.edu.cn/zsxx/lxszs/lxszyml/2026/ss/zsml_ss_lxs_cn_00020.pdf""]","[""2026-10-07""]",named_field,02,,Chinese,,,对外汉语教学,,Full-time
pku-master-2026-cn-00020-050102,3,Peking University,master,2026,prior_cycle_catalogue,"[""pku-master-cn-2026-00020""]","[""https://admission.pku.edu.cn/zsxx/lxszs/lxszyml/2026/ss/zsml_ss_lxs_cn_00020.pdf""]","[""2026-10-07""]",named_field,03,,Chinese,,,语音学,,Full-time
pku-master-2026-cn-00020-050103,1,Peking University,master,2026,prior_cycle_catalogue,"[""pku-master-cn-2026-00020""]","[""https://admission.pku.edu.cn/zsxx/lxszs/lxszyml/2026/ss/zsml_ss_lxs_cn_00020.pdf""]","[""2026-10-07""]",named_field,01,,Chinese,,,现代汉语,,Full-time
pku-master-2026-cn-00020-050103,2,Peking University,master,2026,prior_cycle_catalogue,"[""pku-master-cn-2026-00020""]","[""https://admission.pku.edu.cn/zsxx/lxszs/lxszyml/2026/ss/zsml_ss_lxs_cn_00020.pdf""]","[""2026-10-07""]",named_field,02,,Chinese,,,汉语方言,,Full-time
pku-master-2026-cn-00020-050103,3,Peking University,master,2026,prior_cycle_catalogue,"[""pku-master-cn-2026-00020""]","[""https://admission.pku.edu.cn/zsxx/lxszs/lxszyml/2026/ss/zsml_ss_lxs_cn_00020.pdf""]","[""2026-10-07""]",named_field,03,,Chinese,,,中文信息处理,,Full-time
pku-master-2026-cn-00020-050103,4,Peking University,master,2026,prior_cycle_catalogue,"[""pku-master-cn-2026-00020""]","[""https://admission.pku.edu.cn/zsxx/lxszs/lxszyml/2026/ss/zsml_ss_lxs_cn_00020.pdf""]","[""2026-10-07""]",named_field,04,,Chinese,,,对外汉语教学,,Full-time
pku-master-2026-cn-00020-050103,5,Peking University,master,2026,prior_cycle_catalogue,"[""pku-master-cn-2026-00020""]","[""https://admission.pku.edu.cn/zsxx/lxszs/lxszyml/2026/ss/zsml_ss_lxs_cn_00020.pdf""]","[""2026-10-07""]",named_field,05,,Chinese,,,汉语史,,Full-time
pku-master-2026-cn-00020-050103,6,Peking University,master,2026,prior_cycle_catalogue,"[""pku-master-cn-2026-00020""]","[""https://admission.pku.edu.cn/zsxx/lxszs/lxszyml/2026/ss/zsml_ss_lxs_cn_00020.pdf""]","[""2026-10-07""]",named_field,06,,Chinese,,,古文字学,,Full-time
pku-master-2026-cn-00020-050104,1,Peking University,master,2026,prior_cycle_catalogue,"[""pku-master-cn-2026-00020""]","[""https://admission.pku.edu.cn/zsxx/lxszs/lxszyml/2026/ss/zsml_ss_lxs_cn_00020.pdf""]","[""2026-10-07""]",named_field,01,,Chinese,,,古典文献学理论,,Full-time
pku-master-2026-cn-00020-050104,2,Peking University,master,2026,prior_cycle_catalogue,"[""pku-master-cn-2026-00020""]","[""https://admission.pku.edu.cn/zsxx/lxszs/lxszyml/2026/ss/zsml_ss_lxs_cn_00020.pdf""]","[""2026-10-07""]",named_field,02,,Chinese,,,传世典籍整理与研究,,Full-time
pku-master-2026-cn-00020-050104,3,Peking University,master,2026,prior_cycle_catalogue,"[""pku-master-cn-2026-00020""]","[""https://admission.pku.edu.cn/zsxx/lxszs/lxszyml/2026/ss/zsml_ss_lxs_cn_00020.pdf""]","[""2026-10-07""]",named_field,03,,Chinese,,,海外汉籍与汉学,,Full-time
pku-master-2026-cn-00020-050104,4,Peking University,master,2026,prior_cycle_catalogue,"[""pku-master-cn-2026-00020""]","[""https://admission.pku.edu.cn/zsxx/lxszs/lxszyml/2026/ss/zsml_ss_lxs_cn_00020.pdf""]","[""2026-10-07""]",named_field,04,,Chinese,,,明清文学与文献,,Full-time
pku-master-2026-cn-00020-050105,1,Peking University,master,2026,prior_cycle_catalogue,"[""pku-master-cn-2026-00020""]","[""https://admission.pku.edu.cn/zsxx/lxszs/lxszyml/2026/ss/zsml_ss_lxs_cn_00020.pdf""]","[""2026-10-07""]",named_field,01,,Chinese,,,先秦两汉文学,,Full-time
pku-master-2026-cn-00020-050105,2,Peking University,master,2026,prior_cycle_catalogue,"[""pku-master-cn-2026-00020""]","[""https://admission.pku.edu.cn/zsxx/lxszs/lxszyml/2026/ss/zsml_ss_lxs_cn_00020.pdf""]","[""2026-10-07""]",named_field,02,,Chinese,,,魏晋隋唐文学,,Full-time
pku-master-2026-cn-00020-050105,3,Peking University,master,2026,prior_cycle_catalogue,"[""pku-master-cn-2026-00020""]","[""https://admission.pku.edu.cn/zsxx/lxszs/lxszyml/2026/ss/zsml_ss_lxs_cn_00020.pdf""]","[""2026-10-07""]",named_field,03,,Chinese,,,宋元文学,,Full-time
pku-master-2026-cn-00020-050105,4,Peking University,master,2026,prior_cycle_catalogue,"[""pku-master-cn-2026-00020""]","[""https://admission.pku.edu.cn/zsxx/lxszs/lxszyml/2026/ss/zsml_ss_lxs_cn_00020.pdf""]","[""2026-10-07""]",named_field,04,,Chinese,,,明清近代文学,,Full-time
pku-master-2026-cn-00020-050106,1,Peking University,master,2026,prior_cycle_catalogue,"[""pku-master-cn-2026-00020""]","[""https://admission.pku.edu.cn/zsxx/lxszs/lxszyml/2026/ss/zsml_ss_lxs_cn_00020.pdf""]","[""2026-10-07""]",named_field,01,,Chinese,,,现代文学,,Full-time
pku-master-2026-cn-00020-050106,2,Peking University,master,2026,prior_cycle_catalogue,"[""pku-master-cn-2026-00020""]","[""https://admission.pku.edu.cn/zsxx/lxszs/lxszyml/2026/ss/zsml_ss_lxs_cn_00020.pdf""]","[""2026-10-07""]",named_field,02,,Chinese,,,当代文学,,Full-time
pku-master-2026-cn-00020-050108,1,Peking University,master,2026,prior_cycle_catalogue,"[""pku-master-cn-2026-00020""]","[""https://admission.pku.edu.cn/zsxx/lxszs/lxszyml/2026/ss/zsml_ss_lxs_cn_00020.pdf""]","[""2026-10-07""]",named_field,01,,Chinese,,,比较文学与世界文学,,Full-time
pku-master-2026-cn-00020-050108,2,Peking University,master,2026,prior_cycle_catalogue,"[""pku-master-cn-2026-00020""]","[""https://admission.pku.edu.cn/zsxx/lxszs/lxszyml/2026/ss/zsml_ss_lxs_cn_00020.pdf""]","[""2026-10-07""]",named_field,02,,Chinese,,,国外中国学,,Full-time
pku-master-2026-cn-00020-050120,1,Peking University,master,2026,prior_cycle_catalogue,"[""pku-master-cn-2026-00020""]","[""https://admission.pku.edu.cn/zsxx/lxszs/lxszyml/2026/ss/zsml_ss_lxs_cn_00020.pdf""]","[""2026-10-07""]",named_field,01,,Chinese,,,中国民间文学,,Full-time
pku-master-2026-cn-00021-060200,1,Peking University,master,2026,prior_cycle_catalogue,"[""pku-master-cn-2026-00021""]","[""https://admission.pku.edu.cn/zsxx/lxszs/lxszyml/2026/ss/zsml_ss_lxs_cn_00021.pdf""]","[""2026-10-07""]",named_field,01,,Chinese,,,先秦史,,Full-time
pku-master-2026-cn-00021-060200,2,Peking University,master,2026,prior_cycle_catalogue,"[""pku-master-cn-2026-00021""]","[""https://admission.pku.edu.cn/zsxx/lxszs/lxszyml/2026/ss/zsml_ss_lxs_cn_00021.pdf""]","[""2026-10-07""]",named_field,02,,Chinese,,,秦汉史,,Full-time
pku-master-2026-cn-00021-060200,3,Peking University,master,2026,prior_cycle_catalogue,"[""pku-master-cn-2026-00021""]","[""https://admission.pku.edu.cn/zsxx/lxszs/lxszyml/2026/ss/zsml_ss_lxs_cn_00021.pdf""]","[""2026-10-07""]",named_field,03,,Chinese,,,魏晋南北朝史,,Full-time
pku-master-2026-cn-00021-060200,4,Peking University,master,2026,prior_cycle_catalogue,"[""pku-master-cn-2026-00021""]","[""https://admission.pku.edu.cn/zsxx/lxszs/lxszyml/2026/ss/zsml_ss_lxs_cn_00021.pdf""]","[""2026-10-07""]",named_field,04,,Chinese,,,隋唐史,,Full-time
pku-master-2026-cn-00021-060200,5,Peking University,master,2026,prior_cycle_catalogue,"[""pku-master-cn-2026-00021""]","[""https://admission.pku.edu.cn/zsxx/lxszs/lxszyml/2026/ss/zsml_ss_lxs_cn_00021.pdf""]","[""2026-10-07""]",named_field,05,,Chinese,,,宋辽金史,,Full-time
pku-master-2026-cn-00021-060200,6,Peking University,master,2026,prior_cycle_catalogue,"[""pku-master-cn-2026-00021""]","[""https://admission.pku.edu.cn/zsxx/lxszs/lxszyml/2026/ss/zsml_ss_lxs_cn_00021.pdf""]","[""2026-10-07""]",named_field,06,,Chinese,,,元史,,Full-time
pku-master-2026-cn-00021-060200,7,Peking University,master,2026,prior_cycle_catalogue,"[""pku-master-cn-2026-00021""]","[""https://admission.pku.edu.cn/zsxx/lxszs/lxszyml/2026/ss/zsml_ss_lxs_cn_00021.pdf""]","[""2026-10-07""]",named_field,07,,Chinese,,,明史,,Full-time
pku-master-2026-cn-00021-060200,8,Peking University,master,2026,prior_cycle_catalogue,"[""pku-master-cn-2026-00021""]","[""https://admission.pku.edu.cn/zsxx/lxszs/lxszyml/2026/ss/zsml_ss_lxs_cn_00021.pdf""]","[""2026-10-07""]",named_field,08,,Chinese,,,清史,,Full-time
pku-master-2026-cn-00021-060200,9,Peking University,master,2026,prior_cycle_catalogue,"[""pku-master-cn-2026-00021""]","[""https://admission.pku.edu.cn/zsxx/lxszs/lxszyml/2026/ss/zsml_ss_lxs_cn_00021.pdf""]","[""2026-10-07""]",named_field,09,,Chinese,,,礼学与经学,,Full-time
pku-master-2026-cn-00021-060200,10,Peking University,master,2026,prior_cycle_catalogue,"[""pku-master-cn-2026-00021""]","[""https://admission.pku.edu.cn/zsxx/lxszs/lxszyml/2026/ss/zsml_ss_lxs_cn_00021.pdf""]","[""2026-10-07""]",named_field,10,,Chinese,,,历史文献学,,Full-time
pku-master-2026-cn-00021-060200,11,Peking University,master,2026,prior_cycle_catalogue,"[""pku-master-cn-2026-00021""]","[""https://admission.pku.edu.cn/zsxx/lxszs/lxszyml/2026/ss/zsml_ss_lxs_cn_00021.pdf""]","[""2026-10-07""]",named_field,11,,Chinese,,,敦煌吐鲁番文书,,Full-time
pku-master-2026-cn-00021-060200,12,Peking University,master,2026,prior_cycle_catalogue,"[""pku-master-cn-2026-00021""]","[""https://admission.pku.edu.cn/zsxx/lxszs/lxszyml/2026/ss/zsml_ss_lxs_cn_00021.pdf""]","[""2026-10-07""]",named_field,12,,Chinese,,,中国少数民族史,,Full-time
pku-master-2026-cn-00021-060200,13,Peking University,master,2026,prior_cycle_catalogue,"[""pku-master-cn-2026-00021""]","[""https://admission.pku.edu.cn/zsxx/lxszs/lxszyml/2026/ss/zsml_ss_lxs_cn_00021.pdf""]","[""2026-10-07""]",named_field,13,,Chinese,,,古代中外关系史,,Full-time
pku-master-2026-cn-00021-060200,14,Peking University,master,2026,prior_cycle_catalogue,"[""pku-master-cn-2026-00021""]","[""https://admission.pku.edu.cn/zsxx/lxszs/lxszyml/2026/ss/zsml_ss_lxs_cn_00021.pdf""]","[""2026-10-07""]",named_field,14,,Chinese,,,古代中西交通史,,Full-time
pku-master-2026-cn-00021-060200,15,Peking University,master,2026,prior_cycle_catalogue,"[""pku-master-cn-2026-00021""]","[""https://admission.pku.edu.cn/zsxx/lxszs/lxszyml/2026/ss/zsml_ss_lxs_cn_00021.pdf""]","[""2026-10-07""]",named_field,15,,Chinese,,,中国近代史,,Full-time
pku-master-2026-cn-00021-060200,16,Peking University,master,2026,prior_cycle_catalogue,"[""pku-master-cn-2026-00021""]","[""https://admission.pku.edu.cn/zsxx/lxszs/lxszyml/2026/ss/zsml_ss_lxs_cn_00021.pdf""]","[""2026-10-07""]",named_field,16,,Chinese,,,中华民国史,,Full-time
pku-master-2026-cn-00021-060200,17,Peking University,master,2026,prior_cycle_catalogue,"[""pku-master-cn-2026-00021""]","[""https://admission.pku.edu.cn/zsxx/lxszs/lxszyml/2026/ss/zsml_ss_lxs_cn_00021.pdf""]","[""2026-10-07""]",named_field,17,,Chinese,,,中国现代史,,Full-time
pku-master-2026-cn-00021-060200,18,Peking University,master,2026,prior_cycle_catalogue,"[""pku-master-cn-2026-00021""]","[""https://admission.pku.edu.cn/zsxx/lxszs/lxszyml/2026/ss/zsml_ss_lxs_cn_00021.pdf""]","[""2026-10-07""]",named_field,18,,Chinese,,,中华人民共和国史,,Full-time
pku-master-2026-cn-00021-060200,19,Peking University,master,2026,prior_cycle_catalogue,"[""pku-master-cn-2026-00021""]","[""https://admission.pku.edu.cn/zsxx/lxszs/lxszyml/2026/ss/zsml_ss_lxs_cn_00021.pdf""]","[""2026-10-07""]",named_field,19,,Chinese,,,近现代中外关系史,,Full-time
pku-master-2026-cn-00021-060200,20,Peking University,master,2026,prior_cycle_catalogue,"[""pku-master-cn-2026-00021""]","[""https://admission.pku.edu.cn/zsxx/lxszs/lxszyml/2026/ss/zsml_ss_lxs_cn_00021.pdf""]","[""2026-10-07""]",named_field,20,,Chinese,,,中国近现代社会史,,Full-time
pku-master-2026-cn-00021-060200,21,Peking University,master,2026,prior_cycle_catalogue,"[""pku-master-cn-2026-00021""]","[""https://admission.pku.edu.cn/zsxx/lxszs/lxszyml/2026/ss/zsml_ss_lxs_cn_00021.pdf""]","[""2026-10-07""]",named_field,21,,Chinese,,,中共党史,,Full-time
pku-master-2026-cn-00021-060200,22,Peking University,master,2026,prior_cycle_catalogue,"[""pku-master-cn-2026-00021""]","[""https://admission.pku.edu.cn/zsxx/lxszs/lxszyml/2026/ss/zsml_ss_lxs_cn_00021.pdf""]","[""2026-10-07""]",named_field,22,,Chinese,,,中国近现代思想文化史,,Full-time
pku-master-2026-cn-00021-060200,23,Peking University,master,2026,prior_cycle_catalogue,"[""pku-master-cn-2026-00021""]","[""https://admission.pku.edu.cn/zsxx/lxszs/lxszyml/2026/ss/zsml_ss_lxs_cn_00021.pdf""]","[""2026-10-07""]",named_field,23,,Chinese,,,中国历史地理,,Full-time
pku-master-2026-cn-00021-060300,1,Peking University,master,2026,prior_cycle_catalogue,"[""pku-master-cn-2026-00021""]","[""https://admission.pku.edu.cn/zsxx/lxszs/lxszyml/2026/ss/zsml_ss_lxs_cn_00021.pdf""]","[""2026-10-07""]",named_field,01,,Chinese,,,世界古代史,,Full-time
pku-master-2026-cn-00021-060300,2,Peking University,master,2026,prior_cycle_catalogue,"[""pku-master-cn-2026-00021""]","[""https://admission.pku.edu.cn/zsxx/lxszs/lxszyml/2026/ss/zsml_ss_lxs_cn_00021.pdf""]","[""2026-10-07""]",named_field,02,,Chinese,,,欧美近现代史,,Full-time
pku-master-2026-cn-00021-060300,3,Peking University,master,2026,prior_cycle_catalogue,"[""pku-master-cn-2026-00021""]","[""https://admission.pku.edu.cn/zsxx/lxszs/lxszyml/2026/ss/zsml_ss_lxs_cn_00021.pdf""]","[""2026-10-07""]",named_field,03,,Chinese,,,亚非拉近现代史,,Full-time
pku-master-2026-cn-00022-065100,1,Peking University,master,2026,prior_cycle_catalogue,"[""pku-master-cn-2026-00022""]","[""https://admission.pku.edu.cn/zsxx/lxszs/lxszyml/2026/ss/zsml_ss_lxs_cn_00022.pdf""]","[""2026-10-07""]",named_field,00,,Chinese,,,不区分研究方向,,Full-time
pku-master-2026-cn-00023-010101,1,Peking University,master,2026,prior_cycle_catalogue,"[""pku-master-cn-2026-00023""]","[""https://admission.pku.edu.cn/zsxx/lxszs/lxszyml/2026/ss/zsml_ss_lxs_cn_00023.pdf""]","[""2026-10-07""]",named_field,01,,Chinese,,,马克思主义哲学史,,Full-time
pku-master-2026-cn-00023-010101,2,Peking University,master,2026,prior_cycle_catalogue,"[""pku-master-cn-2026-00023""]","[""https://admission.pku.edu.cn/zsxx/lxszs/lxszyml/2026/ss/zsml_ss_lxs_cn_00023.pdf""]","[""2026-10-07""]",named_field,02,,Chinese,,,当代中国马克思主义哲学,,Full-time
pku-master-2026-cn-00023-010101,3,Peking University,master,2026,prior_cycle_catalogue,"[""pku-master-cn-2026-00023""]","[""https://admission.pku.edu.cn/zsxx/lxszs/lxszyml/2026/ss/zsml_ss_lxs_cn_00023.pdf""]","[""2026-10-07""]",named_field,03,,Chinese,,,西方马克思主义,,Full-time
pku-master-2026-cn-00023-010101,4,Peking University,master,2026,prior_cycle_catalogue,"[""pku-master-cn-2026-00023""]","[""https://admission.pku.edu.cn/zsxx/lxszs/lxszyml/2026/ss/zsml_ss_lxs_cn_00023.pdf""]","[""2026-10-07""]",named_field,04,,Chinese,,,马克思主义哲学原理,,Full-time
pku-master-2026-cn-00023-010102,1,Peking University,master,2026,prior_cycle_catalogue,"[""pku-master-cn-2026-00023""]","[""https://admission.pku.edu.cn/zsxx/lxszs/lxszyml/2026/ss/zsml_ss_lxs_cn_00023.pdf""]","[""2026-10-07""]",named_field,01,,Chinese,,,中国哲学史,,Full-time
pku-master-2026-cn-00023-010102,2,Peking University,master,2026,prior_cycle_catalogue,"[""pku-master-cn-2026-00023""]","[""https://admission.pku.edu.cn/zsxx/lxszs/lxszyml/2026/ss/zsml_ss_lxs_cn_00023.pdf""]","[""2026-10-07""]",named_field,02,,Chinese,,,中国现代哲学,,Full-time
pku-master-2026-cn-00023-010103,1,Peking University,master,2026,prior_cycle_catalogue,"[""pku-master-cn-2026-00023""]","[""https://admission.pku.edu.cn/zsxx/lxszs/lxszyml/2026/ss/zsml_ss_lxs_cn_00023.pdf""]","[""2026-10-07""]",named_field,01,,Chinese,,,西方哲学史,,Full-time
pku-master-2026-cn-00023-010103,2,Peking University,master,2026,prior_cycle_catalogue,"[""pku-master-cn-2026-00023""]","[""https://admission.pku.edu.cn/zsxx/lxszs/lxszyml/2026/ss/zsml_ss_lxs_cn_00023.pdf""]","[""2026-10-07""]",named_field,02,,Chinese,,,现代西方哲学,,Full-time
pku-master-2026-cn-00023-010103,3,Peking University,master,2026,prior_cycle_catalogue,"[""pku-master-cn-2026-00023""]","[""https://admission.pku.edu.cn/zsxx/lxszs/lxszyml/2026/ss/zsml_ss_lxs_cn_00023.pdf""]","[""2026-10-07""]",named_field,03,,Chinese,,,东西方哲学与宗教比较,,Full-time
pku-master-2026-cn-00023-010104,1,Peking University,master,2026,prior_cycle_catalogue,"[""pku-master-cn-2026-00023""]","[""https://admission.pku.edu.cn/zsxx/lxszs/lxszyml/2026/ss/zsml_ss_lxs_cn_00023.pdf""]","[""2026-10-07""]",named_field,00,,Chinese,,,不区分研究方向,,Full-time
pku-master-2026-cn-00023-010105,1,Peking University,master,2026,prior_cycle_catalogue,"[""pku-master-cn-2026-00023""]","[""https://admission.pku.edu.cn/zsxx/lxszs/lxszyml/2026/ss/zsml_ss_lxs_cn_00023.pdf""]","[""2026-10-07""]",named_field,01,,Chinese,,,伦理学原理,,Full-time
pku-master-2026-cn-00023-010105,2,Peking University,master,2026,prior_cycle_catalogue,"[""pku-master-cn-2026-00023""]","[""https://admission.pku.edu.cn/zsxx/lxszs/lxszyml/2026/ss/zsml_ss_lxs_cn_00023.pdf""]","[""2026-10-07""]",named_field,02,,Chinese,,,应用伦理学,,Full-time
pku-master-2026-cn-00023-010105,3,Peking University,master,2026,prior_cycle_catalogue,"[""pku-master-cn-2026-00023""]","[""https://admission.pku.edu.cn/zsxx/lxszs/lxszyml/2026/ss/zsml_ss_lxs_cn_00023.pdf""]","[""2026-10-07""]",named_field,03,,Chinese,,,中国伦理学,,Full-time
pku-master-2026-cn-00023-010106,1,Peking University,master,2026,prior_cycle_catalogue,"[""pku-master-cn-2026-00023""]","[""https://admission.pku.edu.cn/zsxx/lxszs/lxszyml/2026/ss/zsml_ss_lxs_cn_00023.pdf""]","[""2026-10-07""]",named_field,01,,Chinese,,,西方美学史,,Full-time
pku-master-2026-cn-00023-010106,2,Peking University,master,2026,prior_cycle_catalogue,"[""pku-master-cn-2026-00023""]","[""https://admission.pku.edu.cn/zsxx/lxszs/lxszyml/2026/ss/zsml_ss_lxs_cn_00023.pdf""]","[""2026-10-07""]",named_field,02,,Chinese,,,美学原理,,Full-time
pku-master-2026-cn-00023-010106,3,Peking University,master,2026,prior_cycle_catalogue,"[""pku-master-cn-2026-00023""]","[""https://admission.pku.edu.cn/zsxx/lxszs/lxszyml/2026/ss/zsml_ss_lxs_cn_00023.pdf""]","[""2026-10-07""]",named_field,03,,Chinese,,,中国美学史,,Full-time
pku-master-2026-cn-00023-010107,1,Peking University,master,2026,prior_cycle_catalogue,"[""pku-master-cn-2026-00023""]","[""https://admission.pku.edu.cn/zsxx/lxszs/lxszyml/2026/ss/zsml_ss_lxs_cn_00023.pdf""]","[""2026-10-07""]",named_field,01,,Chinese,,,基督教,,Full-time
pku-master-2026-cn-00023-010107,2,Peking University,master,2026,prior_cycle_catalogue,"[""pku-master-cn-2026-00023""]","[""https://admission.pku.edu.cn/zsxx/lxszs/lxszyml/2026/ss/zsml_ss_lxs_cn_00023.pdf""]","[""2026-10-07""]",named_field,02,,Chinese,,,佛教,,Full-time
pku-master-2026-cn-00023-010107,3,Peking University,master,2026,prior_cycle_catalogue,"[""pku-master-cn-2026-00023""]","[""https://admission.pku.edu.cn/zsxx/lxszs/lxszyml/2026/ss/zsml_ss_lxs_cn_00023.pdf""]","[""2026-10-07""]",named_field,03,,Chinese,,,道教,,Full-time
pku-master-2026-cn-00023-010107,4,Peking University,master,2026,prior_cycle_catalogue,"[""pku-master-cn-2026-00023""]","[""https://admission.pku.edu.cn/zsxx/lxszs/lxszyml/2026/ss/zsml_ss_lxs_cn_00023.pdf""]","[""2026-10-07""]",named_field,04,,Chinese,,,宗教学,,Full-time
pku-master-2026-cn-00023-010107,5,Peking University,master,2026,prior_cycle_catalogue,"[""pku-master-cn-2026-00023""]","[""https://admission.pku.edu.cn/zsxx/lxszs/lxszyml/2026/ss/zsml_ss_lxs_cn_00023.pdf""]","[""2026-10-07""]",named_field,05,,Chinese,,,东正教,,Full-time
pku-master-2026-cn-00023-010107,6,Peking University,master,2026,prior_cycle_catalogue,"[""pku-master-cn-2026-00023""]","[""https://admission.pku.edu.cn/zsxx/lxszs/lxszyml/2026/ss/zsml_ss_lxs_cn_00023.pdf""]","[""2026-10-07""]",named_field,06,,Chinese,,,伊斯兰教,,Full-time
pku-master-2026-cn-00023-010108,1,Peking University,master,2026,prior_cycle_catalogue,"[""pku-master-cn-2026-00023""]","[""https://admission.pku.edu.cn/zsxx/lxszs/lxszyml/2026/ss/zsml_ss_lxs_cn_00023.pdf""]","[""2026-10-07""]",named_field,01,,Chinese,,,科学哲学与技术哲学,,Full-time
pku-master-2026-cn-00023-010108,2,Peking University,master,2026,prior_cycle_catalogue,"[""pku-master-cn-2026-00023""]","[""https://admission.pku.edu.cn/zsxx/lxszs/lxszyml/2026/ss/zsml_ss_lxs_cn_00023.pdf""]","[""2026-10-07""]",named_field,02,,Chinese,,,科学的社会研究,,Full-time
pku-master-2026-cn-00039-050108,1,Peking University,master,2026,prior_cycle_catalogue,"[""pku-master-cn-2026-00039""]","[""https://admission.pku.edu.cn/zsxx/lxszs/lxszyml/2026/ss/zsml_ss_lxs_cn_00039.pdf""]","[""2026-10-07""]",named_field,00,,Chinese,,,不区分研究方向,,Full-time
pku-master-2026-cn-00039-050201,1,Peking University,master,2026,prior_cycle_catalogue,"[""pku-master-cn-2026-00039""]","[""https://admission.pku.edu.cn/zsxx/lxszs/lxszyml/2026/ss/zsml_ss_lxs_cn_00039.pdf""]","[""2026-10-07""]",named_field,00,,Chinese,,,不区分研究方向,,Full-time
pku-master-2026-cn-00039-050202,1,Peking University,master,2026,prior_cycle_catalogue,"[""pku-master-cn-2026-00039""]","[""https://admission.pku.edu.cn/zsxx/lxszs/lxszyml/2026/ss/zsml_ss_lxs_cn_00039.pdf""]","[""2026-10-07""]",named_field,00,,Chinese,,,不区分研究方向,,Full-time
pku-master-2026-cn-00039-050203,1,Peking University,master,2026,prior_cycle_catalogue,"[""pku-master-cn-2026-00039""]","[""https://admission.pku.edu.cn/zsxx/lxszs/lxszyml/2026/ss/zsml_ss_lxs_cn_00039.pdf""]","[""2026-10-07""]",named_field,00,,Chinese,,,不区分研究方向,,Full-time
pku-master-2026-cn-00039-050204,1,Peking University,master,2026,prior_cycle_catalogue,"[""pku-master-cn-2026-00039""]","[""https://admission.pku.edu.cn/zsxx/lxszs/lxszyml/2026/ss/zsml_ss_lxs_cn_00039.pdf""]","[""2026-10-07""]",named_field,00,,Chinese,,,不区分研究方向,,Full-time
pku-master-2026-cn-00039-050205,1,Peking University,master,2026,prior_cycle_catalogue,"[""pku-master-cn-2026-00039""]","[""https://admission.pku.edu.cn/zsxx/lxszs/lxszyml/2026/ss/zsml_ss_lxs_cn_00039.pdf""]","[""2026-10-07""]",named_field,00,,Chinese,,,不区分研究方向,,Full-time
pku-master-2026-cn-00039-050206,1,Peking University,master,2026,prior_cycle_catalogue,"[""pku-master-cn-2026-00039""]","[""https://admission.pku.edu.cn/zsxx/lxszs/lxszyml/2026/ss/zsml_ss_lxs_cn_00039.pdf""]","[""2026-10-07""]",named_field,00,,Chinese,,,不区分研究方向,,Full-time
pku-master-2026-cn-00039-050207,1,Peking University,master,2026,prior_cycle_catalogue,"[""pku-master-cn-2026-00039""]","[""https://admission.pku.edu.cn/zsxx/lxszs/lxszyml/2026/ss/zsml_ss_lxs_cn_00039.pdf""]","[""2026-10-07""]",named_field,00,,Chinese,,,不区分研究方向,,Full-time
pku-master-2026-cn-00039-050208,1,Peking University,master,2026,prior_cycle_catalogue,"[""pku-master-cn-2026-00039""]","[""https://admission.pku.edu.cn/zsxx/lxszs/lxszyml/2026/ss/zsml_ss_lxs_cn_00039.pdf""]","[""2026-10-07""]",named_field,00,,Chinese,,,不区分研究方向,,Full-time
pku-master-2026-cn-00039-050210,1,Peking University,master,2026,prior_cycle_catalogue,"[""pku-master-cn-2026-00039""]","[""https://admission.pku.edu.cn/zsxx/lxszs/lxszyml/2026/ss/zsml_ss_lxs_cn_00039.pdf""]","[""2026-10-07""]",named_field,01,,Chinese,,,朝鲜语言文化,,Full-time
pku-master-2026-cn-00039-050210,2,Peking University,master,2026,prior_cycle_catalogue,"[""pku-master-cn-2026-00039""]","[""https://admission.pku.edu.cn/zsxx/lxszs/lxszyml/2026/ss/zsml_ss_lxs_cn_00039.pdf""]","[""2026-10-07""]",named_field,02,,Chinese,,,东南亚文化,,Full-time
pku-master-2026-cn-00039-050210,3,Peking University,master,2026,prior_cycle_catalogue,"[""pku-master-cn-2026-00039""]","[""https://admission.pku.edu.cn/zsxx/lxszs/lxszyml/2026/ss/zsml_ss_lxs_cn_00039.pdf""]","[""2026-10-07""]",named_field,03,,Chinese,,,泰国语言文化,,Full-time
pku-master-2026-cn-00039-050210,4,Peking University,master,2026,prior_cycle_catalogue,"[""pku-master-cn-2026-00039""]","[""https://admission.pku.edu.cn/zsxx/lxszs/lxszyml/2026/ss/zsml_ss_lxs_cn_00039.pdf""]","[""2026-10-07""]",named_field,04,,Chinese,,,越南语言文化,,Full-time
pku-master-2026-cn-00039-050210,5,Peking University,master,2026,prior_cycle_catalogue,"[""pku-master-cn-2026-00039""]","[""https://admission.pku.edu.cn/zsxx/lxszs/lxszyml/2026/ss/zsml_ss_lxs_cn_00039.pdf""]","[""2026-10-07""]",named_field,05,,Chinese,,,缅甸语言文化,,Full-time
pku-master-2026-cn-00039-050210,6,Peking University,master,2026,prior_cycle_catalogue,"[""pku-master-cn-2026-00039""]","[""https://admission.pku.edu.cn/zsxx/lxszs/lxszyml/2026/ss/zsml_ss_lxs_cn_00039.pdf""]","[""2026-10-07""]",named_field,06,,Chinese,,,菲律宾语言文化,,Full-time
pku-master-2026-cn-00039-050210,7,Peking University,master,2026,prior_cycle_catalogue,"[""pku-master-cn-2026-00039""]","[""https://admission.pku.edu.cn/zsxx/lxszs/lxszyml/2026/ss/zsml_ss_lxs_cn_00039.pdf""]","[""2026-10-07""]",named_field,07,,Chinese,,,古代东方文明,,Full-time
pku-master-2026-cn-00039-050210,8,Peking University,master,2026,prior_cycle_catalogue,"[""pku-master-cn-2026-00039""]","[""https://admission.pku.edu.cn/zsxx/lxszs/lxszyml/2026/ss/zsml_ss_lxs_cn_00039.pdf""]","[""2026-10-07""]",named_field,08,,Chinese,,,希伯莱语言文化,,Full-time
pku-master-2026-cn-00039-050210,9,Peking University,master,2026,prior_cycle_catalogue,"[""pku-master-cn-2026-00039""]","[""https://admission.pku.edu.cn/zsxx/lxszs/lxszyml/2026/ss/zsml_ss_lxs_cn_00039.pdf""]","[""2026-10-07""]",named_field,09,,Chinese,,,波斯-伊朗语言文化,,Full-time
pku-master-2026-cn-00039-050210,10,Peking University,master,2026,prior_cycle_catalogue,"[""pku-master-cn-2026-00039""]","[""https://admission.pku.edu.cn/zsxx/lxszs/lxszyml/2026/ss/zsml_ss_lxs_cn_00039.pdf""]","[""2026-10-07""]",named_field,10,,Chinese,,,非洲文学与文化,,Full-time
pku-master-2026-cn-00039-050210,11,Peking University,master,2026,prior_cycle_catalogue,"[""pku-master-cn-2026-00039""]","[""https://admission.pku.edu.cn/zsxx/lxszs/lxszyml/2026/ss/zsml_ss_lxs_cn_00039.pdf""]","[""2026-10-07""]",named_field,11,,Chinese,,,东方文学,,Full-time
pku-master-2026-cn-00039-050210,12,Peking University,master,2026,prior_cycle_catalogue,"[""pku-master-cn-2026-00039""]","[""https://admission.pku.edu.cn/zsxx/lxszs/lxszyml/2026/ss/zsml_ss_lxs_cn_00039.pdf""]","[""2026-10-07""]",named_field,12,,Chinese,,,蒙古语言文化,,Full-time
pku-master-2026-cn-00039-050211,1,Peking University,master,2026,prior_cycle_catalogue,"[""pku-master-cn-2026-00039""]","[""https://admission.pku.edu.cn/zsxx/lxszs/lxszyml/2026/ss/zsml_ss_lxs_cn_00039.pdf""]","[""2026-10-07""]",named_field,00,,Chinese,,,不区分研究方向,,Full-time
pku-master-2026-cn-00039-050220,1,Peking University,master,2026,prior_cycle_catalogue,"[""pku-master-cn-2026-00039""]","[""https://admission.pku.edu.cn/zsxx/lxszs/lxszyml/2026/ss/zsml_ss_lxs_cn_00039.pdf""]","[""2026-10-07""]",named_field,00,,Chinese,,,不区分研究方向,,Full-time
pku-master-2026-cn-00039-055101,1,Peking University,master,2026,prior_cycle_catalogue,"[""pku-master-cn-2026-00039""]","[""https://admission.pku.edu.cn/zsxx/lxszs/lxszyml/2026/ss/zsml_ss_lxs_cn_00039.pdf""]","[""2026-10-07""]",named_field,00,,Chinese,,,不区分研究方向,,Full-time
pku-master-2026-cn-00039-055106,1,Peking University,master,2026,prior_cycle_catalogue,"[""pku-master-cn-2026-00039""]","[""https://admission.pku.edu.cn/zsxx/lxszs/lxszyml/2026/ss/zsml_ss_lxs_cn_00039.pdf""]","[""2026-10-07""]",named_field,00,,Chinese,,,不区分研究方向,,Full-time
pku-master-2026-cn-00043-135400,1,Peking University,master,2026,prior_cycle_catalogue,"[""pku-master-cn-2026-00043""]","[""https://admission.pku.edu.cn/zsxx/lxszs/lxszyml/2026/ss/zsml_ss_lxs_cn_00043.pdf""]","[""2026-10-07""]",named_field,01,,Chinese,,,歌剧表演,,Full-time
pku-master-2026-cn-00043-135400,2,Peking University,master,2026,prior_cycle_catalogue,"[""pku-master-cn-2026-00043""]","[""https://admission.pku.edu.cn/zsxx/lxszs/lxszyml/2026/ss/zsml_ss_lxs_cn_00043.pdf""]","[""2026-10-07""]",named_field,02,,Chinese,,,艺术创意与制作,,Full-time
pku-master-2026-cn-00043-135400,3,Peking University,master,2026,prior_cycle_catalogue,"[""pku-master-cn-2026-00043""]","[""https://admission.pku.edu.cn/zsxx/lxszs/lxszyml/2026/ss/zsml_ss_lxs_cn_00043.pdf""]","[""2026-10-07""]",named_field,03,,Chinese,,,新媒体创意制作,,Part-time
pku-master-2026-cn-00043-135400,4,Peking University,master,2026,prior_cycle_catalogue,"[""pku-master-cn-2026-00043""]","[""https://admission.pku.edu.cn/zsxx/lxszs/lxszyml/2026/ss/zsml_ss_lxs_cn_00043.pdf""]","[""2026-10-07""]",named_field,04,,Chinese,,,电影,,Part-time
pku-master-2026-cn-00043-135400,5,Peking University,master,2026,prior_cycle_catalogue,"[""pku-master-cn-2026-00043""]","[""https://admission.pku.edu.cn/zsxx/lxszs/lxszyml/2026/ss/zsml_ss_lxs_cn_00043.pdf""]","[""2026-10-07""]",named_field,05,,Chinese,,,音乐剧,,Part-time
pku-master-2026-cn-00044-045300,1,Peking University,master,2026,prior_cycle_catalogue,"[""pku-master-cn-2026-00044""]","[""https://admission.pku.edu.cn/zsxx/lxszs/lxszyml/2026/ss/zsml_ss_lxs_cn_00044.pdf""]","[""2026-10-07""]",named_field,00,,Chinese,,,不区分研究方向,,Full-time
pku-master-2026-cn-00024-030203,1,Peking University,master,2026,prior_cycle_catalogue,"[""pku-master-cn-2026-00024""]","[""https://admission.pku.edu.cn/zsxx/lxszs/lxszyml/2026/ss/zsml_ss_lxs_cn_00024.pdf""]","[""2026-10-07""]",named_field,01,,Chinese,,,社会主义历史与理论基本问题研究,,Full-time
pku-master-2026-cn-00024-030203,2,Peking University,master,2026,prior_cycle_catalogue,"[""pku-master-cn-2026-00024""]","[""https://admission.pku.edu.cn/zsxx/lxszs/lxszyml/2026/ss/zsml_ss_lxs_cn_00024.pdf""]","[""2026-10-07""]",named_field,02,,Chinese,,,社会主义与资本主义两制关系研究,,Full-time
pku-master-2026-cn-00024-030203,3,Peking University,master,2026,prior_cycle_catalogue,"[""pku-master-cn-2026-00024""]","[""https://admission.pku.edu.cn/zsxx/lxszs/lxszyml/2026/ss/zsml_ss_lxs_cn_00024.pdf""]","[""2026-10-07""]",named_field,03,,Chinese,,,欧洲民主社会主义研究,,Full-time
pku-master-2026-cn-00024-030203,4,Peking University,master,2026,prior_cycle_catalogue,"[""pku-master-cn-2026-00024""]","[""https://admission.pku.edu.cn/zsxx/lxszs/lxszyml/2026/ss/zsml_ss_lxs_cn_00024.pdf""]","[""2026-10-07""]",named_field,04,,Chinese,,,俄罗斯和东欧国家社会政治研究,,Full-time
pku-master-2026-cn-00024-030204,1,Peking University,master,2026,prior_cycle_catalogue,"[""pku-master-cn-2026-00024""]","[""https://admission.pku.edu.cn/zsxx/lxszs/lxszyml/2026/ss/zsml_ss_lxs_cn_00024.pdf""]","[""2026-10-07""]",named_field,01,,Chinese,,,台港澳与世界事务,,Full-time
pku-master-2026-cn-00024-030204,2,Peking University,master,2026,prior_cycle_catalogue,"[""pku-master-cn-2026-00024""]","[""https://admission.pku.edu.cn/zsxx/lxszs/lxszyml/2026/ss/zsml_ss_lxs_cn_00024.pdf""]","[""2026-10-07""]",named_field,02,,Chinese,,,中国现代政治,,Full-time
pku-master-2026-cn-00024-030206,1,Peking University,master,2026,prior_cycle_catalogue,"[""pku-master-cn-2026-00024""]","[""https://admission.pku.edu.cn/zsxx/lxszs/lxszyml/2026/ss/zsml_ss_lxs_cn_00024.pdf""]","[""2026-10-07""]",named_field,01,,Chinese,,,国际政治理论与实践,,Full-time
pku-master-2026-cn-00024-030206,2,Peking University,master,2026,prior_cycle_catalogue,"[""pku-master-cn-2026-00024""]","[""https://admission.pku.edu.cn/zsxx/lxszs/lxszyml/2026/ss/zsml_ss_lxs_cn_00024.pdf""]","[""2026-10-07""]",named_field,02,,Chinese,,,世界民族问题研究,,Full-time
pku-master-2026-cn-00024-030206,3,Peking University,master,2026,prior_cycle_catalogue,"[""pku-master-cn-2026-00024""]","[""https://admission.pku.edu.cn/zsxx/lxszs/lxszyml/2026/ss/zsml_ss_lxs_cn_00024.pdf""]","[""2026-10-07""]",named_field,03,,Chinese,,,东亚地区研究,,Full-time
pku-master-2026-cn-00024-030206,4,Peking University,master,2026,prior_cycle_catalogue,"[""pku-master-cn-2026-00024""]","[""https://admission.pku.edu.cn/zsxx/lxszs/lxszyml/2026/ss/zsml_ss_lxs_cn_00024.pdf""]","[""2026-10-07""]",named_field,04,,Chinese,,,亚太研究,,Full-time
pku-master-2026-cn-00024-030206,5,Peking University,master,2026,prior_cycle_catalogue,"[""pku-master-cn-2026-00024""]","[""https://admission.pku.edu.cn/zsxx/lxszs/lxszyml/2026/ss/zsml_ss_lxs_cn_00024.pdf""]","[""2026-10-07""]",named_field,05,,Chinese,,,中东研究,,Full-time
pku-master-2026-cn-00024-030206,6,Peking University,master,2026,prior_cycle_catalogue,"[""pku-master-cn-2026-00024""]","[""https://admission.pku.edu.cn/zsxx/lxszs/lxszyml/2026/ss/zsml_ss_lxs_cn_00024.pdf""]","[""2026-10-07""]",named_field,06,,Chinese,,,中亚研究,,Full-time
pku-master-2026-cn-00024-030206,7,Peking University,master,2026,prior_cycle_catalogue,"[""pku-master-cn-2026-00024""]","[""https://admission.pku.edu.cn/zsxx/lxszs/lxszyml/2026/ss/zsml_ss_lxs_cn_00024.pdf""]","[""2026-10-07""]",named_field,07,,Chinese,,,非洲研究,,Full-time
pku-master-2026-cn-00024-030206,8,Peking University,master,2026,prior_cycle_catalogue,"[""pku-master-cn-2026-00024""]","[""https://admission.pku.edu.cn/zsxx/lxszs/lxszyml/2026/ss/zsml_ss_lxs_cn_00024.pdf""]","[""2026-10-07""]",named_field,08,,Chinese,,,小国与国际关系,,Full-time
pku-master-2026-cn-00024-030207,1,Peking University,master,2026,prior_cycle_catalogue,"[""pku-master-cn-2026-00024""]","[""https://admission.pku.edu.cn/zsxx/lxszs/lxszyml/2026/ss/zsml_ss_lxs_cn_00024.pdf""]","[""2026-10-07""]",named_field,01,,Chinese,,,现当代国际关系,,Full-time
pku-master-2026-cn-00024-030207,2,Peking University,master,2026,prior_cycle_catalogue,"[""pku-master-cn-2026-00024""]","[""https://admission.pku.edu.cn/zsxx/lxszs/lxszyml/2026/ss/zsml_ss_lxs_cn_00024.pdf""]","[""2026-10-07""]",named_field,02,,Chinese,,,美欧日研究,,Full-time
pku-master-2026-cn-00024-030207,3,Peking University,master,2026,prior_cycle_catalogue,"[""pku-master-cn-2026-00024""]","[""https://admission.pku.edu.cn/zsxx/lxszs/lxszyml/2026/ss/zsml_ss_lxs_cn_00024.pdf""]","[""2026-10-07""]",named_field,03,,Chinese,,,大国关系及中国与周边国家关系,,Full-time
pku-master-2026-cn-00024-030208,1,Peking University,master,2026,prior_cycle_catalogue,"[""pku-master-cn-2026-00024""]","[""https://admission.pku.edu.cn/zsxx/lxszs/lxszyml/2026/ss/zsml_ss_lxs_cn_00024.pdf""]","[""2026-10-07""]",named_field,01,,Chinese,,,中国外交,,Full-time
pku-master-2026-cn-00024-030208,2,Peking University,master,2026,prior_cycle_catalogue,"[""pku-master-cn-2026-00024""]","[""https://admission.pku.edu.cn/zsxx/lxszs/lxszyml/2026/ss/zsml_ss_lxs_cn_00024.pdf""]","[""2026-10-07""]",named_field,02,,Chinese,,,外交学,,Full-time
pku-master-2026-cn-00024-030221,1,Peking University,master,2026,prior_cycle_catalogue,"[""pku-master-cn-2026-00024""]","[""https://admission.pku.edu.cn/zsxx/lxszs/lxszyml/2026/ss/zsml_ss_lxs_cn_00024.pdf""]","[""2026-10-07""]",named_field,01,,Chinese,,,国际政治经济学理论,,Full-time
pku-master-2026-cn-00024-030221,2,Peking University,master,2026,prior_cycle_catalogue,"[""pku-master-cn-2026-00024""]","[""https://admission.pku.edu.cn/zsxx/lxszs/lxszyml/2026/ss/zsml_ss_lxs_cn_00024.pdf""]","[""2026-10-07""]",named_field,02,,Chinese,,,国际经济合作研究,,Full-time
pku-master-2026-cn-00024-030221,3,Peking University,master,2026,prior_cycle_catalogue,"[""pku-master-cn-2026-00024""]","[""https://admission.pku.edu.cn/zsxx/lxszs/lxszyml/2026/ss/zsml_ss_lxs_cn_00024.pdf""]","[""2026-10-07""]",named_field,03,,Chinese,,,区域化比较研究,,Full-time
pku-master-2026-cn-00024-030221,4,Peking University,master,2026,prior_cycle_catalogue,"[""pku-master-cn-2026-00024""]","[""https://admission.pku.edu.cn/zsxx/lxszs/lxszyml/2026/ss/zsml_ss_lxs_cn_00024.pdf""]","[""2026-10-07""]",named_field,04,,Chinese,,,比较政治经济研究,,Full-time
pku-master-2026-cn-00024-030221,5,Peking University,master,2026,prior_cycle_catalogue,"[""pku-master-cn-2026-00024""]","[""https://admission.pku.edu.cn/zsxx/lxszs/lxszyml/2026/ss/zsml_ss_lxs_cn_00024.pdf""]","[""2026-10-07""]",named_field,05,,Chinese,,,中国对外经济关系研究,,Full-time
pku-master-2026-cn-00024-030223,1,Peking University,master,2026,prior_cycle_catalogue,"[""pku-master-cn-2026-00024""]","[""https://admission.pku.edu.cn/zsxx/lxszs/lxszyml/2026/ss/zsml_ss_lxs_cn_00024.pdf""]","[""2026-10-07""]",named_field,01,,Chinese,,,比较政治学理论,,Full-time
pku-master-2026-cn-00024-030223,2,Peking University,master,2026,prior_cycle_catalogue,"[""pku-master-cn-2026-00024""]","[""https://admission.pku.edu.cn/zsxx/lxszs/lxszyml/2026/ss/zsml_ss_lxs_cn_00024.pdf""]","[""2026-10-07""]",named_field,02,,Chinese,,,政治哲学与社会传统,,Full-time
pku-master-2026-cn-00024-030223,3,Peking University,master,2026,prior_cycle_catalogue,"[""pku-master-cn-2026-00024""]","[""https://admission.pku.edu.cn/zsxx/lxszs/lxszyml/2026/ss/zsml_ss_lxs_cn_00024.pdf""]","[""2026-10-07""]",named_field,03,,Chinese,,,比较政治与比较文化,,Full-time
pku-master-2026-cn-00024-030223,4,Peking University,master,2026,prior_cycle_catalogue,"[""pku-master-cn-2026-00024""]","[""https://admission.pku.edu.cn/zsxx/lxszs/lxszyml/2026/ss/zsml_ss_lxs_cn_00024.pdf""]","[""2026-10-07""]",named_field,04,,Chinese,,,中国政治与世界政治,,Full-time
pku-master-2026-cn-00024-030224,1,Peking University,master,2026,prior_cycle_catalogue,"[""pku-master-cn-2026-00024""]","[""https://admission.pku.edu.cn/zsxx/lxszs/lxszyml/2026/ss/zsml_ss_lxs_cn_00024.pdf""]","[""2026-10-07""]",named_field,01,,Chinese,,,国际组织与全球治理,,Full-time
pku-master-2026-cn-00024-030224,2,Peking University,master,2026,prior_cycle_catalogue,"[""pku-master-cn-2026-00024""]","[""https://admission.pku.edu.cn/zsxx/lxszs/lxszyml/2026/ss/zsml_ss_lxs_cn_00024.pdf""]","[""2026-10-07""]",named_field,02,,Chinese,,,国际法与国际法治,,Full-time
pku-master-2026-cn-00024-030224,3,Peking University,master,2026,prior_cycle_catalogue,"[""pku-master-cn-2026-00024""]","[""https://admission.pku.edu.cn/zsxx/lxszs/lxszyml/2026/ss/zsml_ss_lxs_cn_00024.pdf""]","[""2026-10-07""]",named_field,03,,Chinese,,,国际发展学,,Full-time
pku-master-2026-cn-00024-030224,4,Peking University,master,2026,prior_cycle_catalogue,"[""pku-master-cn-2026-00024""]","[""https://admission.pku.edu.cn/zsxx/lxszs/lxszyml/2026/ss/zsml_ss_lxs_cn_00024.pdf""]","[""2026-10-07""]",named_field,04,,Chinese,,,冲突管控与全球治理方向,,Full-time
pku-master-2026-cn-00024-030224,5,Peking University,master,2026,prior_cycle_catalogue,"[""pku-master-cn-2026-00024""]","[""https://admission.pku.edu.cn/zsxx/lxszs/lxszyml/2026/ss/zsml_ss_lxs_cn_00024.pdf""]","[""2026-10-07""]",named_field,05,,Chinese,,,国际环境与气候政策,,Full-time
pku-master-2026-cn-00029-030101,1,Peking University,master,2026,prior_cycle_catalogue,"[""pku-master-cn-2026-00029""]","[""https://admission.pku.edu.cn/zsxx/lxszs/lxszyml/2026/ss/zsml_ss_lxs_cn_00029.pdf""]","[""2026-10-07""]",named_field,00,,Chinese,,,不区分研究方向,,Full-time
pku-master-2026-cn-00029-030102,1,Peking University,master,2026,prior_cycle_catalogue,"[""pku-master-cn-2026-00029""]","[""https://admission.pku.edu.cn/zsxx/lxszs/lxszyml/2026/ss/zsml_ss_lxs_cn_00029.pdf""]","[""2026-10-07""]",named_field,00,,Chinese,,,不区分研究方向,,Full-time
pku-master-2026-cn-00029-030103,1,Peking University,master,2026,prior_cycle_catalogue,"[""pku-master-cn-2026-00029""]","[""https://admission.pku.edu.cn/zsxx/lxszs/lxszyml/2026/ss/zsml_ss_lxs_cn_00029.pdf""]","[""2026-10-07""]",named_field,00,,Chinese,,,不区分研究方向,,Full-time
pku-master-2026-cn-00029-030104,1,Peking University,master,2026,prior_cycle_catalogue,"[""pku-master-cn-2026-00029""]","[""https://admission.pku.edu.cn/zsxx/lxszs/lxszyml/2026/ss/zsml_ss_lxs_cn_00029.pdf""]","[""2026-10-07""]",named_field,00,,Chinese,,,不区分研究方向,,Full-time
pku-master-2026-cn-00029-030105,1,Peking University,master,2026,prior_cycle_catalogue,"[""pku-master-cn-2026-00029""]","[""https://admission.pku.edu.cn/zsxx/lxszs/lxszyml/2026/ss/zsml_ss_lxs_cn_00029.pdf""]","[""2026-10-07""]",named_field,00,,Chinese,,,不区分研究方向,,Full-time
pku-master-2026-cn-00029-030106,1,Peking University,master,2026,prior_cycle_catalogue,"[""pku-master-cn-2026-00029""]","[""https://admission.pku.edu.cn/zsxx/lxszs/lxszyml/2026/ss/zsml_ss_lxs_cn_00029.pdf""]","[""2026-10-07""]",named_field,01,,Chinese,,,刑事诉讼法学,,Full-time
pku-master-2026-cn-00029-030106,2,Peking University,master,2026,prior_cycle_catalogue,"[""pku-master-cn-2026-00029""]","[""https://admission.pku.edu.cn/zsxx/lxszs/lxszyml/2026/ss/zsml_ss_lxs_cn_00029.pdf""]","[""2026-10-07""]",named_field,02,,Chinese,,,民事诉讼法学,,Full-time
pku-master-2026-cn-00029-030107,1,Peking University,master,2026,prior_cycle_catalogue,"[""pku-master-cn-2026-00029""]","[""https://admission.pku.edu.cn/zsxx/lxszs/lxszyml/2026/ss/zsml_ss_lxs_cn_00029.pdf""]","[""2026-10-07""]",named_field,00,,Chinese,,,不区分研究方向,,Full-time
pku-master-2026-cn-00029-030108,1,Peking University,master,2026,prior_cycle_catalogue,"[""pku-master-cn-2026-00029""]","[""https://admission.pku.edu.cn/zsxx/lxszs/lxszyml/2026/ss/zsml_ss_lxs_cn_00029.pdf""]","[""2026-10-07""]",named_field,00,,Chinese,,,不区分研究方向,,Full-time
pku-master-2026-cn-00029-030109,1,Peking University,master,2026,prior_cycle_catalogue,"[""pku-master-cn-2026-00029""]","[""https://admission.pku.edu.cn/zsxx/lxszs/lxszyml/2026/ss/zsml_ss_lxs_cn_00029.pdf""]","[""2026-10-07""]",named_field,00,,Chinese,,,不区分研究方向,,Full-time
pku-master-2026-cn-00029-030120,1,Peking University,master,2026,prior_cycle_catalogue,"[""pku-master-cn-2026-00029""]","[""https://admission.pku.edu.cn/zsxx/lxszs/lxszyml/2026/ss/zsml_ss_lxs_cn_00029.pdf""]","[""2026-10-07""]",named_field,00,,Chinese,,,不区分研究方向,,Full-time
pku-master-2026-cn-00029-030121,1,Peking University,master,2026,prior_cycle_catalogue,"[""pku-master-cn-2026-00029""]","[""https://admission.pku.edu.cn/zsxx/lxszs/lxszyml/2026/ss/zsml_ss_lxs_cn_00029.pdf""]","[""2026-10-07""]",named_field,00,,Chinese,,,不区分研究方向,,Full-time
pku-master-2026-cn-00029-030122,1,Peking University,master,2026,prior_cycle_catalogue,"[""pku-master-cn-2026-00029""]","[""https://admission.pku.edu.cn/zsxx/lxszs/lxszyml/2026/ss/zsml_ss_lxs_cn_00029.pdf""]","[""2026-10-07""]",named_field,00,,Chinese,,,不区分研究方向,,Full-time
pku-master-2026-cn-00029-035101,1,Peking University,master,2026,prior_cycle_catalogue,"[""pku-master-cn-2026-00029""]","[""https://admission.pku.edu.cn/zsxx/lxszs/lxszyml/2026/ss/zsml_ss_lxs_cn_00029.pdf""]","[""2026-10-07""]",named_field,00,,Chinese,,,不区分研究方向,,Full-time
pku-master-2026-cn-00029-035102,1,Peking University,master,2026,prior_cycle_catalogue,"[""pku-master-cn-2026-00029""]","[""https://admission.pku.edu.cn/zsxx/lxszs/lxszyml/2026/ss/zsml_ss_lxs_cn_00029.pdf""]","[""2026-10-07""]",named_field,00,,Chinese,,,不区分研究方向,,Full-time
pku-master-2026-cn-00030-055300,1,Peking University,master,2026,prior_cycle_catalogue,"[""pku-master-cn-2026-00030""]","[""https://admission.pku.edu.cn/zsxx/lxszs/lxszyml/2026/ss/zsml_ss_lxs_cn_00030.pdf""]","[""2026-10-07""]",named_field,00,,Chinese,,,不区分研究方向,,Full-time
pku-master-2026-cn-00030-120501,1,Peking University,master,2026,prior_cycle_catalogue,"[""pku-master-cn-2026-00030""]","[""https://admission.pku.edu.cn/zsxx/lxszs/lxszyml/2026/ss/zsml_ss_lxs_cn_00030.pdf""]","[""2026-10-07""]",named_field,00,,Chinese,,,不区分研究方向,,Full-time
pku-master-2026-cn-00030-120502,1,Peking University,master,2026,prior_cycle_catalogue,"[""pku-master-cn-2026-00030""]","[""https://admission.pku.edu.cn/zsxx/lxszs/lxszyml/2026/ss/zsml_ss_lxs_cn_00030.pdf""]","[""2026-10-07""]",named_field,00,,Chinese,,,不区分研究方向,,Full-time
pku-master-2026-cn-00030-120521,1,Peking University,master,2026,prior_cycle_catalogue,"[""pku-master-cn-2026-00030""]","[""https://admission.pku.edu.cn/zsxx/lxszs/lxszyml/2026/ss/zsml_ss_lxs_cn_00030.pdf""]","[""2026-10-07""]",named_field,00,,Chinese,,,不区分研究方向,,Full-time
pku-master-2026-cn-00031-030301,1,Peking University,master,2026,prior_cycle_catalogue,"[""pku-master-cn-2026-00031""]","[""https://admission.pku.edu.cn/zsxx/lxszs/lxszyml/2026/ss/zsml_ss_lxs_cn_00031.pdf""]","[""2026-10-07""]",named_field,00,,Chinese,,,不区分研究方向,,Full-time
pku-master-2026-cn-00031-030303,1,Peking University,master,2026,prior_cycle_catalogue,"[""pku-master-cn-2026-00031""]","[""https://admission.pku.edu.cn/zsxx/lxszs/lxszyml/2026/ss/zsml_ss_lxs_cn_00031.pdf""]","[""2026-10-07""]",named_field,00,,Chinese,,,不区分研究方向,,Full-time
pku-master-2026-cn-00031-030322,1,Peking University,master,2026,prior_cycle_catalogue,"[""pku-master-cn-2026-00031""]","[""https://admission.pku.edu.cn/zsxx/lxszs/lxszyml/2026/ss/zsml_ss_lxs_cn_00031.pdf""]","[""2026-10-07""]",named_field,00,,Chinese,,,不区分研究方向,,Full-time
pku-master-2026-cn-00031-035200,1,Peking University,master,2026,prior_cycle_catalogue,"[""pku-master-cn-2026-00031""]","[""https://admission.pku.edu.cn/zsxx/lxszs/lxszyml/2026/ss/zsml_ss_lxs_cn_00031.pdf""]","[""2026-10-07""]",named_field,01,,Chinese,,,高级临床社会工作,,Full-time
pku-master-2026-cn-00031-035200,2,Peking University,master,2026,prior_cycle_catalogue,"[""pku-master-cn-2026-00031""]","[""https://admission.pku.edu.cn/zsxx/lxszs/lxszyml/2026/ss/zsml_ss_lxs_cn_00031.pdf""]","[""2026-10-07""]",named_field,02,,Chinese,,,社区发展,,Full-time
pku-master-2026-cn-00031-035200,3,Peking University,master,2026,prior_cycle_catalogue,"[""pku-master-cn-2026-00031""]","[""https://admission.pku.edu.cn/zsxx/lxszs/lxszyml/2026/ss/zsml_ss_lxs_cn_00031.pdf""]","[""2026-10-07""]",named_field,03,,Chinese,,,社会管理与社会政策,,Full-time
pku-master-2026-cn-00031-035200,4,Peking University,master,2026,prior_cycle_catalogue,"[""pku-master-cn-2026-00031""]","[""https://admission.pku.edu.cn/zsxx/lxszs/lxszyml/2026/ss/zsml_ss_lxs_cn_00031.pdf""]","[""2026-10-07""]",named_field,04,,Chinese,,,社会服务机构管理,,Full-time
pku-master-2026-cn-00031-S035600,1,Peking University,master,2026,prior_cycle_catalogue,"[""pku-master-cn-2026-00031""]","[""https://admission.pku.edu.cn/zsxx/lxszs/lxszyml/2026/ss/zsml_ss_lxs_cn_00031.pdf""]","[""2026-10-07""]",named_field,00,,Chinese,,,不区分研究方向,,Full-time
pku-master-2026-cn-00032-020202,1,Peking University,master,2026,prior_cycle_catalogue,"[""pku-master-cn-2026-00032""]","[""https://admission.pku.edu.cn/zsxx/lxszs/lxszyml/2026/ss/zsml_ss_lxs_cn_00032.pdf""]","[""2026-10-07""]",named_field,00,,Chinese,,,不区分研究方向,,Full-time
pku-master-2026-cn-00032-030201,1,Peking University,master,2026,prior_cycle_catalogue,"[""pku-master-cn-2026-00032""]","[""https://admission.pku.edu.cn/zsxx/lxszs/lxszyml/2026/ss/zsml_ss_lxs_cn_00032.pdf""]","[""2026-10-07""]",named_field,00,,Chinese,,,不区分研究方向,,Full-time
pku-master-2026-cn-00032-030222,1,Peking University,master,2026,prior_cycle_catalogue,"[""pku-master-cn-2026-00032""]","[""https://admission.pku.edu.cn/zsxx/lxszs/lxszyml/2026/ss/zsml_ss_lxs_cn_00032.pdf""]","[""2026-10-07""]",named_field,01,,Chinese,,,中国政府与政治,,Full-time
pku-master-2026-cn-00032-030222,2,Peking University,master,2026,prior_cycle_catalogue,"[""pku-master-cn-2026-00032""]","[""https://admission.pku.edu.cn/zsxx/lxszs/lxszyml/2026/ss/zsml_ss_lxs_cn_00032.pdf""]","[""2026-10-07""]",named_field,02,,Chinese,,,中国国家治理,,Full-time
pku-master-2026-cn-00032-030222,3,Peking University,master,2026,prior_cycle_catalogue,"[""pku-master-cn-2026-00032""]","[""https://admission.pku.edu.cn/zsxx/lxszs/lxszyml/2026/ss/zsml_ss_lxs_cn_00032.pdf""]","[""2026-10-07""]",named_field,03,,Chinese,,,中国政治制度,,Full-time
pku-master-2026-cn-00032-030222,4,Peking University,master,2026,prior_cycle_catalogue,"[""pku-master-cn-2026-00032""]","[""https://admission.pku.edu.cn/zsxx/lxszs/lxszyml/2026/ss/zsml_ss_lxs_cn_00032.pdf""]","[""2026-10-07""]",named_field,04,,Chinese,,,计算政治学,,Full-time
pku-master-2026-cn-00032-030222,5,Peking University,master,2026,prior_cycle_catalogue,"[""pku-master-cn-2026-00032""]","[""https://admission.pku.edu.cn/zsxx/lxszs/lxszyml/2026/ss/zsml_ss_lxs_cn_00032.pdf""]","[""2026-10-07""]",named_field,05,,Chinese,,,网络治理与智慧政府,,Full-time
pku-master-2026-cn-00032-030223,1,Peking University,master,2026,prior_cycle_catalogue,"[""pku-master-cn-2026-00032""]","[""https://admission.pku.edu.cn/zsxx/lxszs/lxszyml/2026/ss/zsml_ss_lxs_cn_00032.pdf""]","[""2026-10-07""]",named_field,00,,Chinese,,,不区分研究方向,,Full-time
pku-master-2026-cn-00032-030225,1,Peking University,master,2026,prior_cycle_catalogue,"[""pku-master-cn-2026-00032""]","[""https://admission.pku.edu.cn/zsxx/lxszs/lxszyml/2026/ss/zsml_ss_lxs_cn_00032.pdf""]","[""2026-10-07""]",named_field,00,,Chinese,,,不区分研究方向,,Full-time
pku-master-2026-cn-00032-120401,1,Peking University,master,2026,prior_cycle_catalogue,"[""pku-master-cn-2026-00032""]","[""https://admission.pku.edu.cn/zsxx/lxszs/lxszyml/2026/ss/zsml_ss_lxs_cn_00032.pdf""]","[""2026-10-07""]",named_field,00,,Chinese,,,不区分研究方向,,Full-time
pku-master-2026-cn-00032-120421,1,Peking University,master,2026,prior_cycle_catalogue,"[""pku-master-cn-2026-00032""]","[""https://admission.pku.edu.cn/zsxx/lxszs/lxszyml/2026/ss/zsml_ss_lxs_cn_00032.pdf""]","[""2026-10-07""]",named_field,00,,Chinese,,,不区分研究方向,,Full-time
pku-master-2026-cn-00032-120423,1,Peking University,master,2026,prior_cycle_catalogue,"[""pku-master-cn-2026-00032""]","[""https://admission.pku.edu.cn/zsxx/lxszs/lxszyml/2026/ss/zsml_ss_lxs_cn_00032.pdf""]","[""2026-10-07""]",named_field,00,,Chinese,,,不区分研究方向,,Full-time
pku-master-2026-cn-00032-120424,1,Peking University,master,2026,prior_cycle_catalogue,"[""pku-master-cn-2026-00032""]","[""https://admission.pku.edu.cn/zsxx/lxszs/lxszyml/2026/ss/zsml_ss_lxs_cn_00032.pdf""]","[""2026-10-07""]",named_field,00,,Chinese,,,不区分研究方向,,Full-time
pku-master-2026-cn-00032-125200,1,Peking University,master,2026,prior_cycle_catalogue,"[""pku-master-cn-2026-00032""]","[""https://admission.pku.edu.cn/zsxx/lxszs/lxszyml/2026/ss/zsml_ss_lxs_cn_00032.pdf""]","[""2026-10-07""]",named_field,01,,Chinese,,,公共政策比较与国际合作,,Full-time
pku-master-2026-cn-00040-020101,1,Peking University,master,2026,prior_cycle_catalogue,"[""pku-master-cn-2026-00040""]","[""https://admission.pku.edu.cn/zsxx/lxszs/lxszyml/2026/ss/zsml_ss_lxs_cn_00040.pdf""]","[""2026-10-07""]",named_field,00,,Chinese,,,不区分研究方向,,Full-time
pku-master-2026-cn-00040-030203,1,Peking University,master,2026,prior_cycle_catalogue,"[""pku-master-cn-2026-00040""]","[""https://admission.pku.edu.cn/zsxx/lxszs/lxszyml/2026/ss/zsml_ss_lxs_cn_00040.pdf""]","[""2026-10-07""]",named_field,00,,Chinese,,,不区分研究方向,,Full-time
pku-master-2026-cn-00040-030501,1,Peking University,master,2026,prior_cycle_catalogue,"[""pku-master-cn-2026-00040""]","[""https://admission.pku.edu.cn/zsxx/lxszs/lxszyml/2026/ss/zsml_ss_lxs_cn_00040.pdf""]","[""2026-10-07""]",named_field,00,,Chinese,,,不区分研究方向,,Full-time
pku-master-2026-cn-00040-030502,1,Peking University,master,2026,prior_cycle_catalogue,"[""pku-master-cn-2026-00040""]","[""https://admission.pku.edu.cn/zsxx/lxszs/lxszyml/2026/ss/zsml_ss_lxs_cn_00040.pdf""]","[""2026-10-07""]",named_field,00,,Chinese,,,不区分研究方向,,Full-time
pku-master-2026-cn-00040-030503,1,Peking University,master,2026,prior_cycle_catalogue,"[""pku-master-cn-2026-00040""]","[""https://admission.pku.edu.cn/zsxx/lxszs/lxszyml/2026/ss/zsml_ss_lxs_cn_00040.pdf""]","[""2026-10-07""]",named_field,00,,Chinese,,,不区分研究方向,,Full-time
pku-master-2026-cn-00040-030504,1,Peking University,master,2026,prior_cycle_catalogue,"[""pku-master-cn-2026-00040""]","[""https://admission.pku.edu.cn/zsxx/lxszs/lxszyml/2026/ss/zsml_ss_lxs_cn_00040.pdf""]","[""2026-10-07""]",named_field,00,,Chinese,,,不区分研究方向,,Full-time
pku-master-2026-cn-00040-030505,1,Peking University,master,2026,prior_cycle_catalogue,"[""pku-master-cn-2026-00040""]","[""https://admission.pku.edu.cn/zsxx/lxszs/lxszyml/2026/ss/zsml_ss_lxs_cn_00040.pdf""]","[""2026-10-07""]",named_field,00,,Chinese,,,不区分研究方向,,Full-time
pku-master-2026-cn-00040-030506,1,Peking University,master,2026,prior_cycle_catalogue,"[""pku-master-cn-2026-00040""]","[""https://admission.pku.edu.cn/zsxx/lxszs/lxszyml/2026/ss/zsml_ss_lxs_cn_00040.pdf""]","[""2026-10-07""]",named_field,00,,Chinese,,,不区分研究方向,,Full-time
pku-master-2026-cn-00040-030700,1,Peking University,master,2026,prior_cycle_catalogue,"[""pku-master-cn-2026-00040""]","[""https://admission.pku.edu.cn/zsxx/lxszs/lxszyml/2026/ss/zsml_ss_lxs_cn_00040.pdf""]","[""2026-10-07""]",named_field,00,,Chinese,,,不区分研究方向,,Full-time
pku-master-2026-cn-00067-040101,1,Peking University,master,2026,prior_cycle_catalogue,"[""pku-master-cn-2026-00067""]","[""https://admission.pku.edu.cn/zsxx/lxszs/lxszyml/2026/ss/zsml_ss_lxs_cn_00067.pdf""]","[""2026-10-07""]",named_field,00,,Chinese,,,不区分研究方向,,Full-time
pku-master-2026-cn-00067-040106,1,Peking University,master,2026,prior_cycle_catalogue,"[""pku-master-cn-2026-00067""]","[""https://admission.pku.edu.cn/zsxx/lxszs/lxszyml/2026/ss/zsml_ss_lxs_cn_00067.pdf""]","[""2026-10-07""]",named_field,00,,Chinese,,,不区分研究方向,,Full-time
pku-master-2026-cn-00067-040110,1,Peking University,master,2026,prior_cycle_catalogue,"[""pku-master-cn-2026-00067""]","[""https://admission.pku.edu.cn/zsxx/lxszs/lxszyml/2026/ss/zsml_ss_lxs_cn_00067.pdf""]","[""2026-10-07""]",named_field,00,,Chinese,,,不区分研究方向,,Full-time
pku-master-2026-cn-00067-040121,1,Peking University,master,2026,prior_cycle_catalogue,"[""pku-master-cn-2026-00067""]","[""https://admission.pku.edu.cn/zsxx/lxszs/lxszyml/2026/ss/zsml_ss_lxs_cn_00067.pdf""]","[""2026-10-07""]",named_field,00,,Chinese,,,不区分研究方向,,Full-time
pku-master-2026-cn-00067-120403,1,Peking University,master,2026,prior_cycle_catalogue,"[""pku-master-cn-2026-00067""]","[""https://admission.pku.edu.cn/zsxx/lxszs/lxszyml/2026/ss/zsml_ss_lxs_cn_00067.pdf""]","[""2026-10-07""]",named_field,01,,Chinese,,,教育经济与财政,,Full-time
pku-master-2026-cn-00067-120403,2,Peking University,master,2026,prior_cycle_catalogue,"[""pku-master-cn-2026-00067""]","[""https://admission.pku.edu.cn/zsxx/lxszs/lxszyml/2026/ss/zsml_ss_lxs_cn_00067.pdf""]","[""2026-10-07""]",named_field,02,,Chinese,,,教育财政,,Full-time
pku-master-2026-cn-00018-055200,1,Peking University,master,2026,prior_cycle_catalogue,"[""pku-master-cn-2026-00018""]","[""https://admission.pku.edu.cn/zsxx/lxszs/lxszyml/2026/ss/zsml_ss_lxs_cn_00018.pdf""]","[""2026-10-07""]",named_field,01,,Chinese,,,新闻与传播,,Full-time
pku-master-2026-cn-00041-045200,1,Peking University,master,2026,prior_cycle_catalogue,"[""pku-master-cn-2026-00041""]","[""https://admission.pku.edu.cn/zsxx/lxszs/lxszyml/2026/ss/zsml_ss_lxs_cn_00041.pdf""]","[""2026-10-07""]",named_field,00,,Chinese,,,不区分研究方向,,Full-time
pku-master-2026-cn-00025-025100,1,Peking University,master,2026,prior_cycle_catalogue,"[""pku-master-cn-2026-00025""]","[""https://admission.pku.edu.cn/zsxx/lxszs/lxszyml/2026/ss/zsml_ss_lxs_cn_00025.pdf""]","[""2026-10-07""]",named_field,00,,Chinese,,,不区分研究方向,,Full-time
pku-master-2026-cn-00025-025300,1,Peking University,master,2026,prior_cycle_catalogue,"[""pku-master-cn-2026-00025""]","[""https://admission.pku.edu.cn/zsxx/lxszs/lxszyml/2026/ss/zsml_ss_lxs_cn_00025.pdf""]","[""2026-10-07""]",named_field,00,,Chinese,,,不区分研究方向,,Full-time
pku-master-2026-cn-00025-025400,1,Peking University,master,2026,prior_cycle_catalogue,"[""pku-master-cn-2026-00025""]","[""https://admission.pku.edu.cn/zsxx/lxszs/lxszyml/2026/ss/zsml_ss_lxs_cn_00025.pdf""]","[""2026-10-07""]",named_field,00,,Chinese,,,不区分研究方向,,Full-time
pku-master-2026-cn-00025-025500,1,Peking University,master,2026,prior_cycle_catalogue,"[""pku-master-cn-2026-00025""]","[""https://admission.pku.edu.cn/zsxx/lxszs/lxszyml/2026/ss/zsml_ss_lxs_cn_00025.pdf""]","[""2026-10-07""]",named_field,00,,Chinese,,,不区分研究方向,,Full-time
pku-master-2026-cn-00025-025800,1,Peking University,master,2026,prior_cycle_catalogue,"[""pku-master-cn-2026-00025""]","[""https://admission.pku.edu.cn/zsxx/lxszs/lxszyml/2026/ss/zsml_ss_lxs_cn_00025.pdf""]","[""2026-10-07""]",named_field,00,,Chinese,,,不区分研究方向,,Full-time
pku-master-2026-cn-00028-025100,1,Peking University,master,2026,prior_cycle_catalogue,"[""pku-master-cn-2026-00028""]","[""https://admission.pku.edu.cn/zsxx/lxszs/lxszyml/2026/ss/zsml_ss_lxs_cn_00028.pdf""]","[""2026-10-07""]",named_field,01,,Chinese,,,高级金融,,Full-time
pku-master-2026-cn-00028-025100,2,Peking University,master,2026,prior_cycle_catalogue,"[""pku-master-cn-2026-00028""]","[""https://admission.pku.edu.cn/zsxx/lxszs/lxszyml/2026/ss/zsml_ss_lxs_cn_00028.pdf""]","[""2026-10-07""]",named_field,02,,Chinese,,,科创金融,,Full-time
pku-master-2026-cn-00028-025100,3,Peking University,master,2026,prior_cycle_catalogue,"[""pku-master-cn-2026-00028""]","[""https://admission.pku.edu.cn/zsxx/lxszs/lxszyml/2026/ss/zsml_ss_lxs_cn_00028.pdf""]","[""2026-10-07""]",named_field,03,,Chinese,,,商业分析,,Full-time
pku-master-2026-cn-00028-125101,1,Peking University,master,2026,prior_cycle_catalogue,"[""pku-master-cn-2026-00028""]","[""https://admission.pku.edu.cn/zsxx/lxszs/lxszyml/2026/ss/zsml_ss_lxs_cn_00028.pdf""]","[""2026-10-07""]",named_field,01,,Chinese,,,工商管理--综合管理MBA项目,,Part-time
pku-master-2026-cn-00028-125101,2,Peking University,master,2026,prior_cycle_catalogue,"[""pku-master-cn-2026-00028""]","[""https://admission.pku.edu.cn/zsxx/lxszs/lxszyml/2026/ss/zsml_ss_lxs_cn_00028.pdf""]","[""2026-10-07""]",named_field,02,,Chinese,,,工商管理--科创MBA项目,,Part-time
pku-master-2026-cn-00028-125101,3,Peking University,master,2026,prior_cycle_catalogue,"[""pku-master-cn-2026-00028""]","[""https://admission.pku.edu.cn/zsxx/lxszs/lxszyml/2026/ss/zsml_ss_lxs_cn_00028.pdf""]","[""2026-10-07""]",named_field,03,,Chinese,,,北大-康奈尔 MBA/MMH 双学位项目,,Part-time
pku-master-2026-cn-00028-125102,1,Peking University,master,2026,prior_cycle_catalogue,"[""pku-master-cn-2026-00028""]","[""https://admission.pku.edu.cn/zsxx/lxszs/lxszyml/2026/ss/zsml_ss_lxs_cn_00028.pdf""]","[""2026-10-07""]",named_field,01,,Chinese,,,高级管理人员工商管理,,Part-time
pku-master-2026-cn-00028-125300,1,Peking University,master,2026,prior_cycle_catalogue,"[""pku-master-cn-2026-00028""]","[""https://admission.pku.edu.cn/zsxx/lxszs/lxszyml/2026/ss/zsml_ss_lxs_cn_00028.pdf""]","[""2026-10-07""]",named_field,00,,Chinese,,,不区分研究方向,,Full-time
pku-master-2026-cn-00028-125700,1,Peking University,master,2026,prior_cycle_catalogue,"[""pku-master-cn-2026-00028""]","[""https://admission.pku.edu.cn/zsxx/lxszs/lxszyml/2026/ss/zsml_ss_lxs_cn_00028.pdf""]","[""2026-10-07""]",named_field,00,,Chinese,,,不区分研究方向,,Full-time
pku-master-2026-cn-00068-020101,1,Peking University,master,2026,prior_cycle_catalogue,"[""pku-master-cn-2026-00068""]","[""https://admission.pku.edu.cn/zsxx/lxszs/lxszyml/2026/ss/zsml_ss_lxs_cn_00068.pdf""]","[""2026-10-07""]",named_field,01,,Chinese,,,人口经济学,,Full-time
pku-master-2026-cn-00068-020101,2,Peking University,master,2026,prior_cycle_catalogue,"[""pku-master-cn-2026-00068""]","[""https://admission.pku.edu.cn/zsxx/lxszs/lxszyml/2026/ss/zsml_ss_lxs_cn_00068.pdf""]","[""2026-10-07""]",named_field,02,,Chinese,,,工商人口学,,Full-time
pku-master-2026-cn-00068-020106,1,Peking University,master,2026,prior_cycle_catalogue,"[""pku-master-cn-2026-00068""]","[""https://admission.pku.edu.cn/zsxx/lxszs/lxszyml/2026/ss/zsml_ss_lxs_cn_00068.pdf""]","[""2026-10-07""]",named_field,01,,Chinese,,,人口经济学,,Full-time
pku-master-2026-cn-00068-020106,2,Peking University,master,2026,prior_cycle_catalogue,"[""pku-master-cn-2026-00068""]","[""https://admission.pku.edu.cn/zsxx/lxszs/lxszyml/2026/ss/zsml_ss_lxs_cn_00068.pdf""]","[""2026-10-07""]",named_field,02,,Chinese,,,人口与可持续发展,,Full-time
pku-master-2026-cn-00068-020106,3,Peking University,master,2026,prior_cycle_catalogue,"[""pku-master-cn-2026-00068""]","[""https://admission.pku.edu.cn/zsxx/lxszs/lxszyml/2026/ss/zsml_ss_lxs_cn_00068.pdf""]","[""2026-10-07""]",named_field,03,,Chinese,,,健康与环境的经济学分析,,Full-time
pku-master-2026-cn-00068-030302,1,Peking University,master,2026,prior_cycle_catalogue,"[""pku-master-cn-2026-00068""]","[""https://admission.pku.edu.cn/zsxx/lxszs/lxszyml/2026/ss/zsml_ss_lxs_cn_00068.pdf""]","[""2026-10-07""]",named_field,01,,Chinese,,,人口与健康,,Full-time
pku-master-2026-cn-00068-030302,2,Peking University,master,2026,prior_cycle_catalogue,"[""pku-master-cn-2026-00068""]","[""https://admission.pku.edu.cn/zsxx/lxszs/lxszyml/2026/ss/zsml_ss_lxs_cn_00068.pdf""]","[""2026-10-07""]",named_field,02,,Chinese,,,人口分析方法与应用,,Full-time
pku-master-2026-cn-00068-030302,3,Peking University,master,2026,prior_cycle_catalogue,"[""pku-master-cn-2026-00068""]","[""https://admission.pku.edu.cn/zsxx/lxszs/lxszyml/2026/ss/zsml_ss_lxs_cn_00068.pdf""]","[""2026-10-07""]",named_field,03,,Chinese,,,老年人口学,,Full-time
pku-master-2026-cn-00068-030302,4,Peking University,master,2026,prior_cycle_catalogue,"[""pku-master-cn-2026-00068""]","[""https://admission.pku.edu.cn/zsxx/lxszs/lxszyml/2026/ss/zsml_ss_lxs_cn_00068.pdf""]","[""2026-10-07""]",named_field,04,,Chinese,,,残疾人口研究,,Full-time
pku-master-2026-cn-00068-030320,1,Peking University,master,2026,prior_cycle_catalogue,"[""pku-master-cn-2026-00068""]","[""https://admission.pku.edu.cn/zsxx/lxszs/lxszyml/2026/ss/zsml_ss_lxs_cn_00068.pdf""]","[""2026-10-07""]",named_field,01,,Chinese,,,老龄经济学,,Full-time
pku-master-2026-cn-00068-030320,2,Peking University,master,2026,prior_cycle_catalogue,"[""pku-master-cn-2026-00068""]","[""https://admission.pku.edu.cn/zsxx/lxszs/lxszyml/2026/ss/zsml_ss_lxs_cn_00068.pdf""]","[""2026-10-07""]",named_field,02,,Chinese,,,老龄健康学,,Full-time
pku-master-2026-cn-00068-030320,3,Peking University,master,2026,prior_cycle_catalogue,"[""pku-master-cn-2026-00068""]","[""https://admission.pku.edu.cn/zsxx/lxszs/lxszyml/2026/ss/zsml_ss_lxs_cn_00068.pdf""]","[""2026-10-07""]",named_field,03,,Chinese,,,老年社会学,,Full-time
pku-master-2026-cn-00068-035200,1,Peking University,master,2026,prior_cycle_catalogue,"[""pku-master-cn-2026-00068""]","[""https://admission.pku.edu.cn/zsxx/lxszs/lxszyml/2026/ss/zsml_ss_lxs_cn_00068.pdf""]","[""2026-10-07""]",named_field,01,,Chinese,,,老龄产业与服务,,Full-time
pku-master-2026-cn-00068-035200,2,Peking University,master,2026,prior_cycle_catalogue,"[""pku-master-cn-2026-00068""]","[""https://admission.pku.edu.cn/zsxx/lxszs/lxszyml/2026/ss/zsml_ss_lxs_cn_00068.pdf""]","[""2026-10-07""]",named_field,02,,Chinese,,,残疾服务与管理,,Full-time
pku-master-2026-cn-00062-125102,1,Peking University,master,2026,prior_cycle_catalogue,"[""pku-master-cn-2026-00062""]","[""https://admission.pku.edu.cn/zsxx/lxszs/lxszyml/2026/ss/zsml_ss_lxs_cn_00062.pdf""]","[""2026-10-07""]",named_field,00,,Chinese,,,不区分研究方向,,Part-time
pku-master-2026-cn-00084-071200,1,Peking University,master,2026,prior_cycle_catalogue,"[""pku-master-cn-2026-00084""]","[""https://admission.pku.edu.cn/zsxx/lxszs/lxszyml/2026/ss/zsml_ss_lxs_cn_00084.pdf""]","[""2026-10-07""]",named_field,00,,Chinese,,,不区分研究方向,,Full-time
pku-master-2026-cn-00206-055200,1,Peking University,master,2026,prior_cycle_catalogue,"[""pku-master-cn-2026-00206""]","[""https://admission.pku.edu.cn/zsxx/lxszs/lxszyml/2026/ss/zsml_ss_lxs_cn_00206.pdf""]","[""2026-10-07""]",named_field,01,,Chinese,,,新媒体,,Full-time
pku-master-2026-cn-00047-020104,1,Peking University,master,2026,prior_cycle_catalogue,"[""pku-master-cn-2026-00047""]","[""https://admission.pku.edu.cn/zsxx/lxszs/lxszyml/2026/ss/zsml_ss_lxs_cn_00047.pdf""]","[""2026-10-07""]",named_field,00,,Chinese,,,不区分研究方向,,Full-time
pku-master-2026-cn-00047-0202J2,1,Peking University,master,2026,prior_cycle_catalogue,"[""pku-master-cn-2026-00047""]","[""https://admission.pku.edu.cn/zsxx/lxszs/lxszyml/2026/ss/zsml_ss_lxs_cn_00047.pdf""]","[""2026-10-07""]",named_field,00,,Chinese,,,不区分研究方向,,Part-time
pku-master-2026-cn-00047-025100,1,Peking University,master,2026,prior_cycle_catalogue,"[""pku-master-cn-2026-00047""]","[""https://admission.pku.edu.cn/zsxx/lxszs/lxszyml/2026/ss/zsml_ss_lxs_cn_00047.pdf""]","[""2026-10-07""]",named_field,01,,Chinese,,,留学生专项,,Full-time
pku-master-2026-cn-00047-035101,1,Peking University,master,2026,prior_cycle_catalogue,"[""pku-master-cn-2026-00047""]","[""https://admission.pku.edu.cn/zsxx/lxszs/lxszyml/2026/ss/zsml_ss_lxs_cn_00047.pdf""]","[""2026-10-07""]",named_field,00,,Chinese,,,不区分研究方向,,Full-time
pku-master-2026-cn-00047-035102,1,Peking University,master,2026,prior_cycle_catalogue,"[""pku-master-cn-2026-00047""]","[""https://admission.pku.edu.cn/zsxx/lxszs/lxszyml/2026/ss/zsml_ss_lxs_cn_00047.pdf""]","[""2026-10-07""]",named_field,00,,Chinese,,,不区分研究方向,,Full-time
pku-master-2026-cn-00047-055200,1,Peking University,master,2026,prior_cycle_catalogue,"[""pku-master-cn-2026-00047""]","[""https://admission.pku.edu.cn/zsxx/lxszs/lxszyml/2026/ss/zsml_ss_lxs_cn_00047.pdf""]","[""2026-10-07""]",named_field,00,,Chinese,,,不区分研究方向,,Full-time
pku-master-2026-cn-00047-070526,1,Peking University,master,2026,prior_cycle_catalogue,"[""pku-master-cn-2026-00047""]","[""https://admission.pku.edu.cn/zsxx/lxszs/lxszyml/2026/ss/zsml_ss_lxs_cn_00047.pdf""]","[""2026-10-07""]",named_field,00,,Chinese,,,不区分研究方向,,Full-time
pku-master-2026-cn-00047-0710J6,1,Peking University,master,2026,prior_cycle_catalogue,"[""pku-master-cn-2026-00047""]","[""https://admission.pku.edu.cn/zsxx/lxszs/lxszyml/2026/ss/zsml_ss_lxs_cn_00047.pdf""]","[""2026-10-07""]",named_field,00,,Chinese,,,不区分研究方向,,Full-time
pku-master-2026-cn-00047-080500,1,Peking University,master,2026,prior_cycle_catalogue,"[""pku-master-cn-2026-00047""]","[""https://admission.pku.edu.cn/zsxx/lxszs/lxszyml/2026/ss/zsml_ss_lxs_cn_00047.pdf""]","[""2026-10-07""]",named_field,00,,Chinese,,,不区分研究方向,,Full-time
pku-master-2026-cn-00047-0805J6,1,Peking University,master,2026,prior_cycle_catalogue,"[""pku-master-cn-2026-00047""]","[""https://admission.pku.edu.cn/zsxx/lxszs/lxszyml/2026/ss/zsml_ss_lxs_cn_00047.pdf""]","[""2026-10-07""]",named_field,00,,Chinese,,,不区分研究方向,,Full-time
pku-master-2026-cn-00047-081200,1,Peking University,master,2026,prior_cycle_catalogue,"[""pku-master-cn-2026-00047""]","[""https://admission.pku.edu.cn/zsxx/lxszs/lxszyml/2026/ss/zsml_ss_lxs_cn_00047.pdf""]","[""2026-10-07""]",named_field,00,,Chinese,,,不区分研究方向,,Full-time
pku-master-2026-cn-00047-0812J6,1,Peking University,master,2026,prior_cycle_catalogue,"[""pku-master-cn-2026-00047""]","[""https://admission.pku.edu.cn/zsxx/lxszs/lxszyml/2026/ss/zsml_ss_lxs_cn_00047.pdf""]","[""2026-10-07""]",named_field,00,,Chinese,,,不区分研究方向,,Full-time
pku-master-2026-cn-00047-083001,1,Peking University,master,2026,prior_cycle_catalogue,"[""pku-master-cn-2026-00047""]","[""https://admission.pku.edu.cn/zsxx/lxszs/lxszyml/2026/ss/zsml_ss_lxs_cn_00047.pdf""]","[""2026-10-07""]",named_field,00,,Chinese,,,不区分研究方向,,Full-time
pku-master-2026-cn-00047-083002,1,Peking University,master,2026,prior_cycle_catalogue,"[""pku-master-cn-2026-00047""]","[""https://admission.pku.edu.cn/zsxx/lxszs/lxszyml/2026/ss/zsml_ss_lxs_cn_00047.pdf""]","[""2026-10-07""]",named_field,00,,Chinese,,,不区分研究方向,,Full-time
pku-master-2026-cn-00047-085600,1,Peking University,master,2026,prior_cycle_catalogue,"[""pku-master-cn-2026-00047""]","[""https://admission.pku.edu.cn/zsxx/lxszs/lxszyml/2026/ss/zsml_ss_lxs_cn_00047.pdf""]","[""2026-10-07""]",named_field,00,,Chinese,,,不区分研究方向,,Full-time
pku-master-2026-cn-00047-120202,1,Peking University,master,2026,prior_cycle_catalogue,"[""pku-master-cn-2026-00047""]","[""https://admission.pku.edu.cn/zsxx/lxszs/lxszyml/2026/ss/zsml_ss_lxs_cn_00047.pdf""]","[""2026-10-07""]",named_field,00,,Chinese,,,不区分研究方向,,Full-time
pku-master-2026-cn-00047-125101,1,Peking University,master,2026,prior_cycle_catalogue,"[""pku-master-cn-2026-00047""]","[""https://admission.pku.edu.cn/zsxx/lxszs/lxszyml/2026/ss/zsml_ss_lxs_cn_00047.pdf""]","[""2026-10-07""]",named_field,00,,Chinese,,,不区分研究方向,,Part-time
pku-master-2026-cn-00047-125102,1,Peking University,master,2026,prior_cycle_catalogue,"[""pku-master-cn-2026-00047""]","[""https://admission.pku.edu.cn/zsxx/lxszs/lxszyml/2026/ss/zsml_ss_lxs_cn_00047.pdf""]","[""2026-10-07""]",named_field,00,,Chinese,,,不区分研究方向,,Part-time
pku-master-2026-cn-00047-140100,1,Peking University,master,2026,prior_cycle_catalogue,"[""pku-master-cn-2026-00047""]","[""https://admission.pku.edu.cn/zsxx/lxszs/lxszyml/2026/ss/zsml_ss_lxs_cn_00047.pdf""]","[""2026-10-07""]",named_field,00,,Chinese,,,不区分研究方向,,Full-time
pku-master-2026-en-00004-070401,1,Peking University,master,2026,prior_cycle_catalogue,"[""pku-master-en-2026-00004""]","[""https://admission.pku.edu.cn/zsxx/lxszs/lxszyml/2026/ss/zsml_ss_lxs_en_00004.pdf""]","[""2026-10-07""]",named_field,01,,English,,,宇宙学和星系物理(Cosmology and Galaxy Astrophysics),,Full-time
pku-master-2026-en-00004-070401,2,Peking University,master,2026,prior_cycle_catalogue,"[""pku-master-en-2026-00004""]","[""https://admission.pku.edu.cn/zsxx/lxszs/lxszyml/2026/ss/zsml_ss_lxs_en_00004.pdf""]","[""2026-10-07""]",named_field,02,,English,,,"星际介质、恒星和行星(Interstellar Mediu m, Star and Planet)",,Full-time
pku-master-2026-en-00004-070401,3,Peking University,master,2026,prior_cycle_catalogue,"[""pku-master-en-2026-00004""]","[""https://admission.pku.edu.cn/zsxx/lxszs/lxszyml/2026/ss/zsml_ss_lxs_en_00004.pdf""]","[""2026-10-07""]",named_field,03,,English,,,引力和高能天体物理(Gravitation and High- energy Astrophysics),,Full-time
pku-master-2026-en-00004-070401,4,Peking University,master,2026,prior_cycle_catalogue,"[""pku-master-en-2026-00004""]","[""https://admission.pku.edu.cn/zsxx/lxszs/lxszyml/2026/ss/zsml_ss_lxs_en_00004.pdf""]","[""2026-10-07""]",named_field,04,,English,,,粒子与核天体物理(Particle and Nuclear Astrophysics),,Full-time
pku-master-2026-en-00004-070401,5,Peking University,master,2026,prior_cycle_catalogue,"[""pku-master-en-2026-00004""]","[""https://admission.pku.edu.cn/zsxx/lxszs/lxszyml/2026/ss/zsml_ss_lxs_en_00004.pdf""]","[""2026-10-07""]",named_field,05,,English,,,天体物理技术及应用(Astronomy Technology and Application),,Full-time
pku-master-2026-en-00101-081200,1,Peking University,master,2026,prior_cycle_catalogue,"[""pku-master-en-2026-00101""]","[""https://admission.pku.edu.cn/zsxx/lxszs/lxszyml/2026/ss/zsml_ss_lxs_en_00101.pdf""]","[""2026-10-07""]",named_field,01,,English,,,计算理论(Computational Theory),,Full-time
pku-master-2026-en-00101-081200,2,Peking University,master,2026,prior_cycle_catalogue,"[""pku-master-en-2026-00101""]","[""https://admission.pku.edu.cn/zsxx/lxszs/lxszyml/2026/ss/zsml_ss_lxs_en_00101.pdf""]","[""2026-10-07""]",named_field,02,,English,,,软件工程(Software Engineering ),,Full-time
pku-master-2026-en-00101-081200,3,Peking University,master,2026,prior_cycle_catalogue,"[""pku-master-en-2026-00101""]","[""https://admission.pku.edu.cn/zsxx/lxszs/lxszyml/2026/ss/zsml_ss_lxs_en_00101.pdf""]","[""2026-10-07""]",named_field,03,,English,,,系统软件(System Software),,Full-time
pku-master-2026-en-00101-081200,4,Peking University,master,2026,prior_cycle_catalogue,"[""pku-master-en-2026-00101""]","[""https://admission.pku.edu.cn/zsxx/lxszs/lxszyml/2026/ss/zsml_ss_lxs_en_00101.pdf""]","[""2026-10-07""]",named_field,04,,English,,,数据库与大数据(Databases and big Data),,Full-time
pku-master-2026-en-00101-081200,5,Peking University,master,2026,prior_cycle_catalogue,"[""pku-master-en-2026-00101""]","[""https://admission.pku.edu.cn/zsxx/lxszs/lxszyml/2026/ss/zsml_ss_lxs_en_00101.pdf""]","[""2026-10-07""]",named_field,05,,English,,,计算机视觉与多媒体(Computer Vision and Multimedia),,Full-time
pku-master-2026-en-00101-081200,6,Peking University,master,2026,prior_cycle_catalogue,"[""pku-master-en-2026-00101""]","[""https://admission.pku.edu.cn/zsxx/lxszs/lxszyml/2026/ss/zsml_ss_lxs_en_00101.pdf""]","[""2026-10-07""]",named_field,06,,English,,,计算机安全(Computer Securit),,Full-time
pku-master-2026-en-00101-081200,7,Peking University,master,2026,prior_cycle_catalogue,"[""pku-master-en-2026-00101""]","[""https://admission.pku.edu.cn/zsxx/lxszs/lxszyml/2026/ss/zsml_ss_lxs_en_00101.pdf""]","[""2026-10-07""]",named_field,07,,English,,,计算机网络(Computer Networks),,Full-time
pku-master-2026-en-00101-081200,8,Peking University,master,2026,prior_cycle_catalogue,"[""pku-master-en-2026-00101""]","[""https://admission.pku.edu.cn/zsxx/lxszs/lxszyml/2026/ss/zsml_ss_lxs_en_00101.pdf""]","[""2026-10-07""]",named_field,08,,English,,,计算机体系结构(Computer Architecture),,Full-time
pku-master-2026-en-00101-081200,9,Peking University,master,2026,prior_cycle_catalogue,"[""pku-master-en-2026-00101""]","[""https://admission.pku.edu.cn/zsxx/lxszs/lxszyml/2026/ss/zsml_ss_lxs_en_00101.pdf""]","[""2026-10-07""]",named_field,09,,English,,,人工智能(Artificial Intelligence),,Full-time
pku-master-2026-en-00101-081200,10,Peking University,master,2026,prior_cycle_catalogue,"[""pku-master-en-2026-00101""]","[""https://admission.pku.edu.cn/zsxx/lxszs/lxszyml/2026/ss/zsml_ss_lxs_en_00101.pdf""]","[""2026-10-07""]",named_field,10,,English,,,自然语言处理(Natural Language Processing),,Full-time
pku-master-2026-en-00101-081200,11,Peking University,master,2026,prior_cycle_catalogue,"[""pku-master-en-2026-00101""]","[""https://admission.pku.edu.cn/zsxx/lxszs/lxszyml/2026/ss/zsml_ss_lxs_en_00101.pdf""]","[""2026-10-07""]",named_field,11,,English,,,普适计算与人机交互( Ubiquitous Computing and Human-computer Interaction),,Full-time
pku-master-2026-en-00101-081200,12,Peking University,master,2026,prior_cycle_catalogue,"[""pku-master-en-2026-00101""]","[""https://admission.pku.edu.cn/zsxx/lxszs/lxszyml/2026/ss/zsml_ss_lxs_en_00101.pdf""]","[""2026-10-07""]",named_field,12,,English,,,程序设计语言(Programming Languages),,Full-time
pku-master-2026-en-00101-081200,13,Peking University,master,2026,prior_cycle_catalogue,"[""pku-master-en-2026-00101""]","[""https://admission.pku.edu.cn/zsxx/lxszs/lxszyml/2026/ss/zsml_ss_lxs_en_00101.pdf""]","[""2026-10-07""]",named_field,13,,English,,,高性能计算(High Performance Computing (HPC) ),,Full-time
pku-master-2026-en-00101-081200,14,Peking University,master,2026,prior_cycle_catalogue,"[""pku-master-en-2026-00101""]","[""https://admission.pku.edu.cn/zsxx/lxszs/lxszyml/2026/ss/zsml_ss_lxs_en_00101.pdf""]","[""2026-10-07""]",named_field,14,,English,,,计算机图形学(Computer Graphics),,Full-time
pku-master-2026-en-00127-083002,1,Peking University,master,2026,prior_cycle_catalogue,"[""pku-master-en-2026-00127""]","[""https://admission.pku.edu.cn/zsxx/lxszs/lxszyml/2026/ss/zsml_ss_lxs_en_00127.pdf""]","[""2026-10-07""]",named_field,01,,English,,,水处理工程(Water Treatment Engineering),,Full-time
pku-master-2026-en-00127-083002,2,Peking University,master,2026,prior_cycle_catalogue,"[""pku-master-en-2026-00127""]","[""https://admission.pku.edu.cn/zsxx/lxszs/lxszyml/2026/ss/zsml_ss_lxs_en_00127.pdf""]","[""2026-10-07""]",named_field,02,,English,,,固废处置与资源化(Solid Waste Disposal and Resource Recovery),,Full-time
pku-master-2026-en-00127-083002,3,Peking University,master,2026,prior_cycle_catalogue,"[""pku-master-en-2026-00127""]","[""https://admission.pku.edu.cn/zsxx/lxszs/lxszyml/2026/ss/zsml_ss_lxs_en_00127.pdf""]","[""2026-10-07""]",named_field,03,,English,,,饮用水安全(Drinking Water Safety),,Full-time
pku-master-2026-en-00127-083002,4,Peking University,master,2026,prior_cycle_catalogue,"[""pku-master-en-2026-00127""]","[""https://admission.pku.edu.cn/zsxx/lxszs/lxszyml/2026/ss/zsml_ss_lxs_en_00127.pdf""]","[""2026-10-07""]",named_field,04,,English,,,土壤与地下水污染控制与修复(Soil and Groundwater Pollution Control and Remediation),,Full-time
pku-master-2026-en-00127-083002,5,Peking University,master,2026,prior_cycle_catalogue,"[""pku-master-en-2026-00127""]","[""https://admission.pku.edu.cn/zsxx/lxszs/lxszyml/2026/ss/zsml_ss_lxs_en_00127.pdf""]","[""2026-10-07""]",named_field,05,,English,,,工程环境模拟与信息系统(Environmental Engineering Modeling and Information Systems),,Full-time
pku-master-2026-en-00127-083021,1,Peking University,master,2026,prior_cycle_catalogue,"[""pku-master-en-2026-00127""]","[""https://admission.pku.edu.cn/zsxx/lxszs/lxszyml/2026/ss/zsml_ss_lxs_en_00127.pdf""]","[""2026-10-07""]",named_field,01,,English,,,"环境政策、科学与技术(Environmental Policy, Science and Technology)",,Full-time
pku-master-2026-en-00232-080500,1,Peking University,master,2026,prior_cycle_catalogue,"[""pku-master-en-2026-00232""]","[""https://admission.pku.edu.cn/zsxx/lxszs/lxszyml/2026/ss/zsml_ss_lxs_en_00232.pdf""]","[""2026-10-07""]",named_field,00,,English,,,不区分研究方向(no need to specify research fields when applying),,Full-time
pku-master-2026-en-00024-030207,1,Peking University,master,2026,prior_cycle_catalogue,"[""pku-master-en-2026-00024""]","[""https://admission.pku.edu.cn/zsxx/lxszs/lxszyml/2026/ss/zsml_ss_lxs_en_00024.pdf""]","[""2026-10-07""]",named_field,01,,English,,,现当代国际关系(Contemporary International Relations),,Full-time
pku-master-2026-en-00029-030105,1,Peking University,master,2026,prior_cycle_catalogue,"[""pku-master-en-2026-00029""]","[""https://admission.pku.edu.cn/zsxx/lxszs/lxszyml/2026/ss/zsml_ss_lxs_en_00029.pdf""]","[""2026-10-07""]",named_field,00,,English,,,不区分研究方向(no need to specify research fields when applying),,Full-time
pku-master-2026-en-00032-120421,1,Peking University,master,2026,prior_cycle_catalogue,"[""pku-master-en-2026-00032""]","[""https://admission.pku.edu.cn/zsxx/lxszs/lxszyml/2026/ss/zsml_ss_lxs_en_00032.pdf""]","[""2026-10-07""]",named_field,00,,English,,,不区分研究方向(no need to specify research fields when applying),,Full-time
pku-master-2026-en-00032-125200,1,Peking University,master,2026,prior_cycle_catalogue,"[""pku-master-en-2026-00032""]","[""https://admission.pku.edu.cn/zsxx/lxszs/lxszyml/2026/ss/zsml_ss_lxs_en_00032.pdf""]","[""2026-10-07""]",named_field,01,,English,,,公共政策比较与国际合作(Comparative Public Policy and International Cooperation),,Full-time
pku-master-2026-en-00028-020201,1,Peking University,master,2026,prior_cycle_catalogue,"[""pku-master-en-2026-00028""]","[""https://admission.pku.edu.cn/zsxx/lxszs/lxszyml/2026/ss/zsml_ss_lxs_en_00028.pdf""]","[""2026-10-07""]",named_field,00,,English,,,不区分研究方向(no need to specify research fields when applying),,Full-time
pku-master-2026-en-00028-020204,1,Peking University,master,2026,prior_cycle_catalogue,"[""pku-master-en-2026-00028""]","[""https://admission.pku.edu.cn/zsxx/lxszs/lxszyml/2026/ss/zsml_ss_lxs_en_00028.pdf""]","[""2026-10-07""]",named_field,00,,English,,,不区分研究方向(no need to specify research fields when applying),,Full-time
pku-master-2026-en-00028-020205,1,Peking University,master,2026,prior_cycle_catalogue,"[""pku-master-en-2026-00028""]","[""https://admission.pku.edu.cn/zsxx/lxszs/lxszyml/2026/ss/zsml_ss_lxs_en_00028.pdf""]","[""2026-10-07""]",named_field,00,,English,,,不区分研究方向(no need to specify research fields when applying),,Full-time
pku-master-2026-en-00028-020208,1,Peking University,master,2026,prior_cycle_catalogue,"[""pku-master-en-2026-00028""]","[""https://admission.pku.edu.cn/zsxx/lxszs/lxszyml/2026/ss/zsml_ss_lxs_en_00028.pdf""]","[""2026-10-07""]",named_field,00,,English,,,不区分研究方向(no need to specify research fields when applying),,Full-time
pku-master-2026-en-00028-025100,1,Peking University,master,2026,prior_cycle_catalogue,"[""pku-master-en-2026-00028""]","[""https://admission.pku.edu.cn/zsxx/lxszs/lxszyml/2026/ss/zsml_ss_lxs_en_00028.pdf""]","[""2026-10-07""]",named_field,01,,English,,,国际商务(International Business),,Full-time
pku-master-2026-en-00028-120201,1,Peking University,master,2026,prior_cycle_catalogue,"[""pku-master-en-2026-00028""]","[""https://admission.pku.edu.cn/zsxx/lxszs/lxszyml/2026/ss/zsml_ss_lxs_en_00028.pdf""]","[""2026-10-07""]",named_field,00,,English,,,不区分研究方向(no need to specify research fields when applying),,Full-time
pku-master-2026-en-00028-120202,1,Peking University,master,2026,prior_cycle_catalogue,"[""pku-master-en-2026-00028""]","[""https://admission.pku.edu.cn/zsxx/lxszs/lxszyml/2026/ss/zsml_ss_lxs_en_00028.pdf""]","[""2026-10-07""]",named_field,01,,English,,,市场营销(Marketing),,Full-time
pku-master-2026-en-00028-120202,2,Peking University,master,2026,prior_cycle_catalogue,"[""pku-master-en-2026-00028""]","[""https://admission.pku.edu.cn/zsxx/lxszs/lxszyml/2026/ss/zsml_ss_lxs_en_00028.pdf""]","[""2026-10-07""]",named_field,02,,English,,,组织行为与人力资源管理(Organizational Behavior and Human Resource Management),,Full-time
pku-master-2026-en-00028-120202,3,Peking University,master,2026,prior_cycle_catalogue,"[""pku-master-en-2026-00028""]","[""https://admission.pku.edu.cn/zsxx/lxszs/lxszyml/2026/ss/zsml_ss_lxs_en_00028.pdf""]","[""2026-10-07""]",named_field,03,,English,,,战略管理与国际经营(Strategic Management and International Business),,Full-time
pku-master-2026-en-00028-120202,4,Peking University,master,2026,prior_cycle_catalogue,"[""pku-master-en-2026-00028""]","[""https://admission.pku.edu.cn/zsxx/lxszs/lxszyml/2026/ss/zsml_ss_lxs_en_00028.pdf""]","[""2026-10-07""]",named_field,04,,English,,,管理科学与信息系统(Management Science and Information Systems),,Full-time
pku-master-2026-en-00028-125101,1,Peking University,master,2026,prior_cycle_catalogue,"[""pku-master-en-2026-00028""]","[""https://admission.pku.edu.cn/zsxx/lxszs/lxszyml/2026/ss/zsml_ss_lxs_en_00028.pdf""]","[""2026-10-07""]",named_field,01,,English,,,工商管理--国际MBA项目(Global MBA),,Full-time
pku-master-2026-en-00028-125101,2,Peking University,master,2026,prior_cycle_catalogue,"[""pku-master-en-2026-00028""]","[""https://admission.pku.edu.cn/zsxx/lxszs/lxszyml/2026/ss/zsml_ss_lxs_en_00028.pdf""]","[""2026-10-07""]",named_field,02,,English,,,北大-康奈尔 MBA/MMH 双学位项目(The Cornell-PKU Dual Degree MMH-MBA Program),,Part-time
pku-master-2026-en-00028-125102,1,Peking University,master,2026,prior_cycle_catalogue,"[""pku-master-en-2026-00028""]","[""https://admission.pku.edu.cn/zsxx/lxszs/lxszyml/2026/ss/zsml_ss_lxs_en_00028.pdf""]","[""2026-10-07""]",named_field,01,,English,,,国际经营与管理（北京大学-美国西北大学联 合培养）(International Business and Management (Joint Master Degree Program between Peking University and Northwestern University)),,Part-time
pku-master-2026-en-00068-020101,1,Peking University,master,2026,prior_cycle_catalogue,"[""pku-master-en-2026-00068""]","[""https://admission.pku.edu.cn/zsxx/lxszs/lxszyml/2026/ss/zsml_ss_lxs_en_00068.pdf""]","[""2026-10-07""]",named_field,01,,English,,,人口经济学(Population Economics),,Full-time
pku-master-2026-en-00068-020101,2,Peking University,master,2026,prior_cycle_catalogue,"[""pku-master-en-2026-00068""]","[""https://admission.pku.edu.cn/zsxx/lxszs/lxszyml/2026/ss/zsml_ss_lxs_en_00068.pdf""]","[""2026-10-07""]",named_field,02,,English,,,工商人口学(Business Demography),,Full-time
pku-master-2026-en-00068-020106,1,Peking University,master,2026,prior_cycle_catalogue,"[""pku-master-en-2026-00068""]","[""https://admission.pku.edu.cn/zsxx/lxszs/lxszyml/2026/ss/zsml_ss_lxs_en_00068.pdf""]","[""2026-10-07""]",named_field,01,,English,,,人口经济学(Population Economics),,Full-time
pku-master-2026-en-00068-020106,2,Peking University,master,2026,prior_cycle_catalogue,"[""pku-master-en-2026-00068""]","[""https://admission.pku.edu.cn/zsxx/lxszs/lxszyml/2026/ss/zsml_ss_lxs_en_00068.pdf""]","[""2026-10-07""]",named_field,02,,English,,,人口与可持续发展(Population and Sustainable Development),,Full-time
pku-master-2026-en-00068-020106,3,Peking University,master,2026,prior_cycle_catalogue,"[""pku-master-en-2026-00068""]","[""https://admission.pku.edu.cn/zsxx/lxszs/lxszyml/2026/ss/zsml_ss_lxs_en_00068.pdf""]","[""2026-10-07""]",named_field,03,,English,,,健康与环境的经济学分析(Economic Analysis of Health and Environment),,Full-time
pku-master-2026-en-00068-030302,1,Peking University,master,2026,prior_cycle_catalogue,"[""pku-master-en-2026-00068""]","[""https://admission.pku.edu.cn/zsxx/lxszs/lxszyml/2026/ss/zsml_ss_lxs_en_00068.pdf""]","[""2026-10-07""]",named_field,01,,English,,,人口与健康(Population and Health),,Full-time
pku-master-2026-en-00068-030302,2,Peking University,master,2026,prior_cycle_catalogue,"[""pku-master-en-2026-00068""]","[""https://admission.pku.edu.cn/zsxx/lxszs/lxszyml/2026/ss/zsml_ss_lxs_en_00068.pdf""]","[""2026-10-07""]",named_field,02,,English,,,人口分析方法与应用(Methods and Applications of Demographic Analysis),,Full-time
pku-master-2026-en-00068-030302,3,Peking University,master,2026,prior_cycle_catalogue,"[""pku-master-en-2026-00068""]","[""https://admission.pku.edu.cn/zsxx/lxszs/lxszyml/2026/ss/zsml_ss_lxs_en_00068.pdf""]","[""2026-10-07""]",named_field,03,,English,,,老年人口学(Population and Ageing),,Full-time
pku-master-2026-en-00068-030302,4,Peking University,master,2026,prior_cycle_catalogue,"[""pku-master-en-2026-00068""]","[""https://admission.pku.edu.cn/zsxx/lxszs/lxszyml/2026/ss/zsml_ss_lxs_en_00068.pdf""]","[""2026-10-07""]",named_field,04,,English,,,残疾人口研究(Research on Population with Disability),,Full-time
pku-master-2026-en-00068-030320,1,Peking University,master,2026,prior_cycle_catalogue,"[""pku-master-en-2026-00068""]","[""https://admission.pku.edu.cn/zsxx/lxszs/lxszyml/2026/ss/zsml_ss_lxs_en_00068.pdf""]","[""2026-10-07""]",named_field,01,,English,,,老龄经济学(Ageing Economics),,Full-time
pku-master-2026-en-00068-030320,2,Peking University,master,2026,prior_cycle_catalogue,"[""pku-master-en-2026-00068""]","[""https://admission.pku.edu.cn/zsxx/lxszs/lxszyml/2026/ss/zsml_ss_lxs_en_00068.pdf""]","[""2026-10-07""]",named_field,02,,English,,,老龄健康学(Ageing and Health),,Full-time
pku-master-2026-en-00068-030320,3,Peking University,master,2026,prior_cycle_catalogue,"[""pku-master-en-2026-00068""]","[""https://admission.pku.edu.cn/zsxx/lxszs/lxszyml/2026/ss/zsml_ss_lxs_en_00068.pdf""]","[""2026-10-07""]",named_field,03,,English,,,老年社会学(Social Gerontology),,Full-time
pku-master-2026-en-00068-035200,1,Peking University,master,2026,prior_cycle_catalogue,"[""pku-master-en-2026-00068""]","[""https://admission.pku.edu.cn/zsxx/lxszs/lxszyml/2026/ss/zsml_ss_lxs_en_00068.pdf""]","[""2026-10-07""]",named_field,01,,English,,,老龄产业与服务(Ageing Industry and Services),,Full-time
pku-master-2026-en-00068-035200,2,Peking University,master,2026,prior_cycle_catalogue,"[""pku-master-en-2026-00068""]","[""https://admission.pku.edu.cn/zsxx/lxszs/lxszyml/2026/ss/zsml_ss_lxs_en_00068.pdf""]","[""2026-10-07""]",named_field,02,,English,,,残疾服务与管理(Services and Administration for People Living with Disability (PWDs)),,Full-time
pku-master-2026-en-00208-0101J2,1,Peking University,master,2026,prior_cycle_catalogue,"[""pku-master-en-2026-00208""]","[""https://admission.pku.edu.cn/zsxx/lxszs/lxszyml/2026/ss/zsml_ss_lxs_en_00208.pdf""]","[""2026-10-07""]",named_field,00,,English,,,不区分研究方向(no need to specify research fields when applying),,Full-time
pku-master-2026-en-00208-0202J2,1,Peking University,master,2026,prior_cycle_catalogue,"[""pku-master-en-2026-00208""]","[""https://admission.pku.edu.cn/zsxx/lxszs/lxszyml/2026/ss/zsml_ss_lxs_en_00208.pdf""]","[""2026-10-07""]",named_field,00,,English,,,不区分研究方向(no need to specify research fields when applying),,Full-time
pku-master-2026-en-00208-0301J2,1,Peking University,master,2026,prior_cycle_catalogue,"[""pku-master-en-2026-00208""]","[""https://admission.pku.edu.cn/zsxx/lxszs/lxszyml/2026/ss/zsml_ss_lxs_en_00208.pdf""]","[""2026-10-07""]",named_field,00,,English,,,不区分研究方向(no need to specify research fields when applying),,Full-time
pku-master-2026-en-00208-0302J2,1,Peking University,master,2026,prior_cycle_catalogue,"[""pku-master-en-2026-00208""]","[""https://admission.pku.edu.cn/zsxx/lxszs/lxszyml/2026/ss/zsml_ss_lxs_en_00208.pdf""]","[""2026-10-07""]",named_field,00,,English,,,不区分研究方向(no need to specify research fields when applying),,Full-time
pku-master-2026-en-00208-0501J2,1,Peking University,master,2026,prior_cycle_catalogue,"[""pku-master-en-2026-00208""]","[""https://admission.pku.edu.cn/zsxx/lxszs/lxszyml/2026/ss/zsml_ss_lxs_en_00208.pdf""]","[""2026-10-07""]",named_field,00,,English,,,不区分研究方向(no need to specify research fields when applying),,Full-time
pku-master-2026-en-00208-0602J2,1,Peking University,master,2026,prior_cycle_catalogue,"[""pku-master-en-2026-00208""]","[""https://admission.pku.edu.cn/zsxx/lxszs/lxszyml/2026/ss/zsml_ss_lxs_en_00208.pdf""]","[""2026-10-07""]",named_field,00,,English,,,不区分研究方向(no need to specify research fields when applying),,Full-time
pku-master-2026-en-00206-055200,1,Peking University,master,2026,prior_cycle_catalogue,"[""pku-master-en-2026-00206""]","[""https://admission.pku.edu.cn/zsxx/lxszs/lxszyml/2026/ss/zsml_ss_lxs_en_00206.pdf""]","[""2026-10-07""]",named_field,01,,English,,,新媒体与网络传播(New Media and Online Communication),,Full-time
pku-master-2026-en-00047-020104,1,Peking University,master,2026,prior_cycle_catalogue,"[""pku-master-en-2026-00047""]","[""https://admission.pku.edu.cn/zsxx/lxszs/lxszyml/2026/ss/zsml_ss_lxs_en_00047.pdf""]","[""2026-10-07""]",named_field,00,,English,,,不区分研究方向(no need to specify research fields when applying),,Full-time
pku-master-2026-en-00047-0202J2,1,Peking University,master,2026,prior_cycle_catalogue,"[""pku-master-en-2026-00047""]","[""https://admission.pku.edu.cn/zsxx/lxszs/lxszyml/2026/ss/zsml_ss_lxs_en_00047.pdf""]","[""2026-10-07""]",named_field,00,,English,,,不区分研究方向(no need to specify research fields when applying),,Part-time
pku-master-2026-en-00047-025100,1,Peking University,master,2026,prior_cycle_catalogue,"[""pku-master-en-2026-00047""]","[""https://admission.pku.edu.cn/zsxx/lxszs/lxszyml/2026/ss/zsml_ss_lxs_en_00047.pdf""]","[""2026-10-07""]",named_field,01,,English,,,留学生专项(Only for International Students),,Full-time
pku-master-2026-en-00047-035101,1,Peking University,master,2026,prior_cycle_catalogue,"[""pku-master-en-2026-00047""]","[""https://admission.pku.edu.cn/zsxx/lxszs/lxszyml/2026/ss/zsml_ss_lxs_en_00047.pdf""]","[""2026-10-07""]",named_field,00,,English,,,不区分研究方向(no need to specify research fields when applying),,Full-time
pku-master-2026-en-00047-035102,1,Peking University,master,2026,prior_cycle_catalogue,"[""pku-master-en-2026-00047""]","[""https://admission.pku.edu.cn/zsxx/lxszs/lxszyml/2026/ss/zsml_ss_lxs_en_00047.pdf""]","[""2026-10-07""]",named_field,00,,English,,,不区分研究方向(no need to specify research fields when applying),,Full-time
pku-master-2026-en-00047-055200,1,Peking University,master,2026,prior_cycle_catalogue,"[""pku-master-en-2026-00047""]","[""https://admission.pku.edu.cn/zsxx/lxszs/lxszyml/2026/ss/zsml_ss_lxs_en_00047.pdf""]","[""2026-10-07""]",named_field,00,,English,,,不区分研究方向(no need to specify research fields when applying),,Full-time
pku-master-2026-en-00047-070526,1,Peking University,master,2026,prior_cycle_catalogue,"[""pku-master-en-2026-00047""]","[""https://admission.pku.edu.cn/zsxx/lxszs/lxszyml/2026/ss/zsml_ss_lxs_en_00047.pdf""]","[""2026-10-07""]",named_field,00,,English,,,不区分研究方向(no need to specify research fields when applying),,Full-time
pku-master-2026-en-00047-080500,1,Peking University,master,2026,prior_cycle_catalogue,"[""pku-master-en-2026-00047""]","[""https://admission.pku.edu.cn/zsxx/lxszs/lxszyml/2026/ss/zsml_ss_lxs_en_00047.pdf""]","[""2026-10-07""]",named_field,00,,English,,,不区分研究方向(no need to specify research fields when applying),,Full-time
pku-master-2026-en-00047-083001,1,Peking University,master,2026,prior_cycle_catalogue,"[""pku-master-en-2026-00047""]","[""https://admission.pku.edu.cn/zsxx/lxszs/lxszyml/2026/ss/zsml_ss_lxs_en_00047.pdf""]","[""2026-10-07""]",named_field,00,,English,,,不区分研究方向(no need to specify research fields when applying),,Full-time
pku-master-2026-en-00047-083002,1,Peking University,master,2026,prior_cycle_catalogue,"[""pku-master-en-2026-00047""]","[""https://admission.pku.edu.cn/zsxx/lxszs/lxszyml/2026/ss/zsml_ss_lxs_en_00047.pdf""]","[""2026-10-07""]",named_field,00,,English,,,不区分研究方向(no need to specify research fields when applying),,Full-time
pku-master-2026-en-00047-120202,1,Peking University,master,2026,prior_cycle_catalogue,"[""pku-master-en-2026-00047""]","[""https://admission.pku.edu.cn/zsxx/lxszs/lxszyml/2026/ss/zsml_ss_lxs_en_00047.pdf""]","[""2026-10-07""]",named_field,00,,English,,,不区分研究方向(no need to specify research fields when applying),,Full-time
pku-master-2026-en-00047-125101,1,Peking University,master,2026,prior_cycle_catalogue,"[""pku-master-en-2026-00047""]","[""https://admission.pku.edu.cn/zsxx/lxszs/lxszyml/2026/ss/zsml_ss_lxs_en_00047.pdf""]","[""2026-10-07""]",named_field,00,,English,,,不区分研究方向(no need to specify research fields when applying),,Part-time
pku-master-2026-en-00047-125102,1,Peking University,master,2026,prior_cycle_catalogue,"[""pku-master-en-2026-00047""]","[""https://admission.pku.edu.cn/zsxx/lxszs/lxszyml/2026/ss/zsml_ss_lxs_en_00047.pdf""]","[""2026-10-07""]",named_field,00,,English,,,不区分研究方向(no need to specify research fields when applying),,Part-time
sjtu-m-cn-001,1,Shanghai Jiao Tong University,master,2026,prior_cycle_catalogue,"[""sjtu-m-cn""]","[""https://isc.sjtu.edu.cn/kindeditor/Upload/file/20251024/20251024112608_3348.pdf""]","[""2026-10-07""]",named_field,,2.5 years,Chinese,General and Fundamental Mechanics,一般力学与力学基础,,,
sjtu-m-cn-001,2,Shanghai Jiao Tong University,master,2026,prior_cycle_catalogue,"[""sjtu-m-cn""]","[""https://isc.sjtu.edu.cn/kindeditor/Upload/file/20251024/20251024112608_3348.pdf""]","[""2026-10-07""]",named_field,,2.5 years,Chinese,Solid Mechanics,固体力学,,,
sjtu-m-cn-001,3,Shanghai Jiao Tong University,master,2026,prior_cycle_catalogue,"[""sjtu-m-cn""]","[""https://isc.sjtu.edu.cn/kindeditor/Upload/file/20251024/20251024112608_3348.pdf""]","[""2026-10-07""]",named_field,,2.5 years,Chinese,Hydrodynamics,流体力学,,,
sjtu-m-cn-001,4,Shanghai Jiao Tong University,master,2026,prior_cycle_catalogue,"[""sjtu-m-cn""]","[""https://isc.sjtu.edu.cn/kindeditor/Upload/file/20251024/20251024112608_3348.pdf""]","[""2026-10-07""]",named_field,,2.5 years,Chinese,Engineering Mechanics,工程力学,,,
sjtu-m-cn-002,1,Shanghai Jiao Tong University,master,2026,prior_cycle_catalogue,"[""sjtu-m-cn""]","[""https://isc.sjtu.edu.cn/kindeditor/Upload/file/20251024/20251024112608_3348.pdf""]","[""2026-10-07""]",named_field,,2.5 years,Chinese,Geotechnical Engineering,岩土工程,,,
sjtu-m-cn-002,2,Shanghai Jiao Tong University,master,2026,prior_cycle_catalogue,"[""sjtu-m-cn""]","[""https://isc.sjtu.edu.cn/kindeditor/Upload/file/20251024/20251024112608_3348.pdf""]","[""2026-10-07""]",named_field,,2.5 years,Chinese,Structural Engineering,结构工程,,,
sjtu-m-cn-002,3,Shanghai Jiao Tong University,master,2026,prior_cycle_catalogue,"[""sjtu-m-cn""]","[""https://isc.sjtu.edu.cn/kindeditor/Upload/file/20251024/20251024112608_3348.pdf""]","[""2026-10-07""]",named_field,,2.5 years,Chinese,Disaster-Prevention and Reduction Engineering and Protection Engineering,防灾减灾工程及防护工程,,,
sjtu-m-cn-002,4,Shanghai Jiao Tong University,master,2026,prior_cycle_catalogue,"[""sjtu-m-cn""]","[""https://isc.sjtu.edu.cn/kindeditor/Upload/file/20251024/20251024112608_3348.pdf""]","[""2026-10-07""]",named_field,,2.5 years,Chinese,Bridge and Tunnel Engineering,桥梁与隧道工程,,,
sjtu-m-cn-002,5,Shanghai Jiao Tong University,master,2026,prior_cycle_catalogue,"[""sjtu-m-cn""]","[""https://isc.sjtu.edu.cn/kindeditor/Upload/file/20251024/20251024112608_3348.pdf""]","[""2026-10-07""]",named_field,,2.5 years,Chinese,Municipal Engineering,市政工程,,,
sjtu-m-cn-003,1,Shanghai Jiao Tong University,master,2026,prior_cycle_catalogue,"[""sjtu-m-cn""]","[""https://isc.sjtu.edu.cn/kindeditor/Upload/file/20251024/20251024112608_3348.pdf""]","[""2026-10-07""]",named_field,,2.5 years,Chinese,Transportation Planning and Management,交通运输规划与管理,,,
sjtu-m-cn-003,2,Shanghai Jiao Tong University,master,2026,prior_cycle_catalogue,"[""sjtu-m-cn""]","[""https://isc.sjtu.edu.cn/kindeditor/Upload/file/20251024/20251024112608_3348.pdf""]","[""2026-10-07""]",named_field,,2.5 years,Chinese,Traffic Information Engineering and Control,交通信息工程及控制,,,
sjtu-m-cn-004,1,Shanghai Jiao Tong University,master,2026,prior_cycle_catalogue,"[""sjtu-m-cn""]","[""https://isc.sjtu.edu.cn/kindeditor/Upload/file/20251024/20251024112608_3348.pdf""]","[""2026-10-07""]",named_field,,2.5 years,Chinese,Design and Construction of Naval Architecture and Ocean Structures,船舶与海洋结构物设计制造,,,
sjtu-m-cn-004,2,Shanghai Jiao Tong University,master,2026,prior_cycle_catalogue,"[""sjtu-m-cn""]","[""https://isc.sjtu.edu.cn/kindeditor/Upload/file/20251024/20251024112608_3348.pdf""]","[""2026-10-07""]",named_field,,2.5 years,Chinese,Marine Engine Engineering,轮机工程,,,
sjtu-m-cn-004,3,Shanghai Jiao Tong University,master,2026,prior_cycle_catalogue,"[""sjtu-m-cn""]","[""https://isc.sjtu.edu.cn/kindeditor/Upload/file/20251024/20251024112608_3348.pdf""]","[""2026-10-07""]",named_field,,2.5 years,Chinese,Port and Water Conservancy Engineering,港口与水利工程,,,
sjtu-m-cn-004,4,Shanghai Jiao Tong University,master,2026,prior_cycle_catalogue,"[""sjtu-m-cn""]","[""https://isc.sjtu.edu.cn/kindeditor/Upload/file/20251024/20251024112608_3348.pdf""]","[""2026-10-07""]",named_field,,2.5 years,Chinese,Acoustics Engineering,水声工程,,,
sjtu-m-cn-005,1,Shanghai Jiao Tong University,master,2026,prior_cycle_catalogue,"[""sjtu-m-cn""]","[""https://isc.sjtu.edu.cn/kindeditor/Upload/file/20251024/20251024112608_3348.pdf""]","[""2026-10-07""]",named_field,,2.5 years,Chinese,Mechanical Manufacture and Automation,机械制造及其自动化,,,
sjtu-m-cn-005,2,Shanghai Jiao Tong University,master,2026,prior_cycle_catalogue,"[""sjtu-m-cn""]","[""https://isc.sjtu.edu.cn/kindeditor/Upload/file/20251024/20251024112608_3348.pdf""]","[""2026-10-07""]",named_field,,2.5 years,Chinese,Mechatronic Engineering,机械电子工程,,,
sjtu-m-cn-005,3,Shanghai Jiao Tong University,master,2026,prior_cycle_catalogue,"[""sjtu-m-cn""]","[""https://isc.sjtu.edu.cn/kindeditor/Upload/file/20251024/20251024112608_3348.pdf""]","[""2026-10-07""]",named_field,,2.5 years,Chinese,Mechanical Design and Theory,机械设计及理论,,,
sjtu-m-cn-005,4,Shanghai Jiao Tong University,master,2026,prior_cycle_catalogue,"[""sjtu-m-cn""]","[""https://isc.sjtu.edu.cn/kindeditor/Upload/file/20251024/20251024112608_3348.pdf""]","[""2026-10-07""]",named_field,,2.5 years,Chinese,Vehicle Engineering,车辆工程,,,
sjtu-m-cn-005,5,Shanghai Jiao Tong University,master,2026,prior_cycle_catalogue,"[""sjtu-m-cn""]","[""https://isc.sjtu.edu.cn/kindeditor/Upload/file/20251024/20251024112608_3348.pdf""]","[""2026-10-07""]",named_field,,2.5 years,Chinese,Industrial Engineering,工业工程,,,
sjtu-m-cn-006,1,Shanghai Jiao Tong University,master,2026,prior_cycle_catalogue,"[""sjtu-m-cn""]","[""https://isc.sjtu.edu.cn/kindeditor/Upload/file/20251024/20251024112608_3348.pdf""]","[""2026-10-07""]",named_field,,2.5 years,Chinese,Engineering Thermophysics,工程热物理,,,
sjtu-m-cn-006,2,Shanghai Jiao Tong University,master,2026,prior_cycle_catalogue,"[""sjtu-m-cn""]","[""https://isc.sjtu.edu.cn/kindeditor/Upload/file/20251024/20251024112608_3348.pdf""]","[""2026-10-07""]",named_field,,2.5 years,Chinese,Thermal Power Engineering,热能工程,,,
sjtu-m-cn-006,3,Shanghai Jiao Tong University,master,2026,prior_cycle_catalogue,"[""sjtu-m-cn""]","[""https://isc.sjtu.edu.cn/kindeditor/Upload/file/20251024/20251024112608_3348.pdf""]","[""2026-10-07""]",named_field,,2.5 years,Chinese,Power Machinery and Engineering,动力机械及工程,,,
sjtu-m-cn-006,4,Shanghai Jiao Tong University,master,2026,prior_cycle_catalogue,"[""sjtu-m-cn""]","[""https://isc.sjtu.edu.cn/kindeditor/Upload/file/20251024/20251024112608_3348.pdf""]","[""2026-10-07""]",named_field,,2.5 years,Chinese,Refrigeration and Microtherm Engineering,制冷及低温工程,,,
sjtu-m-cn-006,5,Shanghai Jiao Tong University,master,2026,prior_cycle_catalogue,"[""sjtu-m-cn""]","[""https://isc.sjtu.edu.cn/kindeditor/Upload/file/20251024/20251024112608_3348.pdf""]","[""2026-10-07""]",named_field,,2.5 years,Chinese,Fuel Cell,燃料电池方向,,,
sjtu-m-cn-007,1,Shanghai Jiao Tong University,master,2026,prior_cycle_catalogue,"[""sjtu-m-cn""]","[""https://isc.sjtu.edu.cn/kindeditor/Upload/file/20251024/20251024112608_3348.pdf""]","[""2026-10-07""]",named_field,,2.5 years,Chinese,Nuclear Thermal Hydraulics,核反应堆热工水力,,,
sjtu-m-cn-007,2,Shanghai Jiao Tong University,master,2026,prior_cycle_catalogue,"[""sjtu-m-cn""]","[""https://isc.sjtu.edu.cn/kindeditor/Upload/file/20251024/20251024112608_3348.pdf""]","[""2026-10-07""]",named_field,,2.5 years,Chinese,Nuclear Safety and Simulation,核安全与系统仿真,,,
sjtu-m-cn-007,3,Shanghai Jiao Tong University,master,2026,prior_cycle_catalogue,"[""sjtu-m-cn""]","[""https://isc.sjtu.edu.cn/kindeditor/Upload/file/20251024/20251024112608_3348.pdf""]","[""2026-10-07""]",named_field,,2.5 years,Chinese,Nuclear Fuel Cycle and Materials,核材料与燃料循环,,,
sjtu-m-cn-008,1,Shanghai Jiao Tong University,master,2026,prior_cycle_catalogue,"[""sjtu-m-cn""]","[""https://isc.sjtu.edu.cn/kindeditor/Upload/file/20251024/20251024112608_3348.pdf""]","[""2026-10-07""]",named_field,,2.5 years,Chinese,Electric Machines and Electric Apparatus,电机与电器,,,
sjtu-m-cn-008,2,Shanghai Jiao Tong University,master,2026,prior_cycle_catalogue,"[""sjtu-m-cn""]","[""https://isc.sjtu.edu.cn/kindeditor/Upload/file/20251024/20251024112608_3348.pdf""]","[""2026-10-07""]",named_field,,2.5 years,Chinese,Electric Power System and Its Automatization,电力系统及其自动化,,,
sjtu-m-cn-008,3,Shanghai Jiao Tong University,master,2026,prior_cycle_catalogue,"[""sjtu-m-cn""]","[""https://isc.sjtu.edu.cn/kindeditor/Upload/file/20251024/20251024112608_3348.pdf""]","[""2026-10-07""]",named_field,,2.5 years,Chinese,High Voltage and Insulation Technology,高电压与绝缘技术,,,
sjtu-m-cn-008,4,Shanghai Jiao Tong University,master,2026,prior_cycle_catalogue,"[""sjtu-m-cn""]","[""https://isc.sjtu.edu.cn/kindeditor/Upload/file/20251024/20251024112608_3348.pdf""]","[""2026-10-07""]",named_field,,2.5 years,Chinese,Power Electronics and Power Drives,电力电子与电力传动,,,
sjtu-m-cn-008,5,Shanghai Jiao Tong University,master,2026,prior_cycle_catalogue,"[""sjtu-m-cn""]","[""https://isc.sjtu.edu.cn/kindeditor/Upload/file/20251024/20251024112608_3348.pdf""]","[""2026-10-07""]",named_field,,2.5 years,Chinese,Theory and New Technology of Electrical Engineering,电工理论与新技术,,,
sjtu-m-cn-009,1,Shanghai Jiao Tong University,master,2026,prior_cycle_catalogue,"[""sjtu-m-cn""]","[""https://isc.sjtu.edu.cn/kindeditor/Upload/file/20251024/20251024112608_3348.pdf""]","[""2026-10-07""]",named_field,,2.5 years,Chinese,Precision Instrument and Machinery,精密仪器及机械,,,
sjtu-m-cn-009,2,Shanghai Jiao Tong University,master,2026,prior_cycle_catalogue,"[""sjtu-m-cn""]","[""https://isc.sjtu.edu.cn/kindeditor/Upload/file/20251024/20251024112608_3348.pdf""]","[""2026-10-07""]",named_field,,2.5 years,Chinese,Measuring and Testing Technologies and Instruments,测试计量技术及仪器,,,
sjtu-m-cn-009,3,Shanghai Jiao Tong University,master,2026,prior_cycle_catalogue,"[""sjtu-m-cn""]","[""https://isc.sjtu.edu.cn/kindeditor/Upload/file/20251024/20251024112608_3348.pdf""]","[""2026-10-07""]",named_field,,2.5 years,Chinese,"Navigation, Guide and Control",导航、制导与控制,,,
sjtu-m-cn-010,1,Shanghai Jiao Tong University,master,2026,prior_cycle_catalogue,"[""sjtu-m-cn""]","[""https://isc.sjtu.edu.cn/kindeditor/Upload/file/20251024/20251024112608_3348.pdf""]","[""2026-10-07""]",named_field,,2.5 years,Chinese,Control Theory and Control Engineering,控制理论与控制工程,,,
sjtu-m-cn-010,2,Shanghai Jiao Tong University,master,2026,prior_cycle_catalogue,"[""sjtu-m-cn""]","[""https://isc.sjtu.edu.cn/kindeditor/Upload/file/20251024/20251024112608_3348.pdf""]","[""2026-10-07""]",named_field,,2.5 years,Chinese,Detection Technology and Automatic Equipment,检测技术与自动化装置,,,
sjtu-m-cn-010,3,Shanghai Jiao Tong University,master,2026,prior_cycle_catalogue,"[""sjtu-m-cn""]","[""https://isc.sjtu.edu.cn/kindeditor/Upload/file/20251024/20251024112608_3348.pdf""]","[""2026-10-07""]",named_field,,2.5 years,Chinese,Systems Engineering,系统工程,,,
sjtu-m-cn-010,4,Shanghai Jiao Tong University,master,2026,prior_cycle_catalogue,"[""sjtu-m-cn""]","[""https://isc.sjtu.edu.cn/kindeditor/Upload/file/20251024/20251024112608_3348.pdf""]","[""2026-10-07""]",named_field,,2.5 years,Chinese,Pattern Recognition and Intelligent Systems,模式识别与智能系统,,,
sjtu-m-cn-010,5,Shanghai Jiao Tong University,master,2026,prior_cycle_catalogue,"[""sjtu-m-cn""]","[""https://isc.sjtu.edu.cn/kindeditor/Upload/file/20251024/20251024112608_3348.pdf""]","[""2026-10-07""]",named_field,,2.5 years,Chinese,"Navigation, Guidance and Control",导航、制导与控制,,,
sjtu-m-cn-011,1,Shanghai Jiao Tong University,master,2026,prior_cycle_catalogue,"[""sjtu-m-cn""]","[""https://isc.sjtu.edu.cn/kindeditor/Upload/file/20251024/20251024112608_3348.pdf""]","[""2026-10-07""]",named_field,,2.5 years,Chinese,Computer System Structure,计算机系统结构,,,
sjtu-m-cn-011,2,Shanghai Jiao Tong University,master,2026,prior_cycle_catalogue,"[""sjtu-m-cn""]","[""https://isc.sjtu.edu.cn/kindeditor/Upload/file/20251024/20251024112608_3348.pdf""]","[""2026-10-07""]",named_field,,2.5 years,Chinese,Computer Software and Theory,计算机软件与理论,,,
sjtu-m-cn-011,3,Shanghai Jiao Tong University,master,2026,prior_cycle_catalogue,"[""sjtu-m-cn""]","[""https://isc.sjtu.edu.cn/kindeditor/Upload/file/20251024/20251024112608_3348.pdf""]","[""2026-10-07""]",named_field,,2.5 years,Chinese,Computer Application Technology,计算机应用技术,,,
sjtu-m-cn-011,4,Shanghai Jiao Tong University,master,2026,prior_cycle_catalogue,"[""sjtu-m-cn""]","[""https://isc.sjtu.edu.cn/kindeditor/Upload/file/20251024/20251024112608_3348.pdf""]","[""2026-10-07""]",named_field,,2.5 years,Chinese,Advanced Computer Architecture and Chip Technology,先进计算机体系结构与芯片技术,,,
sjtu-m-cn-012,1,Shanghai Jiao Tong University,master,2026,prior_cycle_catalogue,"[""sjtu-m-cn""]","[""https://isc.sjtu.edu.cn/kindeditor/Upload/file/20251024/20251024112608_3348.pdf""]","[""2026-10-07""]",named_field,,2.5 years,Chinese,Cyberspace Security,网络空间安全,,,
sjtu-m-cn-013,1,Shanghai Jiao Tong University,master,2026,prior_cycle_catalogue,"[""sjtu-m-cn""]","[""https://isc.sjtu.edu.cn/kindeditor/Upload/file/20251024/20251024112608_3348.pdf""]","[""2026-10-07""]",named_field,,2.5 years,Chinese,Circuits and Systems,电路与系统,,,
sjtu-m-cn-013,2,Shanghai Jiao Tong University,master,2026,prior_cycle_catalogue,"[""sjtu-m-cn""]","[""https://isc.sjtu.edu.cn/kindeditor/Upload/file/20251024/20251024112608_3348.pdf""]","[""2026-10-07""]",named_field,,2.5 years,Chinese,Electromagnetism Field and Microwave Technology,电磁场与微波技术,,,
sjtu-m-cn-013,3,Shanghai Jiao Tong University,master,2026,prior_cycle_catalogue,"[""sjtu-m-cn""]","[""https://isc.sjtu.edu.cn/kindeditor/Upload/file/20251024/20251024112608_3348.pdf""]","[""2026-10-07""]",named_field,,2.5 years,Chinese,Integrated Circuits Design,集成电路设计,,,
sjtu-m-cn-014,1,Shanghai Jiao Tong University,master,2026,prior_cycle_catalogue,"[""sjtu-m-cn""]","[""https://isc.sjtu.edu.cn/kindeditor/Upload/file/20251024/20251024112608_3348.pdf""]","[""2026-10-07""]",named_field,,2.5 years,Chinese,Communication and Information System,通信与信息系统,,,
sjtu-m-cn-015,1,Shanghai Jiao Tong University,master,2026,prior_cycle_catalogue,"[""sjtu-m-cn""]","[""https://isc.sjtu.edu.cn/kindeditor/Upload/file/20251024/20251024112608_3348.pdf""]","[""2026-10-07""]",named_field,,2.5 years,Chinese,Advanced Light Alloy,先进轻合金,,,
sjtu-m-cn-015,2,Shanghai Jiao Tong University,master,2026,prior_cycle_catalogue,"[""sjtu-m-cn""]","[""https://isc.sjtu.edu.cn/kindeditor/Upload/file/20251024/20251024112608_3348.pdf""]","[""2026-10-07""]",named_field,,2.5 years,Chinese,Metal Matrix Composites,金属基复合材料,,,
sjtu-m-cn-015,3,Shanghai Jiao Tong University,master,2026,prior_cycle_catalogue,"[""sjtu-m-cn""]","[""https://isc.sjtu.edu.cn/kindeditor/Upload/file/20251024/20251024112608_3348.pdf""]","[""2026-10-07""]",named_field,,2.5 years,Chinese,Materials Intelligent Thermal Manufacturing,材料智能热制造,,,
sjtu-m-cn-015,4,Shanghai Jiao Tong University,master,2026,prior_cycle_catalogue,"[""sjtu-m-cn""]","[""https://isc.sjtu.edu.cn/kindeditor/Upload/file/20251024/20251024112608_3348.pdf""]","[""2026-10-07""]",named_field,,2.5 years,Chinese,Clean Energy Materials,清洁能源材料,,,
sjtu-m-cn-015,5,Shanghai Jiao Tong University,master,2026,prior_cycle_catalogue,"[""sjtu-m-cn""]","[""https://isc.sjtu.edu.cn/kindeditor/Upload/file/20251024/20251024112608_3348.pdf""]","[""2026-10-07""]",named_field,,2.5 years,Chinese,Biomedical Materials,生物医用材料,,,
sjtu-m-cn-015,6,Shanghai Jiao Tong University,master,2026,prior_cycle_catalogue,"[""sjtu-m-cn""]","[""https://isc.sjtu.edu.cn/kindeditor/Upload/file/20251024/20251024112608_3348.pdf""]","[""2026-10-07""]",named_field,,2.5 years,Chinese,Advanced Information Materials,先进信息材料,,,
sjtu-m-cn-015,7,Shanghai Jiao Tong University,master,2026,prior_cycle_catalogue,"[""sjtu-m-cn""]","[""https://isc.sjtu.edu.cn/kindeditor/Upload/file/20251024/20251024112608_3348.pdf""]","[""2026-10-07""]",named_field,,2.5 years,Chinese,Material Genetic Engineering,材料基因工程,,,
sjtu-m-cn-015,8,Shanghai Jiao Tong University,master,2026,prior_cycle_catalogue,"[""sjtu-m-cn""]","[""https://isc.sjtu.edu.cn/kindeditor/Upload/file/20251024/20251024112608_3348.pdf""]","[""2026-10-07""]",named_field,,2.5 years,Chinese,Hydrogen Science and Technology,氢科学与技术,,,
sjtu-m-cn-016,1,Shanghai Jiao Tong University,master,2026,prior_cycle_catalogue,"[""sjtu-m-cn""]","[""https://isc.sjtu.edu.cn/kindeditor/Upload/file/20251024/20251024112608_3348.pdf""]","[""2026-10-07""]",named_field,,2.5 years,Chinese,Mathematics,数学,,,
sjtu-m-cn-017,1,Shanghai Jiao Tong University,master,2026,prior_cycle_catalogue,"[""sjtu-m-cn""]","[""https://isc.sjtu.edu.cn/kindeditor/Upload/file/20251024/20251024112608_3348.pdf""]","[""2026-10-07""]",named_field,,2 years,Chinese,Applied Statistics,应用统计,,,
sjtu-m-cn-018,1,Shanghai Jiao Tong University,master,2026,prior_cycle_catalogue,"[""sjtu-m-cn""]","[""https://isc.sjtu.edu.cn/kindeditor/Upload/file/20251024/20251024112608_3348.pdf""]","[""2026-10-07""]",named_field,,3 years,Chinese,Physics,物理学,,,
sjtu-m-cn-019,1,Shanghai Jiao Tong University,master,2026,prior_cycle_catalogue,"[""sjtu-m-cn""]","[""https://isc.sjtu.edu.cn/kindeditor/Upload/file/20251024/20251024112608_3348.pdf""]","[""2026-10-07""]",named_field,,3 years,Chinese,Microbiology,微生物学,,,
sjtu-m-cn-019,2,Shanghai Jiao Tong University,master,2026,prior_cycle_catalogue,"[""sjtu-m-cn""]","[""https://isc.sjtu.edu.cn/kindeditor/Upload/file/20251024/20251024112608_3348.pdf""]","[""2026-10-07""]",named_field,,3 years,Chinese,Genetics,遗传学,,,
sjtu-m-cn-019,3,Shanghai Jiao Tong University,master,2026,prior_cycle_catalogue,"[""sjtu-m-cn""]","[""https://isc.sjtu.edu.cn/kindeditor/Upload/file/20251024/20251024112608_3348.pdf""]","[""2026-10-07""]",named_field,,3 years,Chinese,Developmental Biology,发育生物学,,,
sjtu-m-cn-019,4,Shanghai Jiao Tong University,master,2026,prior_cycle_catalogue,"[""sjtu-m-cn""]","[""https://isc.sjtu.edu.cn/kindeditor/Upload/file/20251024/20251024112608_3348.pdf""]","[""2026-10-07""]",named_field,,3 years,Chinese,Biochemistry and Molecule Biology,生物化学与分子生物学,,,
sjtu-m-cn-019,5,Shanghai Jiao Tong University,master,2026,prior_cycle_catalogue,"[""sjtu-m-cn""]","[""https://isc.sjtu.edu.cn/kindeditor/Upload/file/20251024/20251024112608_3348.pdf""]","[""2026-10-07""]",named_field,,3 years,Chinese,Biophysics,生物物理学,,,
sjtu-m-cn-019,6,Shanghai Jiao Tong University,master,2026,prior_cycle_catalogue,"[""sjtu-m-cn""]","[""https://isc.sjtu.edu.cn/kindeditor/Upload/file/20251024/20251024112608_3348.pdf""]","[""2026-10-07""]",named_field,,3 years,Chinese,Bioinformatics,生物信息学,,,
sjtu-m-cn-020,1,Shanghai Jiao Tong University,master,2026,prior_cycle_catalogue,"[""sjtu-m-cn""]","[""https://isc.sjtu.edu.cn/kindeditor/Upload/file/20251024/20251024112608_3348.pdf""]","[""2026-10-07""]",named_field,,3 years,Chinese,"Synthesis Bioengineering, System Biological Engineering",合成生物技术与系统生物工程,,,
sjtu-m-cn-020,2,Shanghai Jiao Tong University,master,2026,prior_cycle_catalogue,"[""sjtu-m-cn""]","[""https://isc.sjtu.edu.cn/kindeditor/Upload/file/20251024/20251024112608_3348.pdf""]","[""2026-10-07""]",named_field,,3 years,Chinese,Biocatalysis and Biotransformation,生物催化与转化工程,,,
sjtu-m-cn-020,3,Shanghai Jiao Tong University,master,2026,prior_cycle_catalogue,"[""sjtu-m-cn""]","[""https://isc.sjtu.edu.cn/kindeditor/Upload/file/20251024/20251024112608_3348.pdf""]","[""2026-10-07""]",named_field,,3 years,Chinese,"Biological Medicine,",生物医药工程,,,
sjtu-m-cn-020,4,Shanghai Jiao Tong University,master,2026,prior_cycle_catalogue,"[""sjtu-m-cn""]","[""https://isc.sjtu.edu.cn/kindeditor/Upload/file/20251024/20251024112608_3348.pdf""]","[""2026-10-07""]",named_field,,3 years,Chinese,"Biological Resources, Environmental Engineering",生物资源与环境工程,,,
sjtu-m-cn-021,1,Shanghai Jiao Tong University,master,2026,prior_cycle_catalogue,"[""sjtu-m-cn""]","[""https://isc.sjtu.edu.cn/kindeditor/Upload/file/20251024/20251024112608_3348.pdf""]","[""2026-10-07""]",named_field,,2.5 years,Chinese,Biomedical Instrumentation,生物医疗仪器,,,
sjtu-m-cn-021,2,Shanghai Jiao Tong University,master,2026,prior_cycle_catalogue,"[""sjtu-m-cn""]","[""https://isc.sjtu.edu.cn/kindeditor/Upload/file/20251024/20251024112608_3348.pdf""]","[""2026-10-07""]",named_field,,2.5 years,Chinese,Neuroscience and Engineering,神经科学与工程,,,
sjtu-m-cn-021,3,Shanghai Jiao Tong University,master,2026,prior_cycle_catalogue,"[""sjtu-m-cn""]","[""https://isc.sjtu.edu.cn/kindeditor/Upload/file/20251024/20251024112608_3348.pdf""]","[""2026-10-07""]",named_field,,2.5 years,Chinese,Medical imaging and Informatics,医学影像与信息,,,
sjtu-m-cn-021,4,Shanghai Jiao Tong University,master,2026,prior_cycle_catalogue,"[""sjtu-m-cn""]","[""https://isc.sjtu.edu.cn/kindeditor/Upload/file/20251024/20251024112608_3348.pdf""]","[""2026-10-07""]",named_field,,2.5 years,Chinese,Nano-Biomaterials,纳米生物材料,,,
sjtu-m-cn-021,5,Shanghai Jiao Tong University,master,2026,prior_cycle_catalogue,"[""sjtu-m-cn""]","[""https://isc.sjtu.edu.cn/kindeditor/Upload/file/20251024/20251024112608_3348.pdf""]","[""2026-10-07""]",named_field,,2.5 years,Chinese,Systems Biology and Medicine,系统生物医学,,,
sjtu-m-cn-021,6,Shanghai Jiao Tong University,master,2026,prior_cycle_catalogue,"[""sjtu-m-cn""]","[""https://isc.sjtu.edu.cn/kindeditor/Upload/file/20251024/20251024112608_3348.pdf""]","[""2026-10-07""]",named_field,,2.5 years,Chinese,Biological Science and Diseases,疾病生物学,,,
sjtu-m-cn-022,1,Shanghai Jiao Tong University,master,2026,prior_cycle_catalogue,"[""sjtu-m-cn""]","[""https://isc.sjtu.edu.cn/kindeditor/Upload/file/20251024/20251024112608_3348.pdf""]","[""2026-10-07""]",named_field,,2.5 years,Chinese,Chinese Philosophy,中国哲学,,,
sjtu-m-cn-022,2,Shanghai Jiao Tong University,master,2026,prior_cycle_catalogue,"[""sjtu-m-cn""]","[""https://isc.sjtu.edu.cn/kindeditor/Upload/file/20251024/20251024112608_3348.pdf""]","[""2026-10-07""]",named_field,,2.5 years,Chinese,Western Philosophy,外国哲学,,,
sjtu-m-cn-022,3,Shanghai Jiao Tong University,master,2026,prior_cycle_catalogue,"[""sjtu-m-cn""]","[""https://isc.sjtu.edu.cn/kindeditor/Upload/file/20251024/20251024112608_3348.pdf""]","[""2026-10-07""]",named_field,,2.5 years,Chinese,Philosophy of Science and Technology,科技哲学,,,
sjtu-m-cn-023,1,Shanghai Jiao Tong University,master,2026,prior_cycle_catalogue,"[""sjtu-m-cn""]","[""https://isc.sjtu.edu.cn/kindeditor/Upload/file/20251024/20251024112608_3348.pdf""]","[""2026-10-07""]",named_field,,2.5 years,Chinese,Literature& Art Theory （including Literary Anthropology）,文艺学（含文学人类学）,,,
sjtu-m-cn-023,2,Shanghai Jiao Tong University,master,2026,prior_cycle_catalogue,"[""sjtu-m-cn""]","[""https://isc.sjtu.edu.cn/kindeditor/Upload/file/20251024/20251024112608_3348.pdf""]","[""2026-10-07""]",named_field,,2.5 years,Chinese,Ancient Chinese Literature,中国古代文学,,,
sjtu-m-cn-023,3,Shanghai Jiao Tong University,master,2026,prior_cycle_catalogue,"[""sjtu-m-cn""]","[""https://isc.sjtu.edu.cn/kindeditor/Upload/file/20251024/20251024112608_3348.pdf""]","[""2026-10-07""]",named_field,,2.5 years,Chinese,Modern and Contemporary Chinese Literature,中国现当代文学,,,
sjtu-m-cn-023,4,Shanghai Jiao Tong University,master,2026,prior_cycle_catalogue,"[""sjtu-m-cn""]","[""https://isc.sjtu.edu.cn/kindeditor/Upload/file/20251024/20251024112608_3348.pdf""]","[""2026-10-07""]",named_field,,2.5 years,Chinese,Comparative Literature and World Literature,比较文学与世界文学,,,
sjtu-m-cn-023,5,Shanghai Jiao Tong University,master,2026,prior_cycle_catalogue,"[""sjtu-m-cn""]","[""https://isc.sjtu.edu.cn/kindeditor/Upload/file/20251024/20251024112608_3348.pdf""]","[""2026-10-07""]",named_field,,2.5 years,Chinese,Chinese Philology,汉语言文字学,,,
sjtu-m-cn-023,6,Shanghai Jiao Tong University,master,2026,prior_cycle_catalogue,"[""sjtu-m-cn""]","[""https://isc.sjtu.edu.cn/kindeditor/Upload/file/20251024/20251024112608_3348.pdf""]","[""2026-10-07""]",named_field,,2.5 years,Chinese,Linguistics and Applied Linguistics,语言学及应用语言学,,,
sjtu-m-cn-023,7,Shanghai Jiao Tong University,master,2026,prior_cycle_catalogue,"[""sjtu-m-cn""]","[""https://isc.sjtu.edu.cn/kindeditor/Upload/file/20251024/20251024112608_3348.pdf""]","[""2026-10-07""]",named_field,,2.5 years,Chinese,Chinese Creative Writing,中文创意写作,,,
sjtu-m-cn-024,1,Shanghai Jiao Tong University,master,2026,prior_cycle_catalogue,"[""sjtu-m-cn""]","[""https://isc.sjtu.edu.cn/kindeditor/Upload/file/20251024/20251024112608_3348.pdf""]","[""2026-10-07""]",named_field,,2.5 years,Chinese,Ancient Chinese History,中国古代史,,,
sjtu-m-cn-024,2,Shanghai Jiao Tong University,master,2026,prior_cycle_catalogue,"[""sjtu-m-cn""]","[""https://isc.sjtu.edu.cn/kindeditor/Upload/file/20251024/20251024112608_3348.pdf""]","[""2026-10-07""]",named_field,,2.5 years,Chinese,Modern Chinese History,中国近现代史,,,
sjtu-m-cn-024,3,Shanghai Jiao Tong University,master,2026,prior_cycle_catalogue,"[""sjtu-m-cn""]","[""https://isc.sjtu.edu.cn/kindeditor/Upload/file/20251024/20251024112608_3348.pdf""]","[""2026-10-07""]",named_field,,2.5 years,Chinese,Interdisciplinary History,专门史,,,
sjtu-m-cn-024,4,Shanghai Jiao Tong University,master,2026,prior_cycle_catalogue,"[""sjtu-m-cn""]","[""https://isc.sjtu.edu.cn/kindeditor/Upload/file/20251024/20251024112608_3348.pdf""]","[""2026-10-07""]",named_field,,2.5 years,Chinese,Historical Geography,历史地理学,,,
sjtu-m-cn-025,1,Shanghai Jiao Tong University,master,2026,prior_cycle_catalogue,"[""sjtu-m-cn""]","[""https://isc.sjtu.edu.cn/kindeditor/Upload/file/20251024/20251024112608_3348.pdf""]","[""2026-10-07""]",named_field,,2.5 years,Chinese,International Chinese Language Education,国际中文教育,,,
sjtu-m-cn-026,1,Shanghai Jiao Tong University,master,2026,prior_cycle_catalogue,"[""sjtu-m-cn""]","[""https://isc.sjtu.edu.cn/kindeditor/Upload/file/20251024/20251024112608_3348.pdf""]","[""2026-10-07""]",named_field,,2.5 years,Chinese,Inorganic Chemistry,无机化学,,,
sjtu-m-cn-026,2,Shanghai Jiao Tong University,master,2026,prior_cycle_catalogue,"[""sjtu-m-cn""]","[""https://isc.sjtu.edu.cn/kindeditor/Upload/file/20251024/20251024112608_3348.pdf""]","[""2026-10-07""]",named_field,,2.5 years,Chinese,Analytical Chemistry,分析化学,,,
sjtu-m-cn-026,3,Shanghai Jiao Tong University,master,2026,prior_cycle_catalogue,"[""sjtu-m-cn""]","[""https://isc.sjtu.edu.cn/kindeditor/Upload/file/20251024/20251024112608_3348.pdf""]","[""2026-10-07""]",named_field,,2.5 years,Chinese,Organic Chemistry,有机化学,,,
sjtu-m-cn-026,4,Shanghai Jiao Tong University,master,2026,prior_cycle_catalogue,"[""sjtu-m-cn""]","[""https://isc.sjtu.edu.cn/kindeditor/Upload/file/20251024/20251024112608_3348.pdf""]","[""2026-10-07""]",named_field,,2.5 years,Chinese,Physical Chemistry,物理化学,,,
sjtu-m-cn-026,5,Shanghai Jiao Tong University,master,2026,prior_cycle_catalogue,"[""sjtu-m-cn""]","[""https://isc.sjtu.edu.cn/kindeditor/Upload/file/20251024/20251024112608_3348.pdf""]","[""2026-10-07""]",named_field,,2.5 years,Chinese,Macromolecular Chemistry and Physics,高分子化学与物理,,,
sjtu-m-cn-026,6,Shanghai Jiao Tong University,master,2026,prior_cycle_catalogue,"[""sjtu-m-cn""]","[""https://isc.sjtu.edu.cn/kindeditor/Upload/file/20251024/20251024112608_3348.pdf""]","[""2026-10-07""]",named_field,,2.5 years,Chinese,Polymer Materials Science and Engineering,高分子材料,,,
sjtu-m-cn-027,1,Shanghai Jiao Tong University,master,2026,prior_cycle_catalogue,"[""sjtu-m-cn""]","[""https://isc.sjtu.edu.cn/kindeditor/Upload/file/20251024/20251024112608_3348.pdf""]","[""2026-10-07""]",named_field,,2.5 years,Chinese,Chemical Engineering,化学工程,,,
sjtu-m-cn-027,2,Shanghai Jiao Tong University,master,2026,prior_cycle_catalogue,"[""sjtu-m-cn""]","[""https://isc.sjtu.edu.cn/kindeditor/Upload/file/20251024/20251024112608_3348.pdf""]","[""2026-10-07""]",named_field,,2.5 years,Chinese,Chemical Process,化学工艺,,,
sjtu-m-cn-027,3,Shanghai Jiao Tong University,master,2026,prior_cycle_catalogue,"[""sjtu-m-cn""]","[""https://isc.sjtu.edu.cn/kindeditor/Upload/file/20251024/20251024112608_3348.pdf""]","[""2026-10-07""]",named_field,,2.5 years,Chinese,Applied chemistry,应用化学,,,
sjtu-m-cn-027,4,Shanghai Jiao Tong University,master,2026,prior_cycle_catalogue,"[""sjtu-m-cn""]","[""https://isc.sjtu.edu.cn/kindeditor/Upload/file/20251024/20251024112608_3348.pdf""]","[""2026-10-07""]",named_field,,2.5 years,Chinese,Industrial Catalysis,工业催化,,,
sjtu-m-cn-028,1,Shanghai Jiao Tong University,master,2026,prior_cycle_catalogue,"[""sjtu-m-cn""]","[""https://isc.sjtu.edu.cn/kindeditor/Upload/file/20251024/20251024112608_3348.pdf""]","[""2026-10-07""]",named_field,,2.5 years,Chinese,Materials and Chemical Engineering,材料与化工,,,
sjtu-m-cn-029,1,Shanghai Jiao Tong University,master,2026,prior_cycle_catalogue,"[""sjtu-m-cn""]","[""https://isc.sjtu.edu.cn/kindeditor/Upload/file/20251024/20251024112608_3348.pdf""]","[""2026-10-07""]",named_field,,2.5 years,Chinese,Economics,经济学,,,
sjtu-m-cn-030,1,Shanghai Jiao Tong University,master,2026,prior_cycle_catalogue,"[""sjtu-m-cn""]","[""https://isc.sjtu.edu.cn/kindeditor/Upload/file/20251024/20251024112608_3348.pdf""]","[""2026-10-07""]",named_field,,2 years,Chinese,①Industrial Finance and Research; ②Fintech and Investment Management; ③Tech-Finance,研究方向①行业研究与产业金融；②金融科技与量化投资；③科创金融,,,
sjtu-m-cn-031,1,Shanghai Jiao Tong University,master,2026,prior_cycle_catalogue,"[""sjtu-m-cn""]","[""https://isc.sjtu.edu.cn/kindeditor/Upload/file/20251024/20251024112608_3348.pdf""]","[""2026-10-07""]",named_field,,2.5 years,Chinese,Management Science and Engineering,管理科学与工程,,,
sjtu-m-cn-032,1,Shanghai Jiao Tong University,master,2026,prior_cycle_catalogue,"[""sjtu-m-cn""]","[""https://isc.sjtu.edu.cn/kindeditor/Upload/file/20251024/20251024112608_3348.pdf""]","[""2026-10-07""]",named_field,,2.5 years,Chinese,Business Administration,工商管理学,,,
sjtu-m-cn-033,1,Shanghai Jiao Tong University,master,2026,prior_cycle_catalogue,"[""sjtu-m-cn""]","[""https://isc.sjtu.edu.cn/kindeditor/Upload/file/20251024/20251024112608_3348.pdf""]","[""2026-10-07""]",named_field,,2 years,Chinese,Full-time,全日制,,,
sjtu-m-cn-034,1,Shanghai Jiao Tong University,master,2026,prior_cycle_catalogue,"[""sjtu-m-cn""]","[""https://isc.sjtu.edu.cn/kindeditor/Upload/file/20251024/20251024112608_3348.pdf""]","[""2026-10-07""]",named_field,,2.5 years,Chinese,CLGO Program - Full-time,中国全球运营领袖CLGO-全日制,,,
sjtu-m-cn-034,2,Shanghai Jiao Tong University,master,2026,prior_cycle_catalogue,"[""sjtu-m-cn""]","[""https://isc.sjtu.edu.cn/kindeditor/Upload/file/20251024/20251024112608_3348.pdf""]","[""2026-10-07""]",named_field,,2.5 years,Chinese,Part-time,非全日制,,,
sjtu-m-cn-035,1,Shanghai Jiao Tong University,master,2026,prior_cycle_catalogue,"[""sjtu-m-cn""]","[""https://isc.sjtu.edu.cn/kindeditor/Upload/file/20251024/20251024112608_3348.pdf""]","[""2026-10-07""]",named_field,,2 years,Chinese,Part-time,非全日制,,,
sjtu-m-cn-036,1,Shanghai Jiao Tong University,master,2026,prior_cycle_catalogue,"[""sjtu-m-cn""]","[""https://isc.sjtu.edu.cn/kindeditor/Upload/file/20251024/20251024112608_3348.pdf""]","[""2026-10-07""]",named_field,,2.5 years,Chinese,Political Theory,政治学理论,,,
sjtu-m-cn-036,2,Shanghai Jiao Tong University,master,2026,prior_cycle_catalogue,"[""sjtu-m-cn""]","[""https://isc.sjtu.edu.cn/kindeditor/Upload/file/20251024/20251024112608_3348.pdf""]","[""2026-10-07""]",named_field,,2.5 years,Chinese,Comparative Politics,中外政治制度,,,
sjtu-m-cn-036,3,Shanghai Jiao Tong University,master,2026,prior_cycle_catalogue,"[""sjtu-m-cn""]","[""https://isc.sjtu.edu.cn/kindeditor/Upload/file/20251024/20251024112608_3348.pdf""]","[""2026-10-07""]",named_field,,2.5 years,Chinese,International Relations,国际关系,,,
sjtu-m-cn-037,1,Shanghai Jiao Tong University,master,2026,prior_cycle_catalogue,"[""sjtu-m-cn""]","[""https://isc.sjtu.edu.cn/kindeditor/Upload/file/20251024/20251024112608_3348.pdf""]","[""2026-10-07""]",named_field,,2.5 years,Chinese,Public Administration,行政管理,,,
sjtu-m-cn-037,2,Shanghai Jiao Tong University,master,2026,prior_cycle_catalogue,"[""sjtu-m-cn""]","[""https://isc.sjtu.edu.cn/kindeditor/Upload/file/20251024/20251024112608_3348.pdf""]","[""2026-10-07""]",named_field,,2.5 years,Chinese,Social Welfare,社会保障,,,
sjtu-m-cn-038,1,Shanghai Jiao Tong University,master,2026,prior_cycle_catalogue,"[""sjtu-m-cn""]","[""https://isc.sjtu.edu.cn/kindeditor/Upload/file/20251024/20251024112608_3348.pdf""]","[""2026-10-07""]",named_field,,3 years,Chinese,Environmental Science and Engineering,环境科学与工程,,,
sjtu-m-cn-039,1,Shanghai Jiao Tong University,master,2026,prior_cycle_catalogue,"[""sjtu-m-cn""]","[""https://isc.sjtu.edu.cn/kindeditor/Upload/file/20251024/20251024112608_3348.pdf""]","[""2026-10-07""]",named_field,,2.5 years,Chinese,Environmental Engineering,环境工程,,,
sjtu-m-cn-040,1,Shanghai Jiao Tong University,master,2026,prior_cycle_catalogue,"[""sjtu-m-cn""]","[""https://isc.sjtu.edu.cn/kindeditor/Upload/file/20251024/20251024112608_3348.pdf""]","[""2026-10-07""]",named_field,,3 years,Chinese,Pharmacy,药学,,,
sjtu-m-cn-041,1,Shanghai Jiao Tong University,master,2026,prior_cycle_catalogue,"[""sjtu-m-cn""]","[""https://isc.sjtu.edu.cn/kindeditor/Upload/file/20251024/20251024112608_3348.pdf""]","[""2026-10-07""]",named_field,,2.5 years,Chinese,"Theory of law, constitutional law and administrative law, criminal jurisprudence, civil law, lawsuit law, economic law, environmental and resources protection law, international law, intellectual property law, social law",法学理论、宪法学与行政法学、刑法学、民商法学、诉讼法学、经济法学、环境与资源保护法学、国际法学、知识产权法学、社会法学,,,
sjtu-m-cn-042,1,Shanghai Jiao Tong University,master,2026,prior_cycle_catalogue,"[""sjtu-m-cn""]","[""https://isc.sjtu.edu.cn/kindeditor/Upload/file/20251024/20251024112608_3348.pdf""]","[""2026-10-07""]",named_field,,2.5 years,Chinese,Full-time General,全日制不分研究方向,,,
sjtu-m-cn-042,2,Shanghai Jiao Tong University,master,2026,prior_cycle_catalogue,"[""sjtu-m-cn""]","[""https://isc.sjtu.edu.cn/kindeditor/Upload/file/20251024/20251024112608_3348.pdf""]","[""2026-10-07""]",named_field,,2.5 years,Chinese,Full-time Science Communication,全日制科技传播,,,
sjtu-m-cn-043,1,Shanghai Jiao Tong University,master,2026,prior_cycle_catalogue,"[""sjtu-m-cn""]","[""https://isc.sjtu.edu.cn/kindeditor/Upload/file/20251024/20251024112608_3348.pdf""]","[""2026-10-07""]",named_field,,3 years,Chinese,Full-time Broadcasting and Television,全日制广播电视,,,
sjtu-m-cn-044,1,Shanghai Jiao Tong University,master,2026,prior_cycle_catalogue,"[""sjtu-m-cn""]","[""https://isc.sjtu.edu.cn/kindeditor/Upload/file/20251024/20251024112608_3348.pdf""]","[""2026-10-07""]",named_field,,2.5 years,Chinese,Philosophy of Science and Technology,科学技术哲学,,,
sjtu-m-cn-045,1,Shanghai Jiao Tong University,master,2026,prior_cycle_catalogue,"[""sjtu-m-cn""]","[""https://isc.sjtu.edu.cn/kindeditor/Upload/file/20251024/20251024112608_3348.pdf""]","[""2026-10-07""]",named_field,,2.5 years,Chinese,History of Science and Technology,科学技术史,,,
sjtu-m-cn-046,1,Shanghai Jiao Tong University,master,2026,prior_cycle_catalogue,"[""sjtu-m-cn""]","[""https://isc.sjtu.edu.cn/kindeditor/Upload/file/20251024/20251024112608_3348.pdf""]","[""2026-10-07""]",named_field,,2.5 years,Chinese,Physical Education and Sport Science,体育学,,,
sjtu-m-cn-047,1,Shanghai Jiao Tong University,master,2026,prior_cycle_catalogue,"[""sjtu-m-cn""]","[""https://isc.sjtu.edu.cn/kindeditor/Upload/file/20251024/20251024112608_3348.pdf""]","[""2026-10-07""]",named_field,,2.5 years,Chinese,Higher education management; Higher engineering education; Higher education theory; The world first-class university research; Graduate education; Science and technology management,高等教育管理；高等工程教育；高等教育理论；世界一流大学研究；研究生教育；科学学与科技管理,,,
sjtu-m-cn-048,1,Shanghai Jiao Tong University,master,2026,prior_cycle_catalogue,"[""sjtu-m-cn""]","[""https://isc.sjtu.edu.cn/kindeditor/Upload/file/20251024/20251024112608_3348.pdf""]","[""2026-10-07""]",named_field,,2.5 years,Chinese,Logistics Engineering and Management,物流工程与管理,,,
sjtu-m-cn-049,1,Shanghai Jiao Tong University,master,2026,prior_cycle_catalogue,"[""sjtu-m-cn""]","[""https://isc.sjtu.edu.cn/kindeditor/Upload/file/20251024/20251024112608_3348.pdf""]","[""2026-10-07""]",named_field,,3 years,Chinese,Part-time Finance MBA,在职MBA,,,
sjtu-m-cn-049,2,Shanghai Jiao Tong University,master,2026,prior_cycle_catalogue,"[""sjtu-m-cn""]","[""https://isc.sjtu.edu.cn/kindeditor/Upload/file/20251024/20251024112608_3348.pdf""]","[""2026-10-07""]",named_field,,2 years,Chinese,Part-time Finance EMBA,在职EMBA,,"[""Degree-name variant in the source: 工商管理硕士 （EMBA）Master of Business Administration (EMBA)""]",
sjtu-m-cn-050,1,Shanghai Jiao Tong University,master,2026,prior_cycle_catalogue,"[""sjtu-m-cn""]","[""https://isc.sjtu.edu.cn/kindeditor/Upload/file/20251024/20251024112608_3348.pdf""]","[""2026-10-07""]",named_field,,3 years,Chinese,microbiology,微生物学,,,
sjtu-m-cn-050,2,Shanghai Jiao Tong University,master,2026,prior_cycle_catalogue,"[""sjtu-m-cn""]","[""https://isc.sjtu.edu.cn/kindeditor/Upload/file/20251024/20251024112608_3348.pdf""]","[""2026-10-07""]",named_field,,3 years,Chinese,Biochemistry and Molecular Biology,生物化学与分子生物学,,,
sjtu-m-cn-050,3,Shanghai Jiao Tong University,master,2026,prior_cycle_catalogue,"[""sjtu-m-cn""]","[""https://isc.sjtu.edu.cn/kindeditor/Upload/file/20251024/20251024112608_3348.pdf""]","[""2026-10-07""]",named_field,,3 years,Chinese,Genetics,遗传学,,,
sjtu-m-cn-050,4,Shanghai Jiao Tong University,master,2026,prior_cycle_catalogue,"[""sjtu-m-cn""]","[""https://isc.sjtu.edu.cn/kindeditor/Upload/file/20251024/20251024112608_3348.pdf""]","[""2026-10-07""]",named_field,,3 years,Chinese,Developmental biology,发育生物学,,,
sjtu-m-cn-050,5,Shanghai Jiao Tong University,master,2026,prior_cycle_catalogue,"[""sjtu-m-cn""]","[""https://isc.sjtu.edu.cn/kindeditor/Upload/file/20251024/20251024112608_3348.pdf""]","[""2026-10-07""]",named_field,,3 years,Chinese,Biophysics,生物物理学,,,
sjtu-m-cn-050,6,Shanghai Jiao Tong University,master,2026,prior_cycle_catalogue,"[""sjtu-m-cn""]","[""https://isc.sjtu.edu.cn/kindeditor/Upload/file/20251024/20251024112608_3348.pdf""]","[""2026-10-07""]",named_field,,3 years,Chinese,Engineering System Management,工程系统管理,,,
sjtu-m-cn-051,1,Shanghai Jiao Tong University,master,2026,prior_cycle_catalogue,"[""sjtu-m-cn""]","[""https://isc.sjtu.edu.cn/kindeditor/Upload/file/20251024/20251024112608_3348.pdf""]","[""2026-10-07""]",named_field,,3 years,Chinese,Physics,物理学,,,
sjtu-m-cn-052,1,Shanghai Jiao Tong University,master,2026,prior_cycle_catalogue,"[""sjtu-m-cn""]","[""https://isc.sjtu.edu.cn/kindeditor/Upload/file/20251024/20251024112608_3348.pdf""]","[""2026-10-07""]",named_field,,2.5 years,Chinese,Architecture,建筑学,,,
sjtu-m-cn-053,1,Shanghai Jiao Tong University,master,2026,prior_cycle_catalogue,"[""sjtu-m-cn""]","[""https://isc.sjtu.edu.cn/kindeditor/Upload/file/20251024/20251024112608_3348.pdf""]","[""2026-10-07""]",named_field,,2.5 years,Chinese,Design,设计学,,,
sjtu-m-cn-054,1,Shanghai Jiao Tong University,master,2026,prior_cycle_catalogue,"[""sjtu-m-cn""]","[""https://isc.sjtu.edu.cn/kindeditor/Upload/file/20251024/20251024112608_3348.pdf""]","[""2026-10-07""]",named_field,,2.5 years,Chinese,Marine Science,海洋科学,,,
sjtu-m-en-001,1,Shanghai Jiao Tong University,master,2026,prior_cycle_catalogue,"[""sjtu-m-en""]","[""https://isc.sjtu.edu.cn/kindeditor/Upload/file/20251024/20251024112635_7822.pdf""]","[""2026-10-07""]",named_field,,2.5 years,English,Geotechnical Engineering,岩土工程,,,
sjtu-m-en-001,2,Shanghai Jiao Tong University,master,2026,prior_cycle_catalogue,"[""sjtu-m-en""]","[""https://isc.sjtu.edu.cn/kindeditor/Upload/file/20251024/20251024112635_7822.pdf""]","[""2026-10-07""]",named_field,,2.5 years,English,Structural Engineering,结构工程,,,
sjtu-m-en-001,3,Shanghai Jiao Tong University,master,2026,prior_cycle_catalogue,"[""sjtu-m-en""]","[""https://isc.sjtu.edu.cn/kindeditor/Upload/file/20251024/20251024112635_7822.pdf""]","[""2026-10-07""]",named_field,,2.5 years,English,Disaster-Prevention and Reduction Engineering and Protection Engineering,防灾减灾工程及防护工程,,,
sjtu-m-en-001,4,Shanghai Jiao Tong University,master,2026,prior_cycle_catalogue,"[""sjtu-m-en""]","[""https://isc.sjtu.edu.cn/kindeditor/Upload/file/20251024/20251024112635_7822.pdf""]","[""2026-10-07""]",named_field,,2.5 years,English,Bridge and Tunnel Engineering,桥梁与隧道工程,,,
sjtu-m-en-001,5,Shanghai Jiao Tong University,master,2026,prior_cycle_catalogue,"[""sjtu-m-en""]","[""https://isc.sjtu.edu.cn/kindeditor/Upload/file/20251024/20251024112635_7822.pdf""]","[""2026-10-07""]",named_field,,2.5 years,English,Municipal Engineering,市政工程,,,
sjtu-m-en-002,1,Shanghai Jiao Tong University,master,2026,prior_cycle_catalogue,"[""sjtu-m-en""]","[""https://isc.sjtu.edu.cn/kindeditor/Upload/file/20251024/20251024112635_7822.pdf""]","[""2026-10-07""]",named_field,,2.5 years,English,Transportation Planning and Management,交通运输规划与管理,,,
sjtu-m-en-002,2,Shanghai Jiao Tong University,master,2026,prior_cycle_catalogue,"[""sjtu-m-en""]","[""https://isc.sjtu.edu.cn/kindeditor/Upload/file/20251024/20251024112635_7822.pdf""]","[""2026-10-07""]",named_field,,2.5 years,English,Traffic Information Engineering and Control,交通信息工程及控制,,,
sjtu-m-en-003,1,Shanghai Jiao Tong University,master,2026,prior_cycle_catalogue,"[""sjtu-m-en""]","[""https://isc.sjtu.edu.cn/kindeditor/Upload/file/20251024/20251024112635_7822.pdf""]","[""2026-10-07""]",named_field,,2.5 years,English,Design and Construction of Naval Architecture and Ocean Structures,船舶与海洋结构物设计制造,,,
sjtu-m-en-003,2,Shanghai Jiao Tong University,master,2026,prior_cycle_catalogue,"[""sjtu-m-en""]","[""https://isc.sjtu.edu.cn/kindeditor/Upload/file/20251024/20251024112635_7822.pdf""]","[""2026-10-07""]",named_field,,2.5 years,English,Marine Engine Engineering,轮机工程,,,
sjtu-m-en-003,3,Shanghai Jiao Tong University,master,2026,prior_cycle_catalogue,"[""sjtu-m-en""]","[""https://isc.sjtu.edu.cn/kindeditor/Upload/file/20251024/20251024112635_7822.pdf""]","[""2026-10-07""]",named_field,,2.5 years,English,Acoustics Engineering,水声工程,,,
sjtu-m-en-003,4,Shanghai Jiao Tong University,master,2026,prior_cycle_catalogue,"[""sjtu-m-en""]","[""https://isc.sjtu.edu.cn/kindeditor/Upload/file/20251024/20251024112635_7822.pdf""]","[""2026-10-07""]",named_field,,2.5 years,English,Port and Water Conservancy Engineering,港口与水利工程,,,
sjtu-m-en-004,1,Shanghai Jiao Tong University,master,2026,prior_cycle_catalogue,"[""sjtu-m-en""]","[""https://isc.sjtu.edu.cn/kindeditor/Upload/file/20251024/20251024112635_7822.pdf""]","[""2026-10-07""]",named_field,,2.5 years,English,General and Fundamental Mechanics,一般力学与力学基础,,,
sjtu-m-en-004,2,Shanghai Jiao Tong University,master,2026,prior_cycle_catalogue,"[""sjtu-m-en""]","[""https://isc.sjtu.edu.cn/kindeditor/Upload/file/20251024/20251024112635_7822.pdf""]","[""2026-10-07""]",named_field,,2.5 years,English,Solid Mechanics,固体力学,,,
sjtu-m-en-004,3,Shanghai Jiao Tong University,master,2026,prior_cycle_catalogue,"[""sjtu-m-en""]","[""https://isc.sjtu.edu.cn/kindeditor/Upload/file/20251024/20251024112635_7822.pdf""]","[""2026-10-07""]",named_field,,2.5 years,English,Hydrodynamics,流体力学,,,
sjtu-m-en-004,4,Shanghai Jiao Tong University,master,2026,prior_cycle_catalogue,"[""sjtu-m-en""]","[""https://isc.sjtu.edu.cn/kindeditor/Upload/file/20251024/20251024112635_7822.pdf""]","[""2026-10-07""]",named_field,,2.5 years,English,Engineering Mechanics,工程力学,,,
sjtu-m-en-005,1,Shanghai Jiao Tong University,master,2026,prior_cycle_catalogue,"[""sjtu-m-en""]","[""https://isc.sjtu.edu.cn/kindeditor/Upload/file/20251024/20251024112635_7822.pdf""]","[""2026-10-07""]",named_field,,2.5 years,English,Mechanical Manufacture and Automation,机械制造及其自动化,,,
sjtu-m-en-005,2,Shanghai Jiao Tong University,master,2026,prior_cycle_catalogue,"[""sjtu-m-en""]","[""https://isc.sjtu.edu.cn/kindeditor/Upload/file/20251024/20251024112635_7822.pdf""]","[""2026-10-07""]",named_field,,2.5 years,English,Mechatronic Engineering,机械电子工程,,,
sjtu-m-en-005,3,Shanghai Jiao Tong University,master,2026,prior_cycle_catalogue,"[""sjtu-m-en""]","[""https://isc.sjtu.edu.cn/kindeditor/Upload/file/20251024/20251024112635_7822.pdf""]","[""2026-10-07""]",named_field,,2.5 years,English,Mechanical Design and Theory,机械设计及理论,,,
sjtu-m-en-005,4,Shanghai Jiao Tong University,master,2026,prior_cycle_catalogue,"[""sjtu-m-en""]","[""https://isc.sjtu.edu.cn/kindeditor/Upload/file/20251024/20251024112635_7822.pdf""]","[""2026-10-07""]",named_field,,2.5 years,English,Vehicle Engineering,车辆工程,,,
sjtu-m-en-005,5,Shanghai Jiao Tong University,master,2026,prior_cycle_catalogue,"[""sjtu-m-en""]","[""https://isc.sjtu.edu.cn/kindeditor/Upload/file/20251024/20251024112635_7822.pdf""]","[""2026-10-07""]",named_field,,2.5 years,English,Industrial Engineering,工业工程,,,
sjtu-m-en-006,1,Shanghai Jiao Tong University,master,2026,prior_cycle_catalogue,"[""sjtu-m-en""]","[""https://isc.sjtu.edu.cn/kindeditor/Upload/file/20251024/20251024112635_7822.pdf""]","[""2026-10-07""]",named_field,,2.5 years,English,Engineering Thermo-physics,工程热物理,,,
sjtu-m-en-006,2,Shanghai Jiao Tong University,master,2026,prior_cycle_catalogue,"[""sjtu-m-en""]","[""https://isc.sjtu.edu.cn/kindeditor/Upload/file/20251024/20251024112635_7822.pdf""]","[""2026-10-07""]",named_field,,2.5 years,English,Thermal Power Engineering,热能工程,,,
sjtu-m-en-006,3,Shanghai Jiao Tong University,master,2026,prior_cycle_catalogue,"[""sjtu-m-en""]","[""https://isc.sjtu.edu.cn/kindeditor/Upload/file/20251024/20251024112635_7822.pdf""]","[""2026-10-07""]",named_field,,2.5 years,English,Power Machinery and Engineering,动力机械及工程,,,
sjtu-m-en-006,4,Shanghai Jiao Tong University,master,2026,prior_cycle_catalogue,"[""sjtu-m-en""]","[""https://isc.sjtu.edu.cn/kindeditor/Upload/file/20251024/20251024112635_7822.pdf""]","[""2026-10-07""]",named_field,,2.5 years,English,Refrigeration and Microtherm Engineering,制冷及低温工程,,,
sjtu-m-en-006,5,Shanghai Jiao Tong University,master,2026,prior_cycle_catalogue,"[""sjtu-m-en""]","[""https://isc.sjtu.edu.cn/kindeditor/Upload/file/20251024/20251024112635_7822.pdf""]","[""2026-10-07""]",named_field,,2.5 years,English,Fuel cell,燃料电池方向,,,
sjtu-m-en-007,1,Shanghai Jiao Tong University,master,2026,prior_cycle_catalogue,"[""sjtu-m-en""]","[""https://isc.sjtu.edu.cn/kindeditor/Upload/file/20251024/20251024112635_7822.pdf""]","[""2026-10-07""]",named_field,,2.5 years,English,Nuclear Thermal Hydraulics,核反应堆热工水力,,,
sjtu-m-en-007,2,Shanghai Jiao Tong University,master,2026,prior_cycle_catalogue,"[""sjtu-m-en""]","[""https://isc.sjtu.edu.cn/kindeditor/Upload/file/20251024/20251024112635_7822.pdf""]","[""2026-10-07""]",named_field,,2.5 years,English,Nuclear Safety and Simulation,核安全与系统仿真,,,
sjtu-m-en-007,3,Shanghai Jiao Tong University,master,2026,prior_cycle_catalogue,"[""sjtu-m-en""]","[""https://isc.sjtu.edu.cn/kindeditor/Upload/file/20251024/20251024112635_7822.pdf""]","[""2026-10-07""]",named_field,,2.5 years,English,Nuclear Fuel Cycle and Materials,核材料与燃料循环,,,
sjtu-m-en-008,1,Shanghai Jiao Tong University,master,2026,prior_cycle_catalogue,"[""sjtu-m-en""]","[""https://isc.sjtu.edu.cn/kindeditor/Upload/file/20251024/20251024112635_7822.pdf""]","[""2026-10-07""]",named_field,,2.5 years,English,Electric Machines and Electric Apparatus,电机与电器,,,
sjtu-m-en-008,2,Shanghai Jiao Tong University,master,2026,prior_cycle_catalogue,"[""sjtu-m-en""]","[""https://isc.sjtu.edu.cn/kindeditor/Upload/file/20251024/20251024112635_7822.pdf""]","[""2026-10-07""]",named_field,,2.5 years,English,Electric Power System and Its Automatization,电力系统及其自动化,,,
sjtu-m-en-008,3,Shanghai Jiao Tong University,master,2026,prior_cycle_catalogue,"[""sjtu-m-en""]","[""https://isc.sjtu.edu.cn/kindeditor/Upload/file/20251024/20251024112635_7822.pdf""]","[""2026-10-07""]",named_field,,2.5 years,English,High Voltage and Insulation Technology,高电压与绝缘技术,,,
sjtu-m-en-008,4,Shanghai Jiao Tong University,master,2026,prior_cycle_catalogue,"[""sjtu-m-en""]","[""https://isc.sjtu.edu.cn/kindeditor/Upload/file/20251024/20251024112635_7822.pdf""]","[""2026-10-07""]",named_field,,2.5 years,English,Power Electronics and Power Drives,电力电子与电力传动,,,
sjtu-m-en-008,5,Shanghai Jiao Tong University,master,2026,prior_cycle_catalogue,"[""sjtu-m-en""]","[""https://isc.sjtu.edu.cn/kindeditor/Upload/file/20251024/20251024112635_7822.pdf""]","[""2026-10-07""]",named_field,,2.5 years,English,Theory and New Technology of Electrical Engineering,电工理论与新技术,,,
sjtu-m-en-009,1,Shanghai Jiao Tong University,master,2026,prior_cycle_catalogue,"[""sjtu-m-en""]","[""https://isc.sjtu.edu.cn/kindeditor/Upload/file/20251024/20251024112635_7822.pdf""]","[""2026-10-07""]",named_field,,2.5 years,English,Precision Instrument and Machinery,精密仪器及机械,,,
sjtu-m-en-009,2,Shanghai Jiao Tong University,master,2026,prior_cycle_catalogue,"[""sjtu-m-en""]","[""https://isc.sjtu.edu.cn/kindeditor/Upload/file/20251024/20251024112635_7822.pdf""]","[""2026-10-07""]",named_field,,2.5 years,English,Measuring and Testing Technologies and Instruments,测试计量技术及仪器,,,
sjtu-m-en-009,3,Shanghai Jiao Tong University,master,2026,prior_cycle_catalogue,"[""sjtu-m-en""]","[""https://isc.sjtu.edu.cn/kindeditor/Upload/file/20251024/20251024112635_7822.pdf""]","[""2026-10-07""]",named_field,,2.5 years,English,"Navigation, Guide and Control",导航、制导与控制,,,
sjtu-m-en-010,1,Shanghai Jiao Tong University,master,2026,prior_cycle_catalogue,"[""sjtu-m-en""]","[""https://isc.sjtu.edu.cn/kindeditor/Upload/file/20251024/20251024112635_7822.pdf""]","[""2026-10-07""]",named_field,,2.5 years,English,Control Theory and Control Engineering,控制理论与控制工程,,,
sjtu-m-en-010,2,Shanghai Jiao Tong University,master,2026,prior_cycle_catalogue,"[""sjtu-m-en""]","[""https://isc.sjtu.edu.cn/kindeditor/Upload/file/20251024/20251024112635_7822.pdf""]","[""2026-10-07""]",named_field,,2.5 years,English,Detection Technology and Automatic Equipment,检测技术与自动化装置,,,
sjtu-m-en-010,3,Shanghai Jiao Tong University,master,2026,prior_cycle_catalogue,"[""sjtu-m-en""]","[""https://isc.sjtu.edu.cn/kindeditor/Upload/file/20251024/20251024112635_7822.pdf""]","[""2026-10-07""]",named_field,,2.5 years,English,Systems Engineering,系统工程,,,
sjtu-m-en-010,4,Shanghai Jiao Tong University,master,2026,prior_cycle_catalogue,"[""sjtu-m-en""]","[""https://isc.sjtu.edu.cn/kindeditor/Upload/file/20251024/20251024112635_7822.pdf""]","[""2026-10-07""]",named_field,,2.5 years,English,Pattern Recognition and Intelligent Systems,模式识别与智能系统,,,
sjtu-m-en-010,5,Shanghai Jiao Tong University,master,2026,prior_cycle_catalogue,"[""sjtu-m-en""]","[""https://isc.sjtu.edu.cn/kindeditor/Upload/file/20251024/20251024112635_7822.pdf""]","[""2026-10-07""]",named_field,,2.5 years,English,"Navigation, Guidance and Control",导航、制导与控制,,,
sjtu-m-en-011,1,Shanghai Jiao Tong University,master,2026,prior_cycle_catalogue,"[""sjtu-m-en""]","[""https://isc.sjtu.edu.cn/kindeditor/Upload/file/20251024/20251024112635_7822.pdf""]","[""2026-10-07""]",named_field,,2.5 years,English,Computer System Structure,计算机系统结构,,,
sjtu-m-en-011,2,Shanghai Jiao Tong University,master,2026,prior_cycle_catalogue,"[""sjtu-m-en""]","[""https://isc.sjtu.edu.cn/kindeditor/Upload/file/20251024/20251024112635_7822.pdf""]","[""2026-10-07""]",named_field,,2.5 years,English,Computer Software and Theory,计算机软件与理论,,,
sjtu-m-en-011,3,Shanghai Jiao Tong University,master,2026,prior_cycle_catalogue,"[""sjtu-m-en""]","[""https://isc.sjtu.edu.cn/kindeditor/Upload/file/20251024/20251024112635_7822.pdf""]","[""2026-10-07""]",named_field,,2.5 years,English,Computer Application Technology,计算机应用技术,,,
sjtu-m-en-011,4,Shanghai Jiao Tong University,master,2026,prior_cycle_catalogue,"[""sjtu-m-en""]","[""https://isc.sjtu.edu.cn/kindeditor/Upload/file/20251024/20251024112635_7822.pdf""]","[""2026-10-07""]",named_field,,2.5 years,English,Advanced Computer Architecture and Chip Technology,先进计算机体系结构与芯片技术,,,
sjtu-m-en-012,1,Shanghai Jiao Tong University,master,2026,prior_cycle_catalogue,"[""sjtu-m-en""]","[""https://isc.sjtu.edu.cn/kindeditor/Upload/file/20251024/20251024112635_7822.pdf""]","[""2026-10-07""]",named_field,,2.5 years,English,Circuits and Systems,电路与系统,,,
sjtu-m-en-012,2,Shanghai Jiao Tong University,master,2026,prior_cycle_catalogue,"[""sjtu-m-en""]","[""https://isc.sjtu.edu.cn/kindeditor/Upload/file/20251024/20251024112635_7822.pdf""]","[""2026-10-07""]",named_field,,2.5 years,English,Electromagnetism Field and Microwave Technology,电磁场与微波技术,,,
sjtu-m-en-012,3,Shanghai Jiao Tong University,master,2026,prior_cycle_catalogue,"[""sjtu-m-en""]","[""https://isc.sjtu.edu.cn/kindeditor/Upload/file/20251024/20251024112635_7822.pdf""]","[""2026-10-07""]",named_field,,2.5 years,English,Integrated Circuits Design,集成电路设计,,,
sjtu-m-en-013,1,Shanghai Jiao Tong University,master,2026,prior_cycle_catalogue,"[""sjtu-m-en""]","[""https://isc.sjtu.edu.cn/kindeditor/Upload/file/20251024/20251024112635_7822.pdf""]","[""2026-10-07""]",named_field,,2.5 years,English,Communication and Information System,通信与信息系统,,,
sjtu-m-en-014,1,Shanghai Jiao Tong University,master,2026,prior_cycle_catalogue,"[""sjtu-m-en""]","[""https://isc.sjtu.edu.cn/kindeditor/Upload/file/20251024/20251024112635_7822.pdf""]","[""2026-10-07""]",named_field,,2.5 years,English,Advanced Light Alloy,先进轻合金,,,
sjtu-m-en-014,2,Shanghai Jiao Tong University,master,2026,prior_cycle_catalogue,"[""sjtu-m-en""]","[""https://isc.sjtu.edu.cn/kindeditor/Upload/file/20251024/20251024112635_7822.pdf""]","[""2026-10-07""]",named_field,,2.5 years,English,Metal Matrix Composites,金属基复合材料,,,
sjtu-m-en-014,3,Shanghai Jiao Tong University,master,2026,prior_cycle_catalogue,"[""sjtu-m-en""]","[""https://isc.sjtu.edu.cn/kindeditor/Upload/file/20251024/20251024112635_7822.pdf""]","[""2026-10-07""]",named_field,,2.5 years,English,Materials Intelligent Thermal Manufacturing,材料智能热制造,,,
sjtu-m-en-014,4,Shanghai Jiao Tong University,master,2026,prior_cycle_catalogue,"[""sjtu-m-en""]","[""https://isc.sjtu.edu.cn/kindeditor/Upload/file/20251024/20251024112635_7822.pdf""]","[""2026-10-07""]",named_field,,2.5 years,English,Clean Energy Materials,清洁能源材料,,,
sjtu-m-en-014,5,Shanghai Jiao Tong University,master,2026,prior_cycle_catalogue,"[""sjtu-m-en""]","[""https://isc.sjtu.edu.cn/kindeditor/Upload/file/20251024/20251024112635_7822.pdf""]","[""2026-10-07""]",named_field,,2.5 years,English,Biomedical Materials,生物医用材料,,,
sjtu-m-en-014,6,Shanghai Jiao Tong University,master,2026,prior_cycle_catalogue,"[""sjtu-m-en""]","[""https://isc.sjtu.edu.cn/kindeditor/Upload/file/20251024/20251024112635_7822.pdf""]","[""2026-10-07""]",named_field,,2.5 years,English,Advanced Information Materials,先进信息材料,,,
sjtu-m-en-014,7,Shanghai Jiao Tong University,master,2026,prior_cycle_catalogue,"[""sjtu-m-en""]","[""https://isc.sjtu.edu.cn/kindeditor/Upload/file/20251024/20251024112635_7822.pdf""]","[""2026-10-07""]",named_field,,2.5 years,English,Material Genetic Engineering,材料基因工程,,,
sjtu-m-en-014,8,Shanghai Jiao Tong University,master,2026,prior_cycle_catalogue,"[""sjtu-m-en""]","[""https://isc.sjtu.edu.cn/kindeditor/Upload/file/20251024/20251024112635_7822.pdf""]","[""2026-10-07""]",named_field,,2.5 years,English,Hydrogen Science and Technology,氢科学与技术,,,
sjtu-m-en-015,1,Shanghai Jiao Tong University,master,2026,prior_cycle_catalogue,"[""sjtu-m-en""]","[""https://isc.sjtu.edu.cn/kindeditor/Upload/file/20251024/20251024112635_7822.pdf""]","[""2026-10-07""]",named_field,,3 years,English,Physics,物理学,,,
sjtu-m-en-016,1,Shanghai Jiao Tong University,master,2026,prior_cycle_catalogue,"[""sjtu-m-en""]","[""https://isc.sjtu.edu.cn/kindeditor/Upload/file/20251024/20251024112635_7822.pdf""]","[""2026-10-07""]",named_field,,3 years,English,Microbiology,微生物学,,,
sjtu-m-en-016,2,Shanghai Jiao Tong University,master,2026,prior_cycle_catalogue,"[""sjtu-m-en""]","[""https://isc.sjtu.edu.cn/kindeditor/Upload/file/20251024/20251024112635_7822.pdf""]","[""2026-10-07""]",named_field,,3 years,English,Genetics,遗传学,,,
sjtu-m-en-016,3,Shanghai Jiao Tong University,master,2026,prior_cycle_catalogue,"[""sjtu-m-en""]","[""https://isc.sjtu.edu.cn/kindeditor/Upload/file/20251024/20251024112635_7822.pdf""]","[""2026-10-07""]",named_field,,3 years,English,Developmental Biology,发育生物学,,,
sjtu-m-en-016,4,Shanghai Jiao Tong University,master,2026,prior_cycle_catalogue,"[""sjtu-m-en""]","[""https://isc.sjtu.edu.cn/kindeditor/Upload/file/20251024/20251024112635_7822.pdf""]","[""2026-10-07""]",named_field,,3 years,English,Biochemistry and Molecule Biology,生物化学与分子生物学,,,
sjtu-m-en-016,5,Shanghai Jiao Tong University,master,2026,prior_cycle_catalogue,"[""sjtu-m-en""]","[""https://isc.sjtu.edu.cn/kindeditor/Upload/file/20251024/20251024112635_7822.pdf""]","[""2026-10-07""]",named_field,,3 years,English,Biophysics,生物物理学,,,
sjtu-m-en-016,6,Shanghai Jiao Tong University,master,2026,prior_cycle_catalogue,"[""sjtu-m-en""]","[""https://isc.sjtu.edu.cn/kindeditor/Upload/file/20251024/20251024112635_7822.pdf""]","[""2026-10-07""]",named_field,,3 years,English,Bioinformatics,生物信息学,,,
sjtu-m-en-017,1,Shanghai Jiao Tong University,master,2026,prior_cycle_catalogue,"[""sjtu-m-en""]","[""https://isc.sjtu.edu.cn/kindeditor/Upload/file/20251024/20251024112635_7822.pdf""]","[""2026-10-07""]",named_field,,3 years,English,"Synthesis Bioengineering, System Biological Engineering",合成生物技术与系统生物工程,,,
sjtu-m-en-017,2,Shanghai Jiao Tong University,master,2026,prior_cycle_catalogue,"[""sjtu-m-en""]","[""https://isc.sjtu.edu.cn/kindeditor/Upload/file/20251024/20251024112635_7822.pdf""]","[""2026-10-07""]",named_field,,3 years,English,Biocatalysis and Biotransformation,生物催化与转化工程,,,
sjtu-m-en-017,3,Shanghai Jiao Tong University,master,2026,prior_cycle_catalogue,"[""sjtu-m-en""]","[""https://isc.sjtu.edu.cn/kindeditor/Upload/file/20251024/20251024112635_7822.pdf""]","[""2026-10-07""]",named_field,,3 years,English,"Biological Medicine,",生物医药工程,,,
sjtu-m-en-017,4,Shanghai Jiao Tong University,master,2026,prior_cycle_catalogue,"[""sjtu-m-en""]","[""https://isc.sjtu.edu.cn/kindeditor/Upload/file/20251024/20251024112635_7822.pdf""]","[""2026-10-07""]",named_field,,3 years,English,"Biological Resources, Environmental Engineering",生物资源与环境工程,,,
sjtu-m-en-018,1,Shanghai Jiao Tong University,master,2026,prior_cycle_catalogue,"[""sjtu-m-en""]","[""https://isc.sjtu.edu.cn/kindeditor/Upload/file/20251024/20251024112635_7822.pdf""]","[""2026-10-07""]",named_field,,2 years,English,Biomedical Instrumentation,生物医疗仪器,,,
sjtu-m-en-018,2,Shanghai Jiao Tong University,master,2026,prior_cycle_catalogue,"[""sjtu-m-en""]","[""https://isc.sjtu.edu.cn/kindeditor/Upload/file/20251024/20251024112635_7822.pdf""]","[""2026-10-07""]",named_field,,2 years,English,Neuroscience and Engineering,神经科学与工程,,,
sjtu-m-en-018,3,Shanghai Jiao Tong University,master,2026,prior_cycle_catalogue,"[""sjtu-m-en""]","[""https://isc.sjtu.edu.cn/kindeditor/Upload/file/20251024/20251024112635_7822.pdf""]","[""2026-10-07""]",named_field,,2 years,English,Medical imaging and Informatics,医学影像与信息,,,
sjtu-m-en-018,4,Shanghai Jiao Tong University,master,2026,prior_cycle_catalogue,"[""sjtu-m-en""]","[""https://isc.sjtu.edu.cn/kindeditor/Upload/file/20251024/20251024112635_7822.pdf""]","[""2026-10-07""]",named_field,,2 years,English,Nano-Biomaterials,纳米生物材料,,,
sjtu-m-en-018,5,Shanghai Jiao Tong University,master,2026,prior_cycle_catalogue,"[""sjtu-m-en""]","[""https://isc.sjtu.edu.cn/kindeditor/Upload/file/20251024/20251024112635_7822.pdf""]","[""2026-10-07""]",named_field,,2 years,English,Systems Biology and Medicine,系统生物医学,,,
sjtu-m-en-018,6,Shanghai Jiao Tong University,master,2026,prior_cycle_catalogue,"[""sjtu-m-en""]","[""https://isc.sjtu.edu.cn/kindeditor/Upload/file/20251024/20251024112635_7822.pdf""]","[""2026-10-07""]",named_field,,2 years,English,Biological Science and Diseases,疾病生物学,,,
sjtu-m-en-019,1,Shanghai Jiao Tong University,master,2026,prior_cycle_catalogue,"[""sjtu-m-en""]","[""https://isc.sjtu.edu.cn/kindeditor/Upload/file/20251024/20251024112635_7822.pdf""]","[""2026-10-07""]",named_field,,2 years,English,Modern Chinese and Area Studies,现代中国与区域国别研究,,,
sjtu-m-en-020,1,Shanghai Jiao Tong University,master,2026,prior_cycle_catalogue,"[""sjtu-m-en""]","[""https://isc.sjtu.edu.cn/kindeditor/Upload/file/20251024/20251024112635_7822.pdf""]","[""2026-10-07""]",qualifier_only,,2 years,English,,,,,
sjtu-m-en-021,1,Shanghai Jiao Tong University,master,2026,prior_cycle_catalogue,"[""sjtu-m-en""]","[""https://isc.sjtu.edu.cn/kindeditor/Upload/file/20251024/20251024112635_7822.pdf""]","[""2026-10-07""]",qualifier_only,,2 years,English,,,,,
sjtu-m-en-022,1,Shanghai Jiao Tong University,master,2026,prior_cycle_catalogue,"[""sjtu-m-en""]","[""https://isc.sjtu.edu.cn/kindeditor/Upload/file/20251024/20251024112635_7822.pdf""]","[""2026-10-07""]",named_field,,2 years,English,Master of International Business Program,国际商务硕士项目（MIB）,,,
sjtu-m-en-023,1,Shanghai Jiao Tong University,master,2026,prior_cycle_catalogue,"[""sjtu-m-en""]","[""https://isc.sjtu.edu.cn/kindeditor/Upload/file/20251024/20251024112635_7822.pdf""]","[""2026-10-07""]",named_field,,2 years,English,International MBA Program,国际工商管理硕士项目（IMBA）,,,
sjtu-m-en-024,1,Shanghai Jiao Tong University,master,2026,prior_cycle_catalogue,"[""sjtu-m-en""]","[""https://isc.sjtu.edu.cn/kindeditor/Upload/file/20251024/20251024112635_7822.pdf""]","[""2026-10-07""]",named_field,,2 years,English,China's Politics and Economy Program,中国政治与经济项目,,,
sjtu-m-en-025,1,Shanghai Jiao Tong University,master,2026,prior_cycle_catalogue,"[""sjtu-m-en""]","[""https://isc.sjtu.edu.cn/kindeditor/Upload/file/20251024/20251024112635_7822.pdf""]","[""2026-10-07""]",named_field,,2 years,English,China's Public Policy,中国公共政策,,,
sjtu-m-en-026,1,Shanghai Jiao Tong University,master,2026,prior_cycle_catalogue,"[""sjtu-m-en""]","[""https://isc.sjtu.edu.cn/kindeditor/Upload/file/20251024/20251024112635_7822.pdf""]","[""2026-10-07""]",named_field,,2.5 years,English,English Language and Literature （Taught in English）,英语语言文学（英语授课）,,,
sjtu-m-en-026,2,Shanghai Jiao Tong University,master,2026,prior_cycle_catalogue,"[""sjtu-m-en""]","[""https://isc.sjtu.edu.cn/kindeditor/Upload/file/20251024/20251024112635_7822.pdf""]","[""2026-10-07""]",named_field,,2.5 years,English,English Linguistics and Applied Linguistics （Taught in English）,英语语言学及应用语言学（英语授课）,,,
sjtu-m-en-026,3,Shanghai Jiao Tong University,master,2026,prior_cycle_catalogue,"[""sjtu-m-en""]","[""https://isc.sjtu.edu.cn/kindeditor/Upload/file/20251024/20251024112635_7822.pdf""]","[""2026-10-07""]",named_field,,2.5 years,English,Japanese Languages and Literature (Taught in Japanese),日语语言文学(日语授课),,,
sjtu-m-en-026,4,Shanghai Jiao Tong University,master,2026,prior_cycle_catalogue,"[""sjtu-m-en""]","[""https://isc.sjtu.edu.cn/kindeditor/Upload/file/20251024/20251024112635_7822.pdf""]","[""2026-10-07""]",named_field,,2.5 years,English,German Languages and Literature （Taught in German）,德语语言文学（德语授课）,,,
sjtu-m-en-027,1,Shanghai Jiao Tong University,master,2026,prior_cycle_catalogue,"[""sjtu-m-en""]","[""https://isc.sjtu.edu.cn/kindeditor/Upload/file/20251024/20251024112635_7822.pdf""]","[""2026-10-07""]",named_field,,2.5 years,English,English and Chinese Translation （Taught in English）,英语笔译（英语授课）,,,
sjtu-m-en-028,1,Shanghai Jiao Tong University,master,2026,prior_cycle_catalogue,"[""sjtu-m-en""]","[""https://isc.sjtu.edu.cn/kindeditor/Upload/file/20251024/20251024112635_7822.pdf""]","[""2026-10-07""]",named_field,,3 years,English,Environmental Science and Engineering,环境科学与工程,,,
sjtu-m-en-029,1,Shanghai Jiao Tong University,master,2026,prior_cycle_catalogue,"[""sjtu-m-en""]","[""https://isc.sjtu.edu.cn/kindeditor/Upload/file/20251024/20251024112635_7822.pdf""]","[""2026-10-07""]",named_field,,2.5 years,English,Environmental Engineering,环境工程,,,
sjtu-m-en-030,1,Shanghai Jiao Tong University,master,2026,prior_cycle_catalogue,"[""sjtu-m-en""]","[""https://isc.sjtu.edu.cn/kindeditor/Upload/file/20251024/20251024112635_7822.pdf""]","[""2026-10-07""]",named_field,,2.5 years,English,LL.M. Program in Chinese Law,中国法硕士项目,,,
sjtu-m-en-031,1,Shanghai Jiao Tong University,master,2026,prior_cycle_catalogue,"[""sjtu-m-en""]","[""https://isc.sjtu.edu.cn/kindeditor/Upload/file/20251024/20251024112635_7822.pdf""]","[""2026-10-07""]",named_field,,2.5 years,English,New Media Studies,新媒体研究,,,
sjtu-m-en-032,1,Shanghai Jiao Tong University,master,2026,prior_cycle_catalogue,"[""sjtu-m-en""]","[""https://isc.sjtu.edu.cn/kindeditor/Upload/file/20251024/20251024112635_7822.pdf""]","[""2026-10-07""]",named_field,,2.5 years,English,Intelligent manufacturing,智能制造,,,
sjtu-m-en-032,2,Shanghai Jiao Tong University,master,2026,prior_cycle_catalogue,"[""sjtu-m-en""]","[""https://isc.sjtu.edu.cn/kindeditor/Upload/file/20251024/20251024112635_7822.pdf""]","[""2026-10-07""]",named_field,,2.5 years,English,Robotics,机器人学,,,
sjtu-m-en-033,1,Shanghai Jiao Tong University,master,2026,prior_cycle_catalogue,"[""sjtu-m-en""]","[""https://isc.sjtu.edu.cn/kindeditor/Upload/file/20251024/20251024112635_7822.pdf""]","[""2026-10-07""]",named_field,,2.5 years,English,Clean Energy Technology,清洁能源技术,,,
sjtu-m-en-033,2,Shanghai Jiao Tong University,master,2026,prior_cycle_catalogue,"[""sjtu-m-en""]","[""https://isc.sjtu.edu.cn/kindeditor/Upload/file/20251024/20251024112635_7822.pdf""]","[""2026-10-07""]",named_field,,2.5 years,English,Low Carbon and Smart Energy,低碳与智慧能源,,,
sjtu-m-en-034,1,Shanghai Jiao Tong University,master,2026,prior_cycle_catalogue,"[""sjtu-m-en""]","[""https://isc.sjtu.edu.cn/kindeditor/Upload/file/20251024/20251024112635_7822.pdf""]","[""2026-10-07""]",named_field,,2.5 years,English,Machine learning and intelligent computing,机器学习与智能计算,,,
sjtu-m-en-034,2,Shanghai Jiao Tong University,master,2026,prior_cycle_catalogue,"[""sjtu-m-en""]","[""https://isc.sjtu.edu.cn/kindeditor/Upload/file/20251024/20251024112635_7822.pdf""]","[""2026-10-07""]",named_field,,2.5 years,English,AI loT,智慧物联网,,,
sjtu-m-en-034,3,Shanghai Jiao Tong University,master,2026,prior_cycle_catalogue,"[""sjtu-m-en""]","[""https://isc.sjtu.edu.cn/kindeditor/Upload/file/20251024/20251024112635_7822.pdf""]","[""2026-10-07""]",named_field,,2.5 years,English,Industrial Software,工业软件,,,
sjtu-m-en-035,1,Shanghai Jiao Tong University,master,2026,prior_cycle_catalogue,"[""sjtu-m-en""]","[""https://isc.sjtu.edu.cn/kindeditor/Upload/file/20251024/20251024112635_7822.pdf""]","[""2026-10-07""]",named_field,,2.5 years,English,Program of Master of Digital Cultural Creation and Management,数字文创与管理,,,
sjtu-m-en-036,1,Shanghai Jiao Tong University,master,2026,prior_cycle_catalogue,"[""sjtu-m-en""]","[""https://isc.sjtu.edu.cn/kindeditor/Upload/file/20251024/20251024112635_7822.pdf""]","[""2026-10-07""]",named_field,,3 years,English,Program of Master of Design,艺术管理,,,
sjtu-m-en-037,1,Shanghai Jiao Tong University,master,2026,prior_cycle_catalogue,"[""sjtu-m-en""]","[""https://isc.sjtu.edu.cn/kindeditor/Upload/file/20251024/20251024112635_7822.pdf""]","[""2026-10-07""]",named_field,,2.5 years,English,Low Carbon Environment,低碳环境,,,
sjtu-m-en-038,1,Shanghai Jiao Tong University,master,2026,prior_cycle_catalogue,"[""sjtu-m-en""]","[""https://isc.sjtu.edu.cn/kindeditor/Upload/file/20251024/20251024112635_7822.pdf""]","[""2026-10-07""]",named_field,,2.5 years,English,Low Carbon Energy,低碳能源,,,
sjtu-m-en-039,1,Shanghai Jiao Tong University,master,2026,prior_cycle_catalogue,"[""sjtu-m-en""]","[""https://isc.sjtu.edu.cn/kindeditor/Upload/file/20251024/20251024112635_7822.pdf""]","[""2026-10-07""]",named_field,,2.5 years,English,Mechanical Engineering,机械工程,,,
sjtu-m-en-040,1,Shanghai Jiao Tong University,master,2026,prior_cycle_catalogue,"[""sjtu-m-en""]","[""https://isc.sjtu.edu.cn/kindeditor/Upload/file/20251024/20251024112635_7822.pdf""]","[""2026-10-07""]",named_field,,2.5 years,English,Power Engineering and Engineering Thermophysics,动力工程及工程热物理,,,
sjtu-m-en-041,1,Shanghai Jiao Tong University,master,2026,prior_cycle_catalogue,"[""sjtu-m-en""]","[""https://isc.sjtu.edu.cn/kindeditor/Upload/file/20251024/20251024112635_7822.pdf""]","[""2026-10-07""]",named_field,,2.5 years,English,Electronic Science and Technology,电子科学与技术,,,
sjtu-m-en-042,1,Shanghai Jiao Tong University,master,2026,prior_cycle_catalogue,"[""sjtu-m-en""]","[""https://isc.sjtu.edu.cn/kindeditor/Upload/file/20251024/20251024112635_7822.pdf""]","[""2026-10-07""]",named_field,,2.5 years,English,Information and Communication Engineering,信息与通信工程,,,
sjtu-m-en-043,1,Shanghai Jiao Tong University,master,2026,prior_cycle_catalogue,"[""sjtu-m-en""]","[""https://isc.sjtu.edu.cn/kindeditor/Upload/file/20251024/20251024112635_7822.pdf""]","[""2026-10-07""]",named_field,,2.5 years,English,Control Science and Engineering,控制科学与工程,,,
sjtu-m-en-044,1,Shanghai Jiao Tong University,master,2026,prior_cycle_catalogue,"[""sjtu-m-en""]","[""https://isc.sjtu.edu.cn/kindeditor/Upload/file/20251024/20251024112635_7822.pdf""]","[""2026-10-07""]",named_field,,2.5 years,English,Computer Science and Technology,计算机科学与技术,,,
sjtu-m-en-045,1,Shanghai Jiao Tong University,master,2026,prior_cycle_catalogue,"[""sjtu-m-en""]","[""https://isc.sjtu.edu.cn/kindeditor/Upload/file/20251024/20251024112635_7822.pdf""]","[""2026-10-07""]",named_field,,2 years,English,Full-time Finance MBA Program,公司金融（CorporateFinance）；资本市场(CapitalMarket)；综合管理(GeneralManagement),,,
sjtu-m-en-046,1,Shanghai Jiao Tong University,master,2026,prior_cycle_catalogue,"[""sjtu-m-en""]","[""https://isc.sjtu.edu.cn/kindeditor/Upload/file/20251024/20251024112635_7822.pdf""]","[""2026-10-07""]",named_field,,2 years,English,"Securities investment analysis; Corporate finance; Risk management; Quantitative analysis, Fin-Tech",证券投资分析；公司金融；风险管理；量化分析；金融科技,,,
sjtu-m-en-047,1,Shanghai Jiao Tong University,master,2026,prior_cycle_catalogue,"[""sjtu-m-en""]","[""https://isc.sjtu.edu.cn/kindeditor/Upload/file/20251024/20251024112635_7822.pdf""]","[""2026-10-07""]",named_field,,2.5 years,English,Aero-Engine,航空发动机,,,
sjtu-m-en-047,2,Shanghai Jiao Tong University,master,2026,prior_cycle_catalogue,"[""sjtu-m-en""]","[""https://isc.sjtu.edu.cn/kindeditor/Upload/file/20251024/20251024112635_7822.pdf""]","[""2026-10-07""]",named_field,,2.5 years,English,Product Lifecycle Management,产品生命周期管理,,,
sjtu-m-en-047,3,Shanghai Jiao Tong University,master,2026,prior_cycle_catalogue,"[""sjtu-m-en""]","[""https://isc.sjtu.edu.cn/kindeditor/Upload/file/20251024/20251024112635_7822.pdf""]","[""2026-10-07""]",named_field,,2.5 years,English,Composite Materials and Structures,复合材料结构,,,
sjtu-m-en-047,4,Shanghai Jiao Tong University,master,2026,prior_cycle_catalogue,"[""sjtu-m-en""]","[""https://isc.sjtu.edu.cn/kindeditor/Upload/file/20251024/20251024112635_7822.pdf""]","[""2026-10-07""]",named_field,,2.5 years,English,Aerospace Information and Control,航空宇航信息与控制,,,
sjtu-m-en-048,1,Shanghai Jiao Tong University,master,2026,prior_cycle_catalogue,"[""sjtu-m-en""]","[""https://isc.sjtu.edu.cn/kindeditor/Upload/file/20251024/20251024112635_7822.pdf""]","[""2026-10-07""]",named_field,,3 years,English,Physics,物理学,,,
sjtu-m-en-049,1,Shanghai Jiao Tong University,master,2026,prior_cycle_catalogue,"[""sjtu-m-en""]","[""https://isc.sjtu.edu.cn/kindeditor/Upload/file/20251024/20251024112635_7822.pdf""]","[""2026-10-07""]",named_field,,2.5 years,English,Master of Architecture (International),建筑（全英文硕士）,,,
sjtu-m-en-050,1,Shanghai Jiao Tong University,master,2026,prior_cycle_catalogue,"[""sjtu-m-en""]","[""https://isc.sjtu.edu.cn/kindeditor/Upload/file/20251024/20251024112635_7822.pdf""]","[""2026-10-07""]",named_field,,2.5 years,English,Master of Landscape Architecture (International),风景园林（全英文硕士）,,,
sjtu-m-en-051,1,Shanghai Jiao Tong University,master,2026,prior_cycle_catalogue,"[""sjtu-m-en""]","[""https://isc.sjtu.edu.cn/kindeditor/Upload/file/20251024/20251024112635_7822.pdf""]","[""2026-10-07""]",named_field,,2.5 years,English,International Industrial Design Engineering (IIDE),工业设计工程（IIDE）,,,
sjtu-m-en-052,1,Shanghai Jiao Tong University,master,2026,prior_cycle_catalogue,"[""sjtu-m-en""]","[""https://isc.sjtu.edu.cn/kindeditor/Upload/file/20251024/20251024112635_7822.pdf""]","[""2026-10-07""]",named_field,,2.5 years,English,Master of Design (International),设计专业硕士（国际）,,,
sjtu-m-en-053,1,Shanghai Jiao Tong University,master,2026,prior_cycle_catalogue,"[""sjtu-m-en""]","[""https://isc.sjtu.edu.cn/kindeditor/Upload/file/20251024/20251024112635_7822.pdf""]","[""2026-10-07""]",named_field,,2.5 years,English,Marine Science,海洋科学,,,
sjtu-m-en-054,1,Shanghai Jiao Tong University,master,2026,prior_cycle_catalogue,"[""sjtu-m-en""]","[""https://isc.sjtu.edu.cn/kindeditor/Upload/file/20251024/20251024112635_7822.pdf""]","[""2026-10-07""]",named_field,,2.5 years,English,Smart Energy,智慧能源,,,
sjtu-m-en-055,1,Shanghai Jiao Tong University,master,2026,prior_cycle_catalogue,"[""sjtu-m-en""]","[""https://isc.sjtu.edu.cn/kindeditor/Upload/file/20251024/20251024112635_7822.pdf""]","[""2026-10-07""]",named_field,,2.5 years,English,Future Health Technologies,未来健康技术,,,
sjtu-m-en-055,2,Shanghai Jiao Tong University,master,2026,prior_cycle_catalogue,"[""sjtu-m-en""]","[""https://isc.sjtu.edu.cn/kindeditor/Upload/file/20251024/20251024112635_7822.pdf""]","[""2026-10-07""]",named_field,,2.5 years,English,Future Energy Technologies,未来能源技术,,,
sjtu-m-en-056,1,Shanghai Jiao Tong University,master,2026,prior_cycle_catalogue,"[""sjtu-m-en""]","[""https://isc.sjtu.edu.cn/kindeditor/Upload/file/20251024/20251024112635_7822.pdf""]","[""2026-10-07""]",named_field,,2.5 years,English,Future Energy Technologies,未来能源技术,,,
sjtu-m-en-057,1,Shanghai Jiao Tong University,master,2026,prior_cycle_catalogue,"[""sjtu-m-en""]","[""https://isc.sjtu.edu.cn/kindeditor/Upload/file/20251024/20251024112635_7822.pdf""]","[""2026-10-07""]",named_field,,2.5 years,English,Future Energy Technologies,未来能源技术,,,
zju-m-cn-026,1,Zhejiang University,master,2026,prior_cycle_catalogue,"[""zju-m-cn""]","[""https://iczu.zju.edu.cn/_upload/article/files/32/c1/d48dfe1349279755c872b98ce7e1/d465a621-a100-4371-b988-bf55b6704763.pdf""]","[""2026-10-07""]",named_field,,null,Chinese,Journalism and Communication,,,,
zju-m-cn-026,2,Zhejiang University,master,2026,prior_cycle_catalogue,"[""zju-m-cn""]","[""https://iczu.zju.edu.cn/_upload/article/files/32/c1/d48dfe1349279755c872b98ce7e1/d465a621-a100-4371-b988-bf55b6704763.pdf""]","[""2026-10-07""]",named_field,,null,Chinese,International Chinese Language Education,,,,
zju-m-cn-164,1,Zhejiang University,master,2026,prior_cycle_catalogue,"[""zju-m-cn""]","[""https://iczu.zju.edu.cn/_upload/article/files/32/c1/d48dfe1349279755c872b98ce7e1/d465a621-a100-4371-b988-bf55b6704763.pdf""]","[""2026-10-07""]",named_field,,null,Chinese,Cardiology,,,,
zju-m-cn-164,2,Zhejiang University,master,2026,prior_cycle_catalogue,"[""zju-m-cn""]","[""https://iczu.zju.edu.cn/_upload/article/files/32/c1/d48dfe1349279755c872b98ce7e1/d465a621-a100-4371-b988-bf55b6704763.pdf""]","[""2026-10-07""]",named_field,,null,Chinese,Hematology,,,,
zju-m-cn-164,3,Zhejiang University,master,2026,prior_cycle_catalogue,"[""zju-m-cn""]","[""https://iczu.zju.edu.cn/_upload/article/files/32/c1/d48dfe1349279755c872b98ce7e1/d465a621-a100-4371-b988-bf55b6704763.pdf""]","[""2026-10-07""]",named_field,,null,Chinese,Respiratory,,,,
zju-m-cn-164,4,Zhejiang University,master,2026,prior_cycle_catalogue,"[""zju-m-cn""]","[""https://iczu.zju.edu.cn/_upload/article/files/32/c1/d48dfe1349279755c872b98ce7e1/d465a621-a100-4371-b988-bf55b6704763.pdf""]","[""2026-10-07""]",named_field,,null,Chinese,Gastroenterology,,,,
zju-m-cn-164,5,Zhejiang University,master,2026,prior_cycle_catalogue,"[""zju-m-cn""]","[""https://iczu.zju.edu.cn/_upload/article/files/32/c1/d48dfe1349279755c872b98ce7e1/d465a621-a100-4371-b988-bf55b6704763.pdf""]","[""2026-10-07""]",named_field,,null,Chinese,Endocrinology and Metabolism,,,,
zju-m-cn-164,6,Zhejiang University,master,2026,prior_cycle_catalogue,"[""zju-m-cn""]","[""https://iczu.zju.edu.cn/_upload/article/files/32/c1/d48dfe1349279755c872b98ce7e1/d465a621-a100-4371-b988-bf55b6704763.pdf""]","[""2026-10-07""]",named_field,,null,Chinese,Nephrology,,,,
zju-m-cn-164,7,Zhejiang University,master,2026,prior_cycle_catalogue,"[""zju-m-cn""]","[""https://iczu.zju.edu.cn/_upload/article/files/32/c1/d48dfe1349279755c872b98ce7e1/d465a621-a100-4371-b988-bf55b6704763.pdf""]","[""2026-10-07""]",named_field,,null,Chinese,Rheuma-tology,,,,
zju-m-cn-164,8,Zhejiang University,master,2026,prior_cycle_catalogue,"[""zju-m-cn""]","[""https://iczu.zju.edu.cn/_upload/article/files/32/c1/d48dfe1349279755c872b98ce7e1/d465a621-a100-4371-b988-bf55b6704763.pdf""]","[""2026-10-07""]",named_field,,null,Chinese,Infectious Diseases,,,,
zju-m-cn-165,1,Zhejiang University,master,2026,prior_cycle_catalogue,"[""zju-m-cn""]","[""https://iczu.zju.edu.cn/_upload/article/files/32/c1/d48dfe1349279755c872b98ce7e1/d465a621-a100-4371-b988-bf55b6704763.pdf""]","[""2026-10-07""]",named_field,,null,Chinese,Cardiology,,,,
zju-m-cn-165,2,Zhejiang University,master,2026,prior_cycle_catalogue,"[""zju-m-cn""]","[""https://iczu.zju.edu.cn/_upload/article/files/32/c1/d48dfe1349279755c872b98ce7e1/d465a621-a100-4371-b988-bf55b6704763.pdf""]","[""2026-10-07""]",named_field,,null,Chinese,Hematology,,,,
zju-m-cn-165,3,Zhejiang University,master,2026,prior_cycle_catalogue,"[""zju-m-cn""]","[""https://iczu.zju.edu.cn/_upload/article/files/32/c1/d48dfe1349279755c872b98ce7e1/d465a621-a100-4371-b988-bf55b6704763.pdf""]","[""2026-10-07""]",named_field,,null,Chinese,Respiratory,,,,
zju-m-cn-165,4,Zhejiang University,master,2026,prior_cycle_catalogue,"[""zju-m-cn""]","[""https://iczu.zju.edu.cn/_upload/article/files/32/c1/d48dfe1349279755c872b98ce7e1/d465a621-a100-4371-b988-bf55b6704763.pdf""]","[""2026-10-07""]",named_field,,null,Chinese,Gastroenterology,,,,
zju-m-cn-165,5,Zhejiang University,master,2026,prior_cycle_catalogue,"[""zju-m-cn""]","[""https://iczu.zju.edu.cn/_upload/article/files/32/c1/d48dfe1349279755c872b98ce7e1/d465a621-a100-4371-b988-bf55b6704763.pdf""]","[""2026-10-07""]",named_field,,null,Chinese,Endocrinology and Metabolism,,,,
zju-m-cn-165,6,Zhejiang University,master,2026,prior_cycle_catalogue,"[""zju-m-cn""]","[""https://iczu.zju.edu.cn/_upload/article/files/32/c1/d48dfe1349279755c872b98ce7e1/d465a621-a100-4371-b988-bf55b6704763.pdf""]","[""2026-10-07""]",named_field,,null,Chinese,Nephrology,,,,
zju-m-cn-165,7,Zhejiang University,master,2026,prior_cycle_catalogue,"[""zju-m-cn""]","[""https://iczu.zju.edu.cn/_upload/article/files/32/c1/d48dfe1349279755c872b98ce7e1/d465a621-a100-4371-b988-bf55b6704763.pdf""]","[""2026-10-07""]",named_field,,null,Chinese,Infectious Diseases,,,,
zju-m-cn-166,1,Zhejiang University,master,2026,prior_cycle_catalogue,"[""zju-m-cn""]","[""https://iczu.zju.edu.cn/_upload/article/files/32/c1/d48dfe1349279755c872b98ce7e1/d465a621-a100-4371-b988-bf55b6704763.pdf""]","[""2026-10-07""]",named_field,,null,Chinese,General Surgery,,,,
zju-m-cn-166,2,Zhejiang University,master,2026,prior_cycle_catalogue,"[""zju-m-cn""]","[""https://iczu.zju.edu.cn/_upload/article/files/32/c1/d48dfe1349279755c872b98ce7e1/d465a621-a100-4371-b988-bf55b6704763.pdf""]","[""2026-10-07""]",named_field,,null,Chinese,Orthopedics,,,,
zju-m-cn-166,3,Zhejiang University,master,2026,prior_cycle_catalogue,"[""zju-m-cn""]","[""https://iczu.zju.edu.cn/_upload/article/files/32/c1/d48dfe1349279755c872b98ce7e1/d465a621-a100-4371-b988-bf55b6704763.pdf""]","[""2026-10-07""]",named_field,,null,Chinese,Urology,,,,
zju-m-cn-166,4,Zhejiang University,master,2026,prior_cycle_catalogue,"[""zju-m-cn""]","[""https://iczu.zju.edu.cn/_upload/article/files/32/c1/d48dfe1349279755c872b98ce7e1/d465a621-a100-4371-b988-bf55b6704763.pdf""]","[""2026-10-07""]",named_field,,null,Chinese,Cardiothoracic Surgery,,,,
zju-m-cn-166,5,Zhejiang University,master,2026,prior_cycle_catalogue,"[""zju-m-cn""]","[""https://iczu.zju.edu.cn/_upload/article/files/32/c1/d48dfe1349279755c872b98ce7e1/d465a621-a100-4371-b988-bf55b6704763.pdf""]","[""2026-10-07""]",named_field,,null,Chinese,Neurosurgery,,,,
zju-m-cn-166,6,Zhejiang University,master,2026,prior_cycle_catalogue,"[""zju-m-cn""]","[""https://iczu.zju.edu.cn/_upload/article/files/32/c1/d48dfe1349279755c872b98ce7e1/d465a621-a100-4371-b988-bf55b6704763.pdf""]","[""2026-10-07""]",named_field,,null,Chinese,Plastic Surgery,,,,
zju-m-cn-166,7,Zhejiang University,master,2026,prior_cycle_catalogue,"[""zju-m-cn""]","[""https://iczu.zju.edu.cn/_upload/article/files/32/c1/d48dfe1349279755c872b98ce7e1/d465a621-a100-4371-b988-bf55b6704763.pdf""]","[""2026-10-07""]",named_field,,null,Chinese,Burn Surgery,,,,
zju-m-cn-167,1,Zhejiang University,master,2026,prior_cycle_catalogue,"[""zju-m-cn""]","[""https://iczu.zju.edu.cn/_upload/article/files/32/c1/d48dfe1349279755c872b98ce7e1/d465a621-a100-4371-b988-bf55b6704763.pdf""]","[""2026-10-07""]",named_field,,null,Chinese,General Surgery,,,,
zju-m-cn-167,2,Zhejiang University,master,2026,prior_cycle_catalogue,"[""zju-m-cn""]","[""https://iczu.zju.edu.cn/_upload/article/files/32/c1/d48dfe1349279755c872b98ce7e1/d465a621-a100-4371-b988-bf55b6704763.pdf""]","[""2026-10-07""]",named_field,,null,Chinese,Urology,,,,
zju-m-cn-167,3,Zhejiang University,master,2026,prior_cycle_catalogue,"[""zju-m-cn""]","[""https://iczu.zju.edu.cn/_upload/article/files/32/c1/d48dfe1349279755c872b98ce7e1/d465a621-a100-4371-b988-bf55b6704763.pdf""]","[""2026-10-07""]",named_field,,null,Chinese,Cardiothoracic Surgery,,,,
zju-m-cn-167,4,Zhejiang University,master,2026,prior_cycle_catalogue,"[""zju-m-cn""]","[""https://iczu.zju.edu.cn/_upload/article/files/32/c1/d48dfe1349279755c872b98ce7e1/d465a621-a100-4371-b988-bf55b6704763.pdf""]","[""2026-10-07""]",named_field,,null,Chinese,Neurosurgery,,,,
zju-m-cn-167,5,Zhejiang University,master,2026,prior_cycle_catalogue,"[""zju-m-cn""]","[""https://iczu.zju.edu.cn/_upload/article/files/32/c1/d48dfe1349279755c872b98ce7e1/d465a621-a100-4371-b988-bf55b6704763.pdf""]","[""2026-10-07""]",named_field,,null,Chinese,Plastic Surgery,,,,
zju-m-cn-167,6,Zhejiang University,master,2026,prior_cycle_catalogue,"[""zju-m-cn""]","[""https://iczu.zju.edu.cn/_upload/article/files/32/c1/d48dfe1349279755c872b98ce7e1/d465a621-a100-4371-b988-bf55b6704763.pdf""]","[""2026-10-07""]",named_field,,null,Chinese,Burn Surgery,,,,
zju-m-cn-200,1,Zhejiang University,master,2026,prior_cycle_catalogue,"[""zju-m-cn""]","[""https://iczu.zju.edu.cn/_upload/article/files/32/c1/d48dfe1349279755c872b98ce7e1/d465a621-a100-4371-b988-bf55b6704763.pdf""]","[""2026-10-07""]",named_field,,null,Chinese,Cardiology,,,,
zju-m-cn-200,2,Zhejiang University,master,2026,prior_cycle_catalogue,"[""zju-m-cn""]","[""https://iczu.zju.edu.cn/_upload/article/files/32/c1/d48dfe1349279755c872b98ce7e1/d465a621-a100-4371-b988-bf55b6704763.pdf""]","[""2026-10-07""]",named_field,,null,Chinese,Respiratory,,,,
zju-m-cn-200,3,Zhejiang University,master,2026,prior_cycle_catalogue,"[""zju-m-cn""]","[""https://iczu.zju.edu.cn/_upload/article/files/32/c1/d48dfe1349279755c872b98ce7e1/d465a621-a100-4371-b988-bf55b6704763.pdf""]","[""2026-10-07""]",named_field,,null,Chinese,Endocrinology and Metabolism,,,,
zju-m-cn-201,1,Zhejiang University,master,2026,prior_cycle_catalogue,"[""zju-m-cn""]","[""https://iczu.zju.edu.cn/_upload/article/files/32/c1/d48dfe1349279755c872b98ce7e1/d465a621-a100-4371-b988-bf55b6704763.pdf""]","[""2026-10-07""]",named_field,,null,Chinese,Cardiology,,,,
zju-m-cn-201,2,Zhejiang University,master,2026,prior_cycle_catalogue,"[""zju-m-cn""]","[""https://iczu.zju.edu.cn/_upload/article/files/32/c1/d48dfe1349279755c872b98ce7e1/d465a621-a100-4371-b988-bf55b6704763.pdf""]","[""2026-10-07""]",named_field,,null,Chinese,Respiratory,,,,
zju-m-cn-202,1,Zhejiang University,master,2026,prior_cycle_catalogue,"[""zju-m-cn""]","[""https://iczu.zju.edu.cn/_upload/article/files/32/c1/d48dfe1349279755c872b98ce7e1/d465a621-a100-4371-b988-bf55b6704763.pdf""]","[""2026-10-07""]",named_field,,null,Chinese,General Surgery,,,,
zju-m-cn-202,2,Zhejiang University,master,2026,prior_cycle_catalogue,"[""zju-m-cn""]","[""https://iczu.zju.edu.cn/_upload/article/files/32/c1/d48dfe1349279755c872b98ce7e1/d465a621-a100-4371-b988-bf55b6704763.pdf""]","[""2026-10-07""]",named_field,,null,Chinese,Orthopedics,,,,
zju-m-cn-202,3,Zhejiang University,master,2026,prior_cycle_catalogue,"[""zju-m-cn""]","[""https://iczu.zju.edu.cn/_upload/article/files/32/c1/d48dfe1349279755c872b98ce7e1/d465a621-a100-4371-b988-bf55b6704763.pdf""]","[""2026-10-07""]",named_field,,null,Chinese,Urology,,,,
zju-m-cn-203,1,Zhejiang University,master,2026,prior_cycle_catalogue,"[""zju-m-cn""]","[""https://iczu.zju.edu.cn/_upload/article/files/32/c1/d48dfe1349279755c872b98ce7e1/d465a621-a100-4371-b988-bf55b6704763.pdf""]","[""2026-10-07""]",named_field,,null,Chinese,General Surgery,,,,
zju-m-cn-203,2,Zhejiang University,master,2026,prior_cycle_catalogue,"[""zju-m-cn""]","[""https://iczu.zju.edu.cn/_upload/article/files/32/c1/d48dfe1349279755c872b98ce7e1/d465a621-a100-4371-b988-bf55b6704763.pdf""]","[""2026-10-07""]",named_field,,null,Chinese,Urology,,,,
zju-m-en-049,1,Zhejiang University,master,2026,prior_cycle_catalogue,"[""zju-m-en""]","[""https://iczu.zju.edu.cn/_upload/article/files/32/c1/d48dfe1349279755c872b98ce7e1/aae5a919-1f07-4115-bb1c-db41ea36e1b0.pdf""]","[""2026-10-07""]",named_field,,null,English,Cardiology,,,,
zju-m-en-049,2,Zhejiang University,master,2026,prior_cycle_catalogue,"[""zju-m-en""]","[""https://iczu.zju.edu.cn/_upload/article/files/32/c1/d48dfe1349279755c872b98ce7e1/aae5a919-1f07-4115-bb1c-db41ea36e1b0.pdf""]","[""2026-10-07""]",named_field,,null,English,Hematology,,,,
zju-m-en-049,3,Zhejiang University,master,2026,prior_cycle_catalogue,"[""zju-m-en""]","[""https://iczu.zju.edu.cn/_upload/article/files/32/c1/d48dfe1349279755c872b98ce7e1/aae5a919-1f07-4115-bb1c-db41ea36e1b0.pdf""]","[""2026-10-07""]",named_field,,null,English,Respiratory,,,,
zju-m-en-049,4,Zhejiang University,master,2026,prior_cycle_catalogue,"[""zju-m-en""]","[""https://iczu.zju.edu.cn/_upload/article/files/32/c1/d48dfe1349279755c872b98ce7e1/aae5a919-1f07-4115-bb1c-db41ea36e1b0.pdf""]","[""2026-10-07""]",named_field,,null,English,Gastroenterology,,,,
zju-m-en-049,5,Zhejiang University,master,2026,prior_cycle_catalogue,"[""zju-m-en""]","[""https://iczu.zju.edu.cn/_upload/article/files/32/c1/d48dfe1349279755c872b98ce7e1/aae5a919-1f07-4115-bb1c-db41ea36e1b0.pdf""]","[""2026-10-07""]",named_field,,null,English,Endocrinology and Metabolism,,,,
zju-m-en-049,6,Zhejiang University,master,2026,prior_cycle_catalogue,"[""zju-m-en""]","[""https://iczu.zju.edu.cn/_upload/article/files/32/c1/d48dfe1349279755c872b98ce7e1/aae5a919-1f07-4115-bb1c-db41ea36e1b0.pdf""]","[""2026-10-07""]",named_field,,null,English,Nephrology,,,,
zju-m-en-049,7,Zhejiang University,master,2026,prior_cycle_catalogue,"[""zju-m-en""]","[""https://iczu.zju.edu.cn/_upload/article/files/32/c1/d48dfe1349279755c872b98ce7e1/aae5a919-1f07-4115-bb1c-db41ea36e1b0.pdf""]","[""2026-10-07""]",named_field,,null,English,Rheuma-tology,,,,
zju-m-en-049,8,Zhejiang University,master,2026,prior_cycle_catalogue,"[""zju-m-en""]","[""https://iczu.zju.edu.cn/_upload/article/files/32/c1/d48dfe1349279755c872b98ce7e1/aae5a919-1f07-4115-bb1c-db41ea36e1b0.pdf""]","[""2026-10-07""]",named_field,,null,English,Infectious Diseases,,,,
zju-m-en-050,1,Zhejiang University,master,2026,prior_cycle_catalogue,"[""zju-m-en""]","[""https://iczu.zju.edu.cn/_upload/article/files/32/c1/d48dfe1349279755c872b98ce7e1/aae5a919-1f07-4115-bb1c-db41ea36e1b0.pdf""]","[""2026-10-07""]",named_field,,null,English,General Surgery,,,,
zju-m-en-050,2,Zhejiang University,master,2026,prior_cycle_catalogue,"[""zju-m-en""]","[""https://iczu.zju.edu.cn/_upload/article/files/32/c1/d48dfe1349279755c872b98ce7e1/aae5a919-1f07-4115-bb1c-db41ea36e1b0.pdf""]","[""2026-10-07""]",named_field,,null,English,Orthopedics,,,,
zju-m-en-050,3,Zhejiang University,master,2026,prior_cycle_catalogue,"[""zju-m-en""]","[""https://iczu.zju.edu.cn/_upload/article/files/32/c1/d48dfe1349279755c872b98ce7e1/aae5a919-1f07-4115-bb1c-db41ea36e1b0.pdf""]","[""2026-10-07""]",named_field,,null,English,Urology,,,,
zju-m-en-050,4,Zhejiang University,master,2026,prior_cycle_catalogue,"[""zju-m-en""]","[""https://iczu.zju.edu.cn/_upload/article/files/32/c1/d48dfe1349279755c872b98ce7e1/aae5a919-1f07-4115-bb1c-db41ea36e1b0.pdf""]","[""2026-10-07""]",named_field,,null,English,Cardiothoracic Surgery,,,,
zju-m-en-050,5,Zhejiang University,master,2026,prior_cycle_catalogue,"[""zju-m-en""]","[""https://iczu.zju.edu.cn/_upload/article/files/32/c1/d48dfe1349279755c872b98ce7e1/aae5a919-1f07-4115-bb1c-db41ea36e1b0.pdf""]","[""2026-10-07""]",named_field,,null,English,Neurosurgery,,,,
zju-m-en-050,6,Zhejiang University,master,2026,prior_cycle_catalogue,"[""zju-m-en""]","[""https://iczu.zju.edu.cn/_upload/article/files/32/c1/d48dfe1349279755c872b98ce7e1/aae5a919-1f07-4115-bb1c-db41ea36e1b0.pdf""]","[""2026-10-07""]",named_field,,null,English,Plastic Surgery,,,,
zju-m-en-050,7,Zhejiang University,master,2026,prior_cycle_catalogue,"[""zju-m-en""]","[""https://iczu.zju.edu.cn/_upload/article/files/32/c1/d48dfe1349279755c872b98ce7e1/aae5a919-1f07-4115-bb1c-db41ea36e1b0.pdf""]","[""2026-10-07""]",named_field,,null,English,Burn Surgery,,,,
fudan-m-cn-001,1,Fudan University,master,2026,prior_cycle_catalogue,"[""fudan-m-cn""]","[""https://iso.fudan.edu.cn/_upload/article/files/3c/15/bb921fc24d0e82871d80687d0c58/9a2202e9-fbbb-4a26-8e8e-648a8de188cc.xlsx""]","[""2026-10-07""]",named_field,,3年,Chinese,,（全日制）当代国外马克思主义研究,,,
fudan-m-cn-002,1,Fudan University,master,2026,prior_cycle_catalogue,"[""fudan-m-cn""]","[""https://iso.fudan.edu.cn/_upload/article/files/3c/15/bb921fc24d0e82871d80687d0c58/9a2202e9-fbbb-4a26-8e8e-648a8de188cc.xlsx""]","[""2026-10-07""]",named_field,,3年,Chinese,,（全日制）汉语言文字学,,,
fudan-m-cn-002,2,Fudan University,master,2026,prior_cycle_catalogue,"[""fudan-m-cn""]","[""https://iso.fudan.edu.cn/_upload/article/files/3c/15/bb921fc24d0e82871d80687d0c58/9a2202e9-fbbb-4a26-8e8e-648a8de188cc.xlsx""]","[""2026-10-07""]",named_field,,3年,Chinese,,（全日制）中国古典文献学,,,
fudan-m-cn-002,3,Fudan University,master,2026,prior_cycle_catalogue,"[""fudan-m-cn""]","[""https://iso.fudan.edu.cn/_upload/article/files/3c/15/bb921fc24d0e82871d80687d0c58/9a2202e9-fbbb-4a26-8e8e-648a8de188cc.xlsx""]","[""2026-10-07""]",named_field,,3年,Chinese,,（全日制）中国古代文学,,,
fudan-m-cn-002,4,Fudan University,master,2026,prior_cycle_catalogue,"[""fudan-m-cn""]","[""https://iso.fudan.edu.cn/_upload/article/files/3c/15/bb921fc24d0e82871d80687d0c58/9a2202e9-fbbb-4a26-8e8e-648a8de188cc.xlsx""]","[""2026-10-07""]",named_field,,3年,Chinese,,（全日制）中国文学古今演变,,,
fudan-m-cn-003,1,Fudan University,master,2026,prior_cycle_catalogue,"[""fudan-m-cn""]","[""https://iso.fudan.edu.cn/_upload/article/files/3c/15/bb921fc24d0e82871d80687d0c58/9a2202e9-fbbb-4a26-8e8e-648a8de188cc.xlsx""]","[""2026-10-07""]",named_field,,3年,Chinese,,（全日制）民俗学,,,
fudan-m-cn-004,1,Fudan University,master,2026,prior_cycle_catalogue,"[""fudan-m-cn""]","[""https://iso.fudan.edu.cn/_upload/article/files/3c/15/bb921fc24d0e82871d80687d0c58/9a2202e9-fbbb-4a26-8e8e-648a8de188cc.xlsx""]","[""2026-10-07""]",named_field,,3年,Chinese,,（全日制）语言学及应用语言学Ⅰ,,,
fudan-m-cn-004,2,Fudan University,master,2026,prior_cycle_catalogue,"[""fudan-m-cn""]","[""https://iso.fudan.edu.cn/_upload/article/files/3c/15/bb921fc24d0e82871d80687d0c58/9a2202e9-fbbb-4a26-8e8e-648a8de188cc.xlsx""]","[""2026-10-07""]",named_field,,3年,Chinese,,（全日制）汉语言文字学Ⅰ,,,
fudan-m-cn-004,3,Fudan University,master,2026,prior_cycle_catalogue,"[""fudan-m-cn""]","[""https://iso.fudan.edu.cn/_upload/article/files/3c/15/bb921fc24d0e82871d80687d0c58/9a2202e9-fbbb-4a26-8e8e-648a8de188cc.xlsx""]","[""2026-10-07""]",named_field,,3年,Chinese,,（全日制）现代汉语语言学,,,
fudan-m-cn-004,4,Fudan University,master,2026,prior_cycle_catalogue,"[""fudan-m-cn""]","[""https://iso.fudan.edu.cn/_upload/article/files/3c/15/bb921fc24d0e82871d80687d0c58/9a2202e9-fbbb-4a26-8e8e-648a8de188cc.xlsx""]","[""2026-10-07""]",named_field,,3年,Chinese,,（全日制）对外汉语教学,,,
fudan-m-cn-004,5,Fudan University,master,2026,prior_cycle_catalogue,"[""fudan-m-cn""]","[""https://iso.fudan.edu.cn/_upload/article/files/3c/15/bb921fc24d0e82871d80687d0c58/9a2202e9-fbbb-4a26-8e8e-648a8de188cc.xlsx""]","[""2026-10-07""]",named_field,,3年,Chinese,,（全日制）中国古典文献学Ⅰ,,,
fudan-m-cn-004,6,Fudan University,master,2026,prior_cycle_catalogue,"[""fudan-m-cn""]","[""https://iso.fudan.edu.cn/_upload/article/files/3c/15/bb921fc24d0e82871d80687d0c58/9a2202e9-fbbb-4a26-8e8e-648a8de188cc.xlsx""]","[""2026-10-07""]",named_field,,3年,Chinese,,（全日制）中国古代文学,,,
fudan-m-cn-004,7,Fudan University,master,2026,prior_cycle_catalogue,"[""fudan-m-cn""]","[""https://iso.fudan.edu.cn/_upload/article/files/3c/15/bb921fc24d0e82871d80687d0c58/9a2202e9-fbbb-4a26-8e8e-648a8de188cc.xlsx""]","[""2026-10-07""]",named_field,,3年,Chinese,,（全日制）中国现当代文学,,,
fudan-m-cn-004,8,Fudan University,master,2026,prior_cycle_catalogue,"[""fudan-m-cn""]","[""https://iso.fudan.edu.cn/_upload/article/files/3c/15/bb921fc24d0e82871d80687d0c58/9a2202e9-fbbb-4a26-8e8e-648a8de188cc.xlsx""]","[""2026-10-07""]",named_field,,3年,Chinese,,（全日制）中国文学批评史,,,
fudan-m-cn-004,9,Fudan University,master,2026,prior_cycle_catalogue,"[""fudan-m-cn""]","[""https://iso.fudan.edu.cn/_upload/article/files/3c/15/bb921fc24d0e82871d80687d0c58/9a2202e9-fbbb-4a26-8e8e-648a8de188cc.xlsx""]","[""2026-10-07""]",named_field,,3年,Chinese,,（全日制）文艺学,,,
fudan-m-cn-004,10,Fudan University,master,2026,prior_cycle_catalogue,"[""fudan-m-cn""]","[""https://iso.fudan.edu.cn/_upload/article/files/3c/15/bb921fc24d0e82871d80687d0c58/9a2202e9-fbbb-4a26-8e8e-648a8de188cc.xlsx""]","[""2026-10-07""]",named_field,,3年,Chinese,,（全日制）比较文学与世界文学,,,
fudan-m-cn-004,11,Fudan University,master,2026,prior_cycle_catalogue,"[""fudan-m-cn""]","[""https://iso.fudan.edu.cn/_upload/article/files/3c/15/bb921fc24d0e82871d80687d0c58/9a2202e9-fbbb-4a26-8e8e-648a8de188cc.xlsx""]","[""2026-10-07""]",named_field,,3年,Chinese,,（全日制）艺术人类学与民间文学,,,
fudan-m-cn-004,12,Fudan University,master,2026,prior_cycle_catalogue,"[""fudan-m-cn""]","[""https://iso.fudan.edu.cn/_upload/article/files/3c/15/bb921fc24d0e82871d80687d0c58/9a2202e9-fbbb-4a26-8e8e-648a8de188cc.xlsx""]","[""2026-10-07""]",named_field,,3年,Chinese,,（全日制）当代艺术与设计,,,
fudan-m-cn-004,13,Fudan University,master,2026,prior_cycle_catalogue,"[""fudan-m-cn""]","[""https://iso.fudan.edu.cn/_upload/article/files/3c/15/bb921fc24d0e82871d80687d0c58/9a2202e9-fbbb-4a26-8e8e-648a8de188cc.xlsx""]","[""2026-10-07""]",named_field,,3年,Chinese,,（全日制）语言学及应用语言学Ⅱ,,,
fudan-m-cn-004,14,Fudan University,master,2026,prior_cycle_catalogue,"[""fudan-m-cn""]","[""https://iso.fudan.edu.cn/_upload/article/files/3c/15/bb921fc24d0e82871d80687d0c58/9a2202e9-fbbb-4a26-8e8e-648a8de188cc.xlsx""]","[""2026-10-07""]",named_field,,3年,Chinese,,（全日制）汉语言文字学Ⅱ,,,
fudan-m-cn-004,15,Fudan University,master,2026,prior_cycle_catalogue,"[""fudan-m-cn""]","[""https://iso.fudan.edu.cn/_upload/article/files/3c/15/bb921fc24d0e82871d80687d0c58/9a2202e9-fbbb-4a26-8e8e-648a8de188cc.xlsx""]","[""2026-10-07""]",named_field,,3年,Chinese,,（全日制）中国古典文献学Ⅱ,,,
fudan-m-cn-005,1,Fudan University,master,2026,prior_cycle_catalogue,"[""fudan-m-cn""]","[""https://iso.fudan.edu.cn/_upload/article/files/3c/15/bb921fc24d0e82871d80687d0c58/9a2202e9-fbbb-4a26-8e8e-648a8de188cc.xlsx""]","[""2026-10-07""]",named_field,,3年,Chinese,,（全日制）中国电影史,,,
fudan-m-cn-005,2,Fudan University,master,2026,prior_cycle_catalogue,"[""fudan-m-cn""]","[""https://iso.fudan.edu.cn/_upload/article/files/3c/15/bb921fc24d0e82871d80687d0c58/9a2202e9-fbbb-4a26-8e8e-648a8de188cc.xlsx""]","[""2026-10-07""]",named_field,,3年,Chinese,,（全日制）电影理论批评,,,
fudan-m-cn-005,3,Fudan University,master,2026,prior_cycle_catalogue,"[""fudan-m-cn""]","[""https://iso.fudan.edu.cn/_upload/article/files/3c/15/bb921fc24d0e82871d80687d0c58/9a2202e9-fbbb-4a26-8e8e-648a8de188cc.xlsx""]","[""2026-10-07""]",named_field,,3年,Chinese,,（全日制）影视美学,,,
fudan-m-cn-005,4,Fudan University,master,2026,prior_cycle_catalogue,"[""fudan-m-cn""]","[""https://iso.fudan.edu.cn/_upload/article/files/3c/15/bb921fc24d0e82871d80687d0c58/9a2202e9-fbbb-4a26-8e8e-648a8de188cc.xlsx""]","[""2026-10-07""]",named_field,,3年,Chinese,,（全日制）新闻记录电影,,,
fudan-m-cn-006,1,Fudan University,master,2026,prior_cycle_catalogue,"[""fudan-m-cn""]","[""https://iso.fudan.edu.cn/_upload/article/files/3c/15/bb921fc24d0e82871d80687d0c58/9a2202e9-fbbb-4a26-8e8e-648a8de188cc.xlsx""]","[""2026-10-07""]",named_field,,3年,Chinese,,（全日制）英语语言文学（文学）,,,
fudan-m-cn-006,2,Fudan University,master,2026,prior_cycle_catalogue,"[""fudan-m-cn""]","[""https://iso.fudan.edu.cn/_upload/article/files/3c/15/bb921fc24d0e82871d80687d0c58/9a2202e9-fbbb-4a26-8e8e-648a8de188cc.xlsx""]","[""2026-10-07""]",named_field,,3年,Chinese,,（全日制）英语语言文学（语言学）,,,
fudan-m-cn-006,3,Fudan University,master,2026,prior_cycle_catalogue,"[""fudan-m-cn""]","[""https://iso.fudan.edu.cn/_upload/article/files/3c/15/bb921fc24d0e82871d80687d0c58/9a2202e9-fbbb-4a26-8e8e-648a8de188cc.xlsx""]","[""2026-10-07""]",named_field,,3年,Chinese,,（全日制）法语语言文学,,,
fudan-m-cn-006,4,Fudan University,master,2026,prior_cycle_catalogue,"[""fudan-m-cn""]","[""https://iso.fudan.edu.cn/_upload/article/files/3c/15/bb921fc24d0e82871d80687d0c58/9a2202e9-fbbb-4a26-8e8e-648a8de188cc.xlsx""]","[""2026-10-07""]",named_field,,3年,Chinese,,（全日制）德语语言文学,,,
fudan-m-cn-006,5,Fudan University,master,2026,prior_cycle_catalogue,"[""fudan-m-cn""]","[""https://iso.fudan.edu.cn/_upload/article/files/3c/15/bb921fc24d0e82871d80687d0c58/9a2202e9-fbbb-4a26-8e8e-648a8de188cc.xlsx""]","[""2026-10-07""]",named_field,,3年,Chinese,,（全日制）俄语语言文学,,,
fudan-m-cn-006,6,Fudan University,master,2026,prior_cycle_catalogue,"[""fudan-m-cn""]","[""https://iso.fudan.edu.cn/_upload/article/files/3c/15/bb921fc24d0e82871d80687d0c58/9a2202e9-fbbb-4a26-8e8e-648a8de188cc.xlsx""]","[""2026-10-07""]",named_field,,3年,Chinese,,（全日制）亚非语言文学,,,
fudan-m-cn-006,7,Fudan University,master,2026,prior_cycle_catalogue,"[""fudan-m-cn""]","[""https://iso.fudan.edu.cn/_upload/article/files/3c/15/bb921fc24d0e82871d80687d0c58/9a2202e9-fbbb-4a26-8e8e-648a8de188cc.xlsx""]","[""2026-10-07""]",named_field,,3年,Chinese,,（全日制）日语语言文学,,,
fudan-m-cn-006,8,Fudan University,master,2026,prior_cycle_catalogue,"[""fudan-m-cn""]","[""https://iso.fudan.edu.cn/_upload/article/files/3c/15/bb921fc24d0e82871d80687d0c58/9a2202e9-fbbb-4a26-8e8e-648a8de188cc.xlsx""]","[""2026-10-07""]",named_field,,3年,Chinese,,（全日制）西班牙语语言文学,,,
fudan-m-cn-006,9,Fudan University,master,2026,prior_cycle_catalogue,"[""fudan-m-cn""]","[""https://iso.fudan.edu.cn/_upload/article/files/3c/15/bb921fc24d0e82871d80687d0c58/9a2202e9-fbbb-4a26-8e8e-648a8de188cc.xlsx""]","[""2026-10-07""]",named_field,,3年,Chinese,,（全日制）外国语言学及应用语言学,,,
fudan-m-cn-007,1,Fudan University,master,2026,prior_cycle_catalogue,"[""fudan-m-cn""]","[""https://iso.fudan.edu.cn/_upload/article/files/3c/15/bb921fc24d0e82871d80687d0c58/9a2202e9-fbbb-4a26-8e8e-648a8de188cc.xlsx""]","[""2026-10-07""]",named_field,,2年,Chinese,,（全日制）英语笔译,,,
fudan-m-cn-007,2,Fudan University,master,2026,prior_cycle_catalogue,"[""fudan-m-cn""]","[""https://iso.fudan.edu.cn/_upload/article/files/3c/15/bb921fc24d0e82871d80687d0c58/9a2202e9-fbbb-4a26-8e8e-648a8de188cc.xlsx""]","[""2026-10-07""]",named_field,,2年,Chinese,,（全日制）英语口译,,,
fudan-m-cn-007,3,Fudan University,master,2026,prior_cycle_catalogue,"[""fudan-m-cn""]","[""https://iso.fudan.edu.cn/_upload/article/files/3c/15/bb921fc24d0e82871d80687d0c58/9a2202e9-fbbb-4a26-8e8e-648a8de188cc.xlsx""]","[""2026-10-07""]",named_field,,2年,Chinese,,（全日制）德语笔译,,,
fudan-m-cn-007,4,Fudan University,master,2026,prior_cycle_catalogue,"[""fudan-m-cn""]","[""https://iso.fudan.edu.cn/_upload/article/files/3c/15/bb921fc24d0e82871d80687d0c58/9a2202e9-fbbb-4a26-8e8e-648a8de188cc.xlsx""]","[""2026-10-07""]",named_field,,2年,Chinese,,（全日制）俄语笔译,,,
fudan-m-cn-007,5,Fudan University,master,2026,prior_cycle_catalogue,"[""fudan-m-cn""]","[""https://iso.fudan.edu.cn/_upload/article/files/3c/15/bb921fc24d0e82871d80687d0c58/9a2202e9-fbbb-4a26-8e8e-648a8de188cc.xlsx""]","[""2026-10-07""]",named_field,,2年,Chinese,,（全日制）日语笔译,,,
fudan-m-cn-007,6,Fudan University,master,2026,prior_cycle_catalogue,"[""fudan-m-cn""]","[""https://iso.fudan.edu.cn/_upload/article/files/3c/15/bb921fc24d0e82871d80687d0c58/9a2202e9-fbbb-4a26-8e8e-648a8de188cc.xlsx""]","[""2026-10-07""]",named_field,,2年,Chinese,,（全日制）法语笔译,,,
fudan-m-cn-007,7,Fudan University,master,2026,prior_cycle_catalogue,"[""fudan-m-cn""]","[""https://iso.fudan.edu.cn/_upload/article/files/3c/15/bb921fc24d0e82871d80687d0c58/9a2202e9-fbbb-4a26-8e8e-648a8de188cc.xlsx""]","[""2026-10-07""]",named_field,,2年,Chinese,,（全日制）朝鲜语语笔译,,,
fudan-m-cn-007,8,Fudan University,master,2026,prior_cycle_catalogue,"[""fudan-m-cn""]","[""https://iso.fudan.edu.cn/_upload/article/files/3c/15/bb921fc24d0e82871d80687d0c58/9a2202e9-fbbb-4a26-8e8e-648a8de188cc.xlsx""]","[""2026-10-07""]",named_field,,2年,Chinese,,（全日制）西班牙语笔译,,,
fudan-m-cn-008,1,Fudan University,master,2026,prior_cycle_catalogue,"[""fudan-m-cn""]","[""https://iso.fudan.edu.cn/_upload/article/files/3c/15/bb921fc24d0e82871d80687d0c58/9a2202e9-fbbb-4a26-8e8e-648a8de188cc.xlsx""]","[""2026-10-07""]",named_field,,3年,Chinese,,（全日制）新闻学,,,
fudan-m-cn-008,2,Fudan University,master,2026,prior_cycle_catalogue,"[""fudan-m-cn""]","[""https://iso.fudan.edu.cn/_upload/article/files/3c/15/bb921fc24d0e82871d80687d0c58/9a2202e9-fbbb-4a26-8e8e-648a8de188cc.xlsx""]","[""2026-10-07""]",named_field,,3年,Chinese,,（全日制）传播学,,,
fudan-m-cn-008,3,Fudan University,master,2026,prior_cycle_catalogue,"[""fudan-m-cn""]","[""https://iso.fudan.edu.cn/_upload/article/files/3c/15/bb921fc24d0e82871d80687d0c58/9a2202e9-fbbb-4a26-8e8e-648a8de188cc.xlsx""]","[""2026-10-07""]",named_field,,3年,Chinese,,（全日制）媒介管理学,,,
fudan-m-cn-008,4,Fudan University,master,2026,prior_cycle_catalogue,"[""fudan-m-cn""]","[""https://iso.fudan.edu.cn/_upload/article/files/3c/15/bb921fc24d0e82871d80687d0c58/9a2202e9-fbbb-4a26-8e8e-648a8de188cc.xlsx""]","[""2026-10-07""]",named_field,,3年,Chinese,,（全日制）国际新闻传播,,,
fudan-m-cn-008,5,Fudan University,master,2026,prior_cycle_catalogue,"[""fudan-m-cn""]","[""https://iso.fudan.edu.cn/_upload/article/files/3c/15/bb921fc24d0e82871d80687d0c58/9a2202e9-fbbb-4a26-8e8e-648a8de188cc.xlsx""]","[""2026-10-07""]",named_field,,3年,Chinese,,（全日制）广告学,,,
fudan-m-cn-008,6,Fudan University,master,2026,prior_cycle_catalogue,"[""fudan-m-cn""]","[""https://iso.fudan.edu.cn/_upload/article/files/3c/15/bb921fc24d0e82871d80687d0c58/9a2202e9-fbbb-4a26-8e8e-648a8de188cc.xlsx""]","[""2026-10-07""]",named_field,,3年,Chinese,,（全日制）广播电视学,,,
fudan-m-cn-009,1,Fudan University,master,2026,prior_cycle_catalogue,"[""fudan-m-cn""]","[""https://iso.fudan.edu.cn/_upload/article/files/3c/15/bb921fc24d0e82871d80687d0c58/9a2202e9-fbbb-4a26-8e8e-648a8de188cc.xlsx""]","[""2026-10-07""]",named_field,,2年,Chinese,,（全日制）新闻与传播,,,
fudan-m-cn-009,2,Fudan University,master,2026,prior_cycle_catalogue,"[""fudan-m-cn""]","[""https://iso.fudan.edu.cn/_upload/article/files/3c/15/bb921fc24d0e82871d80687d0c58/9a2202e9-fbbb-4a26-8e8e-648a8de188cc.xlsx""]","[""2026-10-07""]",named_field,,2年,Chinese,,（全日制）新闻与传播（财经新闻）,,,
fudan-m-cn-009,3,Fudan University,master,2026,prior_cycle_catalogue,"[""fudan-m-cn""]","[""https://iso.fudan.edu.cn/_upload/article/files/3c/15/bb921fc24d0e82871d80687d0c58/9a2202e9-fbbb-4a26-8e8e-648a8de188cc.xlsx""]","[""2026-10-07""]",named_field,,2年,Chinese,,（全日制）战略传播,,,
fudan-m-cn-009,4,Fudan University,master,2026,prior_cycle_catalogue,"[""fudan-m-cn""]","[""https://iso.fudan.edu.cn/_upload/article/files/3c/15/bb921fc24d0e82871d80687d0c58/9a2202e9-fbbb-4a26-8e8e-648a8de188cc.xlsx""]","[""2026-10-07""]",named_field,,2年,Chinese,,（全日制）新媒体传播,,,
fudan-m-cn-010,1,Fudan University,master,2026,prior_cycle_catalogue,"[""fudan-m-cn""]","[""https://iso.fudan.edu.cn/_upload/article/files/3c/15/bb921fc24d0e82871d80687d0c58/9a2202e9-fbbb-4a26-8e8e-648a8de188cc.xlsx""]","[""2026-10-07""]",named_field,,3年,Chinese,,（全日制）中国史学理论及史学史,,,
fudan-m-cn-010,2,Fudan University,master,2026,prior_cycle_catalogue,"[""fudan-m-cn""]","[""https://iso.fudan.edu.cn/_upload/article/files/3c/15/bb921fc24d0e82871d80687d0c58/9a2202e9-fbbb-4a26-8e8e-648a8de188cc.xlsx""]","[""2026-10-07""]",named_field,,3年,Chinese,,（全日制）历史文献学,,,
fudan-m-cn-010,3,Fudan University,master,2026,prior_cycle_catalogue,"[""fudan-m-cn""]","[""https://iso.fudan.edu.cn/_upload/article/files/3c/15/bb921fc24d0e82871d80687d0c58/9a2202e9-fbbb-4a26-8e8e-648a8de188cc.xlsx""]","[""2026-10-07""]",named_field,,3年,Chinese,,（全日制）专门史,,,
fudan-m-cn-010,4,Fudan University,master,2026,prior_cycle_catalogue,"[""fudan-m-cn""]","[""https://iso.fudan.edu.cn/_upload/article/files/3c/15/bb921fc24d0e82871d80687d0c58/9a2202e9-fbbb-4a26-8e8e-648a8de188cc.xlsx""]","[""2026-10-07""]",named_field,,3年,Chinese,,（全日制）中国古代史,,,
fudan-m-cn-010,5,Fudan University,master,2026,prior_cycle_catalogue,"[""fudan-m-cn""]","[""https://iso.fudan.edu.cn/_upload/article/files/3c/15/bb921fc24d0e82871d80687d0c58/9a2202e9-fbbb-4a26-8e8e-648a8de188cc.xlsx""]","[""2026-10-07""]",named_field,,3年,Chinese,,（全日制）中国近现代史,,,
fudan-m-cn-010,6,Fudan University,master,2026,prior_cycle_catalogue,"[""fudan-m-cn""]","[""https://iso.fudan.edu.cn/_upload/article/files/3c/15/bb921fc24d0e82871d80687d0c58/9a2202e9-fbbb-4a26-8e8e-648a8de188cc.xlsx""]","[""2026-10-07""]",named_field,,3年,Chinese,,（全日制）亚洲宗教、艺术与历史研究,,,
fudan-m-cn-010,7,Fudan University,master,2026,prior_cycle_catalogue,"[""fudan-m-cn""]","[""https://iso.fudan.edu.cn/_upload/article/files/3c/15/bb921fc24d0e82871d80687d0c58/9a2202e9-fbbb-4a26-8e8e-648a8de188cc.xlsx""]","[""2026-10-07""]",named_field,,3年,Chinese,,（全日制）中国思想文化史,,,
fudan-m-cn-011,1,Fudan University,master,2026,prior_cycle_catalogue,"[""fudan-m-cn""]","[""https://iso.fudan.edu.cn/_upload/article/files/3c/15/bb921fc24d0e82871d80687d0c58/9a2202e9-fbbb-4a26-8e8e-648a8de188cc.xlsx""]","[""2026-10-07""]",named_field,,3年,Chinese,,（全日制）外国史学理论及史学史,,,
fudan-m-cn-011,2,Fudan University,master,2026,prior_cycle_catalogue,"[""fudan-m-cn""]","[""https://iso.fudan.edu.cn/_upload/article/files/3c/15/bb921fc24d0e82871d80687d0c58/9a2202e9-fbbb-4a26-8e8e-648a8de188cc.xlsx""]","[""2026-10-07""]",named_field,,3年,Chinese,,（全日制）世界上古史中古史,,,
fudan-m-cn-011,3,Fudan University,master,2026,prior_cycle_catalogue,"[""fudan-m-cn""]","[""https://iso.fudan.edu.cn/_upload/article/files/3c/15/bb921fc24d0e82871d80687d0c58/9a2202e9-fbbb-4a26-8e8e-648a8de188cc.xlsx""]","[""2026-10-07""]",named_field,,3年,Chinese,,（全日制）世界近现代史,,,
fudan-m-cn-011,4,Fudan University,master,2026,prior_cycle_catalogue,"[""fudan-m-cn""]","[""https://iso.fudan.edu.cn/_upload/article/files/3c/15/bb921fc24d0e82871d80687d0c58/9a2202e9-fbbb-4a26-8e8e-648a8de188cc.xlsx""]","[""2026-10-07""]",named_field,,3年,Chinese,,（全日制）世界地区史国别史,,,
fudan-m-cn-012,1,Fudan University,master,2026,prior_cycle_catalogue,"[""fudan-m-cn""]","[""https://iso.fudan.edu.cn/_upload/article/files/3c/15/bb921fc24d0e82871d80687d0c58/9a2202e9-fbbb-4a26-8e8e-648a8de188cc.xlsx""]","[""2026-10-07""]",named_field,,3年,Chinese,,（全日制）马克思主义哲学基础理论,,,
fudan-m-cn-012,2,Fudan University,master,2026,prior_cycle_catalogue,"[""fudan-m-cn""]","[""https://iso.fudan.edu.cn/_upload/article/files/3c/15/bb921fc24d0e82871d80687d0c58/9a2202e9-fbbb-4a26-8e8e-648a8de188cc.xlsx""]","[""2026-10-07""]",named_field,,3年,Chinese,,（全日制）马克思主义哲学史,,,
fudan-m-cn-012,3,Fudan University,master,2026,prior_cycle_catalogue,"[""fudan-m-cn""]","[""https://iso.fudan.edu.cn/_upload/article/files/3c/15/bb921fc24d0e82871d80687d0c58/9a2202e9-fbbb-4a26-8e8e-648a8de188cc.xlsx""]","[""2026-10-07""]",named_field,,3年,Chinese,,（全日制）马克思哲学与西方传统,,,
fudan-m-cn-012,4,Fudan University,master,2026,prior_cycle_catalogue,"[""fudan-m-cn""]","[""https://iso.fudan.edu.cn/_upload/article/files/3c/15/bb921fc24d0e82871d80687d0c58/9a2202e9-fbbb-4a26-8e8e-648a8de188cc.xlsx""]","[""2026-10-07""]",named_field,,3年,Chinese,,（全日制）马克思主义哲学与当代西方哲学,,,
fudan-m-cn-012,5,Fudan University,master,2026,prior_cycle_catalogue,"[""fudan-m-cn""]","[""https://iso.fudan.edu.cn/_upload/article/files/3c/15/bb921fc24d0e82871d80687d0c58/9a2202e9-fbbb-4a26-8e8e-648a8de188cc.xlsx""]","[""2026-10-07""]",named_field,,3年,Chinese,,（全日制）西方马克思主义哲学,,,
fudan-m-cn-012,6,Fudan University,master,2026,prior_cycle_catalogue,"[""fudan-m-cn""]","[""https://iso.fudan.edu.cn/_upload/article/files/3c/15/bb921fc24d0e82871d80687d0c58/9a2202e9-fbbb-4a26-8e8e-648a8de188cc.xlsx""]","[""2026-10-07""]",named_field,,3年,Chinese,,（全日制）当代中国马克思主义哲学,,,
fudan-m-cn-012,7,Fudan University,master,2026,prior_cycle_catalogue,"[""fudan-m-cn""]","[""https://iso.fudan.edu.cn/_upload/article/files/3c/15/bb921fc24d0e82871d80687d0c58/9a2202e9-fbbb-4a26-8e8e-648a8de188cc.xlsx""]","[""2026-10-07""]",named_field,,3年,Chinese,,（全日制）马克思主义当代前沿问题,,,
fudan-m-cn-013,1,Fudan University,master,2026,prior_cycle_catalogue,"[""fudan-m-cn""]","[""https://iso.fudan.edu.cn/_upload/article/files/3c/15/bb921fc24d0e82871d80687d0c58/9a2202e9-fbbb-4a26-8e8e-648a8de188cc.xlsx""]","[""2026-10-07""]",named_field,,3年,Chinese,,（全日制）先秦哲学,,,
fudan-m-cn-013,2,Fudan University,master,2026,prior_cycle_catalogue,"[""fudan-m-cn""]","[""https://iso.fudan.edu.cn/_upload/article/files/3c/15/bb921fc24d0e82871d80687d0c58/9a2202e9-fbbb-4a26-8e8e-648a8de188cc.xlsx""]","[""2026-10-07""]",named_field,,3年,Chinese,,（全日制）宋明理学,,,
fudan-m-cn-013,3,Fudan University,master,2026,prior_cycle_catalogue,"[""fudan-m-cn""]","[""https://iso.fudan.edu.cn/_upload/article/files/3c/15/bb921fc24d0e82871d80687d0c58/9a2202e9-fbbb-4a26-8e8e-648a8de188cc.xlsx""]","[""2026-10-07""]",named_field,,3年,Chinese,,（全日制）中国哲学史,,,
fudan-m-cn-013,4,Fudan University,master,2026,prior_cycle_catalogue,"[""fudan-m-cn""]","[""https://iso.fudan.edu.cn/_upload/article/files/3c/15/bb921fc24d0e82871d80687d0c58/9a2202e9-fbbb-4a26-8e8e-648a8de188cc.xlsx""]","[""2026-10-07""]",named_field,,3年,Chinese,,（全日制）中西比较哲学,,,
fudan-m-cn-013,5,Fudan University,master,2026,prior_cycle_catalogue,"[""fudan-m-cn""]","[""https://iso.fudan.edu.cn/_upload/article/files/3c/15/bb921fc24d0e82871d80687d0c58/9a2202e9-fbbb-4a26-8e8e-648a8de188cc.xlsx""]","[""2026-10-07""]",named_field,,3年,Chinese,,（全日制）道家哲学,,,
fudan-m-cn-013,6,Fudan University,master,2026,prior_cycle_catalogue,"[""fudan-m-cn""]","[""https://iso.fudan.edu.cn/_upload/article/files/3c/15/bb921fc24d0e82871d80687d0c58/9a2202e9-fbbb-4a26-8e8e-648a8de188cc.xlsx""]","[""2026-10-07""]",named_field,,3年,Chinese,,（全日制）中国近现代哲学,,,
fudan-m-cn-014,1,Fudan University,master,2026,prior_cycle_catalogue,"[""fudan-m-cn""]","[""https://iso.fudan.edu.cn/_upload/article/files/3c/15/bb921fc24d0e82871d80687d0c58/9a2202e9-fbbb-4a26-8e8e-648a8de188cc.xlsx""]","[""2026-10-07""]",named_field,,3年,Chinese,,（全日制）外国哲学史,,,
fudan-m-cn-014,2,Fudan University,master,2026,prior_cycle_catalogue,"[""fudan-m-cn""]","[""https://iso.fudan.edu.cn/_upload/article/files/3c/15/bb921fc24d0e82871d80687d0c58/9a2202e9-fbbb-4a26-8e8e-648a8de188cc.xlsx""]","[""2026-10-07""]",named_field,,3年,Chinese,,（全日制）现代外国哲学,,,
fudan-m-cn-014,3,Fudan University,master,2026,prior_cycle_catalogue,"[""fudan-m-cn""]","[""https://iso.fudan.edu.cn/_upload/article/files/3c/15/bb921fc24d0e82871d80687d0c58/9a2202e9-fbbb-4a26-8e8e-648a8de188cc.xlsx""]","[""2026-10-07""]",named_field,,3年,Chinese,,（全日制）宗教哲学,,,
fudan-m-cn-014,4,Fudan University,master,2026,prior_cycle_catalogue,"[""fudan-m-cn""]","[""https://iso.fudan.edu.cn/_upload/article/files/3c/15/bb921fc24d0e82871d80687d0c58/9a2202e9-fbbb-4a26-8e8e-648a8de188cc.xlsx""]","[""2026-10-07""]",named_field,,3年,Chinese,,（全日制）政治哲学,,,
fudan-m-cn-014,5,Fudan University,master,2026,prior_cycle_catalogue,"[""fudan-m-cn""]","[""https://iso.fudan.edu.cn/_upload/article/files/3c/15/bb921fc24d0e82871d80687d0c58/9a2202e9-fbbb-4a26-8e8e-648a8de188cc.xlsx""]","[""2026-10-07""]",named_field,,3年,Chinese,,（全日制）法哲学,,,
fudan-m-cn-014,6,Fudan University,master,2026,prior_cycle_catalogue,"[""fudan-m-cn""]","[""https://iso.fudan.edu.cn/_upload/article/files/3c/15/bb921fc24d0e82871d80687d0c58/9a2202e9-fbbb-4a26-8e8e-648a8de188cc.xlsx""]","[""2026-10-07""]",named_field,,3年,Chinese,,（全日制）分析哲学,,,
fudan-m-cn-014,7,Fudan University,master,2026,prior_cycle_catalogue,"[""fudan-m-cn""]","[""https://iso.fudan.edu.cn/_upload/article/files/3c/15/bb921fc24d0e82871d80687d0c58/9a2202e9-fbbb-4a26-8e8e-648a8de188cc.xlsx""]","[""2026-10-07""]",named_field,,3年,Chinese,,（全日制）德国哲学,,,
fudan-m-cn-014,8,Fudan University,master,2026,prior_cycle_catalogue,"[""fudan-m-cn""]","[""https://iso.fudan.edu.cn/_upload/article/files/3c/15/bb921fc24d0e82871d80687d0c58/9a2202e9-fbbb-4a26-8e8e-648a8de188cc.xlsx""]","[""2026-10-07""]",named_field,,3年,Chinese,,（全日制）法国哲学,,,
fudan-m-cn-014,9,Fudan University,master,2026,prior_cycle_catalogue,"[""fudan-m-cn""]","[""https://iso.fudan.edu.cn/_upload/article/files/3c/15/bb921fc24d0e82871d80687d0c58/9a2202e9-fbbb-4a26-8e8e-648a8de188cc.xlsx""]","[""2026-10-07""]",named_field,,3年,Chinese,,（全日制）美国哲学,,,
fudan-m-cn-015,1,Fudan University,master,2026,prior_cycle_catalogue,"[""fudan-m-cn""]","[""https://iso.fudan.edu.cn/_upload/article/files/3c/15/bb921fc24d0e82871d80687d0c58/9a2202e9-fbbb-4a26-8e8e-648a8de188cc.xlsx""]","[""2026-10-07""]",named_field,,3年,Chinese,,（全日制）模型论,,,
fudan-m-cn-015,2,Fudan University,master,2026,prior_cycle_catalogue,"[""fudan-m-cn""]","[""https://iso.fudan.edu.cn/_upload/article/files/3c/15/bb921fc24d0e82871d80687d0c58/9a2202e9-fbbb-4a26-8e8e-648a8de188cc.xlsx""]","[""2026-10-07""]",named_field,,3年,Chinese,,（全日制）数学哲学,,,
fudan-m-cn-015,3,Fudan University,master,2026,prior_cycle_catalogue,"[""fudan-m-cn""]","[""https://iso.fudan.edu.cn/_upload/article/files/3c/15/bb921fc24d0e82871d80687d0c58/9a2202e9-fbbb-4a26-8e8e-648a8de188cc.xlsx""]","[""2026-10-07""]",named_field,,3年,Chinese,,（全日制）逻辑哲学,,,
fudan-m-cn-015,4,Fudan University,master,2026,prior_cycle_catalogue,"[""fudan-m-cn""]","[""https://iso.fudan.edu.cn/_upload/article/files/3c/15/bb921fc24d0e82871d80687d0c58/9a2202e9-fbbb-4a26-8e8e-648a8de188cc.xlsx""]","[""2026-10-07""]",named_field,,3年,Chinese,,（全日制）现代逻辑,,,
fudan-m-cn-015,5,Fudan University,master,2026,prior_cycle_catalogue,"[""fudan-m-cn""]","[""https://iso.fudan.edu.cn/_upload/article/files/3c/15/bb921fc24d0e82871d80687d0c58/9a2202e9-fbbb-4a26-8e8e-648a8de188cc.xlsx""]","[""2026-10-07""]",named_field,,3年,Chinese,,（全日制）应用逻辑,,,
fudan-m-cn-016,1,Fudan University,master,2026,prior_cycle_catalogue,"[""fudan-m-cn""]","[""https://iso.fudan.edu.cn/_upload/article/files/3c/15/bb921fc24d0e82871d80687d0c58/9a2202e9-fbbb-4a26-8e8e-648a8de188cc.xlsx""]","[""2026-10-07""]",named_field,,3年,Chinese,,（全日制）西方伦理学,,,
fudan-m-cn-016,2,Fudan University,master,2026,prior_cycle_catalogue,"[""fudan-m-cn""]","[""https://iso.fudan.edu.cn/_upload/article/files/3c/15/bb921fc24d0e82871d80687d0c58/9a2202e9-fbbb-4a26-8e8e-648a8de188cc.xlsx""]","[""2026-10-07""]",named_field,,3年,Chinese,,（全日制）应用伦理学,,,
fudan-m-cn-016,3,Fudan University,master,2026,prior_cycle_catalogue,"[""fudan-m-cn""]","[""https://iso.fudan.edu.cn/_upload/article/files/3c/15/bb921fc24d0e82871d80687d0c58/9a2202e9-fbbb-4a26-8e8e-648a8de188cc.xlsx""]","[""2026-10-07""]",named_field,,3年,Chinese,,（全日制）价值哲学,,,
fudan-m-cn-016,4,Fudan University,master,2026,prior_cycle_catalogue,"[""fudan-m-cn""]","[""https://iso.fudan.edu.cn/_upload/article/files/3c/15/bb921fc24d0e82871d80687d0c58/9a2202e9-fbbb-4a26-8e8e-648a8de188cc.xlsx""]","[""2026-10-07""]",named_field,,3年,Chinese,,（全日制）科技伦理学,,,
fudan-m-cn-016,5,Fudan University,master,2026,prior_cycle_catalogue,"[""fudan-m-cn""]","[""https://iso.fudan.edu.cn/_upload/article/files/3c/15/bb921fc24d0e82871d80687d0c58/9a2202e9-fbbb-4a26-8e8e-648a8de188cc.xlsx""]","[""2026-10-07""]",named_field,,3年,Chinese,,（全日制）生命伦理学,,,
fudan-m-cn-017,1,Fudan University,master,2026,prior_cycle_catalogue,"[""fudan-m-cn""]","[""https://iso.fudan.edu.cn/_upload/article/files/3c/15/bb921fc24d0e82871d80687d0c58/9a2202e9-fbbb-4a26-8e8e-648a8de188cc.xlsx""]","[""2026-10-07""]",named_field,,3年,Chinese,,（全日制）美学,,,
fudan-m-cn-017,2,Fudan University,master,2026,prior_cycle_catalogue,"[""fudan-m-cn""]","[""https://iso.fudan.edu.cn/_upload/article/files/3c/15/bb921fc24d0e82871d80687d0c58/9a2202e9-fbbb-4a26-8e8e-648a8de188cc.xlsx""]","[""2026-10-07""]",named_field,,3年,Chinese,,（全日制）艺术哲学,,,
fudan-m-cn-018,1,Fudan University,master,2026,prior_cycle_catalogue,"[""fudan-m-cn""]","[""https://iso.fudan.edu.cn/_upload/article/files/3c/15/bb921fc24d0e82871d80687d0c58/9a2202e9-fbbb-4a26-8e8e-648a8de188cc.xlsx""]","[""2026-10-07""]",named_field,,3年,Chinese,,（全日制）佛教研究,,,
fudan-m-cn-018,2,Fudan University,master,2026,prior_cycle_catalogue,"[""fudan-m-cn""]","[""https://iso.fudan.edu.cn/_upload/article/files/3c/15/bb921fc24d0e82871d80687d0c58/9a2202e9-fbbb-4a26-8e8e-648a8de188cc.xlsx""]","[""2026-10-07""]",named_field,,3年,Chinese,,（全日制）基督教研究,,,
fudan-m-cn-018,3,Fudan University,master,2026,prior_cycle_catalogue,"[""fudan-m-cn""]","[""https://iso.fudan.edu.cn/_upload/article/files/3c/15/bb921fc24d0e82871d80687d0c58/9a2202e9-fbbb-4a26-8e8e-648a8de188cc.xlsx""]","[""2026-10-07""]",named_field,,3年,Chinese,,（全日制）中国宗教史,,,
fudan-m-cn-018,4,Fudan University,master,2026,prior_cycle_catalogue,"[""fudan-m-cn""]","[""https://iso.fudan.edu.cn/_upload/article/files/3c/15/bb921fc24d0e82871d80687d0c58/9a2202e9-fbbb-4a26-8e8e-648a8de188cc.xlsx""]","[""2026-10-07""]",named_field,,3年,Chinese,,（全日制）宗教学原理,,,
fudan-m-cn-018,5,Fudan University,master,2026,prior_cycle_catalogue,"[""fudan-m-cn""]","[""https://iso.fudan.edu.cn/_upload/article/files/3c/15/bb921fc24d0e82871d80687d0c58/9a2202e9-fbbb-4a26-8e8e-648a8de188cc.xlsx""]","[""2026-10-07""]",named_field,,3年,Chinese,,（全日制）伊斯兰教研究,,,
fudan-m-cn-018,6,Fudan University,master,2026,prior_cycle_catalogue,"[""fudan-m-cn""]","[""https://iso.fudan.edu.cn/_upload/article/files/3c/15/bb921fc24d0e82871d80687d0c58/9a2202e9-fbbb-4a26-8e8e-648a8de188cc.xlsx""]","[""2026-10-07""]",named_field,,3年,Chinese,,（全日制）宗教学研究,,,
fudan-m-cn-019,1,Fudan University,master,2026,prior_cycle_catalogue,"[""fudan-m-cn""]","[""https://iso.fudan.edu.cn/_upload/article/files/3c/15/bb921fc24d0e82871d80687d0c58/9a2202e9-fbbb-4a26-8e8e-648a8de188cc.xlsx""]","[""2026-10-07""]",named_field,,3年,Chinese,,（全日制）科学哲学,,,
fudan-m-cn-019,2,Fudan University,master,2026,prior_cycle_catalogue,"[""fudan-m-cn""]","[""https://iso.fudan.edu.cn/_upload/article/files/3c/15/bb921fc24d0e82871d80687d0c58/9a2202e9-fbbb-4a26-8e8e-648a8de188cc.xlsx""]","[""2026-10-07""]",named_field,,3年,Chinese,,（全日制）技术哲学,,,
fudan-m-cn-019,3,Fudan University,master,2026,prior_cycle_catalogue,"[""fudan-m-cn""]","[""https://iso.fudan.edu.cn/_upload/article/files/3c/15/bb921fc24d0e82871d80687d0c58/9a2202e9-fbbb-4a26-8e8e-648a8de188cc.xlsx""]","[""2026-10-07""]",named_field,,3年,Chinese,,（全日制）科学思想史,,,
fudan-m-cn-019,4,Fudan University,master,2026,prior_cycle_catalogue,"[""fudan-m-cn""]","[""https://iso.fudan.edu.cn/_upload/article/files/3c/15/bb921fc24d0e82871d80687d0c58/9a2202e9-fbbb-4a26-8e8e-648a8de188cc.xlsx""]","[""2026-10-07""]",named_field,,3年,Chinese,,（全日制）科学、技术与社会,,,
fudan-m-cn-019,5,Fudan University,master,2026,prior_cycle_catalogue,"[""fudan-m-cn""]","[""https://iso.fudan.edu.cn/_upload/article/files/3c/15/bb921fc24d0e82871d80687d0c58/9a2202e9-fbbb-4a26-8e8e-648a8de188cc.xlsx""]","[""2026-10-07""]",named_field,,3年,Chinese,,（全日制）自然科学中的哲学问题,,,
fudan-m-cn-019,6,Fudan University,master,2026,prior_cycle_catalogue,"[""fudan-m-cn""]","[""https://iso.fudan.edu.cn/_upload/article/files/3c/15/bb921fc24d0e82871d80687d0c58/9a2202e9-fbbb-4a26-8e8e-648a8de188cc.xlsx""]","[""2026-10-07""]",named_field,,3年,Chinese,,（全日制）社会科学中的哲学问题,,,
fudan-m-cn-019,7,Fudan University,master,2026,prior_cycle_catalogue,"[""fudan-m-cn""]","[""https://iso.fudan.edu.cn/_upload/article/files/3c/15/bb921fc24d0e82871d80687d0c58/9a2202e9-fbbb-4a26-8e8e-648a8de188cc.xlsx""]","[""2026-10-07""]",named_field,,3年,Chinese,,（全日制）科技伦理,,,
fudan-m-cn-020,1,Fudan University,master,2026,prior_cycle_catalogue,"[""fudan-m-cn""]","[""https://iso.fudan.edu.cn/_upload/article/files/3c/15/bb921fc24d0e82871d80687d0c58/9a2202e9-fbbb-4a26-8e8e-648a8de188cc.xlsx""]","[""2026-10-07""]",named_field,,3年,Chinese,,（全日制）国外马克思主义基础理论与前沿问题,,,
fudan-m-cn-020,2,Fudan University,master,2026,prior_cycle_catalogue,"[""fudan-m-cn""]","[""https://iso.fudan.edu.cn/_upload/article/files/3c/15/bb921fc24d0e82871d80687d0c58/9a2202e9-fbbb-4a26-8e8e-648a8de188cc.xlsx""]","[""2026-10-07""]",named_field,,3年,Chinese,,（全日制）法兰克福学派批判理论,,,
fudan-m-cn-020,3,Fudan University,master,2026,prior_cycle_catalogue,"[""fudan-m-cn""]","[""https://iso.fudan.edu.cn/_upload/article/files/3c/15/bb921fc24d0e82871d80687d0c58/9a2202e9-fbbb-4a26-8e8e-648a8de188cc.xlsx""]","[""2026-10-07""]",named_field,,3年,Chinese,,（全日制）当代英美马克思主义,,,
fudan-m-cn-020,4,Fudan University,master,2026,prior_cycle_catalogue,"[""fudan-m-cn""]","[""https://iso.fudan.edu.cn/_upload/article/files/3c/15/bb921fc24d0e82871d80687d0c58/9a2202e9-fbbb-4a26-8e8e-648a8de188cc.xlsx""]","[""2026-10-07""]",named_field,,3年,Chinese,,（全日制）当代德法意马克思主义,,,
fudan-m-cn-020,5,Fudan University,master,2026,prior_cycle_catalogue,"[""fudan-m-cn""]","[""https://iso.fudan.edu.cn/_upload/article/files/3c/15/bb921fc24d0e82871d80687d0c58/9a2202e9-fbbb-4a26-8e8e-648a8de188cc.xlsx""]","[""2026-10-07""]",named_field,,3年,Chinese,,（全日制）俄罗斯、东欧新马克思主义,,,
fudan-m-cn-020,6,Fudan University,master,2026,prior_cycle_catalogue,"[""fudan-m-cn""]","[""https://iso.fudan.edu.cn/_upload/article/files/3c/15/bb921fc24d0e82871d80687d0c58/9a2202e9-fbbb-4a26-8e8e-648a8de188cc.xlsx""]","[""2026-10-07""]",named_field,,3年,Chinese,,（全日制）后现代主义与马克思主义,,,
fudan-m-cn-020,7,Fudan University,master,2026,prior_cycle_catalogue,"[""fudan-m-cn""]","[""https://iso.fudan.edu.cn/_upload/article/files/3c/15/bb921fc24d0e82871d80687d0c58/9a2202e9-fbbb-4a26-8e8e-648a8de188cc.xlsx""]","[""2026-10-07""]",named_field,,3年,Chinese,,（全日制）国外马克思学,,,
fudan-m-cn-021,1,Fudan University,master,2026,prior_cycle_catalogue,"[""fudan-m-cn""]","[""https://iso.fudan.edu.cn/_upload/article/files/3c/15/bb921fc24d0e82871d80687d0c58/9a2202e9-fbbb-4a26-8e8e-648a8de188cc.xlsx""]","[""2026-10-07""]",named_field,,3年,Chinese,,（全日制）政治学理论,,,
fudan-m-cn-021,2,Fudan University,master,2026,prior_cycle_catalogue,"[""fudan-m-cn""]","[""https://iso.fudan.edu.cn/_upload/article/files/3c/15/bb921fc24d0e82871d80687d0c58/9a2202e9-fbbb-4a26-8e8e-648a8de188cc.xlsx""]","[""2026-10-07""]",named_field,,3年,Chinese,,（全日制）中国政治,,,
fudan-m-cn-021,3,Fudan University,master,2026,prior_cycle_catalogue,"[""fudan-m-cn""]","[""https://iso.fudan.edu.cn/_upload/article/files/3c/15/bb921fc24d0e82871d80687d0c58/9a2202e9-fbbb-4a26-8e8e-648a8de188cc.xlsx""]","[""2026-10-07""]",named_field,,3年,Chinese,,（全日制）比较政治,,,
fudan-m-cn-021,4,Fudan University,master,2026,prior_cycle_catalogue,"[""fudan-m-cn""]","[""https://iso.fudan.edu.cn/_upload/article/files/3c/15/bb921fc24d0e82871d80687d0c58/9a2202e9-fbbb-4a26-8e8e-648a8de188cc.xlsx""]","[""2026-10-07""]",named_field,,3年,Chinese,,（全日制）中外政治制度,,,
fudan-m-cn-021,5,Fudan University,master,2026,prior_cycle_catalogue,"[""fudan-m-cn""]","[""https://iso.fudan.edu.cn/_upload/article/files/3c/15/bb921fc24d0e82871d80687d0c58/9a2202e9-fbbb-4a26-8e8e-648a8de188cc.xlsx""]","[""2026-10-07""]",named_field,,3年,Chinese,,（全日制）政党政治,,,
fudan-m-cn-021,6,Fudan University,master,2026,prior_cycle_catalogue,"[""fudan-m-cn""]","[""https://iso.fudan.edu.cn/_upload/article/files/3c/15/bb921fc24d0e82871d80687d0c58/9a2202e9-fbbb-4a26-8e8e-648a8de188cc.xlsx""]","[""2026-10-07""]",named_field,,3年,Chinese,,（全日制）政治哲学,,,
fudan-m-cn-021,7,Fudan University,master,2026,prior_cycle_catalogue,"[""fudan-m-cn""]","[""https://iso.fudan.edu.cn/_upload/article/files/3c/15/bb921fc24d0e82871d80687d0c58/9a2202e9-fbbb-4a26-8e8e-648a8de188cc.xlsx""]","[""2026-10-07""]",named_field,,3年,Chinese,,（全日制）计算政治学,,,
fudan-m-cn-021,8,Fudan University,master,2026,prior_cycle_catalogue,"[""fudan-m-cn""]","[""https://iso.fudan.edu.cn/_upload/article/files/3c/15/bb921fc24d0e82871d80687d0c58/9a2202e9-fbbb-4a26-8e8e-648a8de188cc.xlsx""]","[""2026-10-07""]",named_field,,3年,Chinese,,（全日制）国际政治,,,
fudan-m-cn-021,9,Fudan University,master,2026,prior_cycle_catalogue,"[""fudan-m-cn""]","[""https://iso.fudan.edu.cn/_upload/article/files/3c/15/bb921fc24d0e82871d80687d0c58/9a2202e9-fbbb-4a26-8e8e-648a8de188cc.xlsx""]","[""2026-10-07""]",named_field,,3年,Chinese,,（全日制）国际关系,,,
fudan-m-cn-021,10,Fudan University,master,2026,prior_cycle_catalogue,"[""fudan-m-cn""]","[""https://iso.fudan.edu.cn/_upload/article/files/3c/15/bb921fc24d0e82871d80687d0c58/9a2202e9-fbbb-4a26-8e8e-648a8de188cc.xlsx""]","[""2026-10-07""]",named_field,,3年,Chinese,,（全日制）外交学,,,
fudan-m-cn-021,11,Fudan University,master,2026,prior_cycle_catalogue,"[""fudan-m-cn""]","[""https://iso.fudan.edu.cn/_upload/article/files/3c/15/bb921fc24d0e82871d80687d0c58/9a2202e9-fbbb-4a26-8e8e-648a8de188cc.xlsx""]","[""2026-10-07""]",named_field,,3年,Chinese,,（全日制）国际政治经济学,,,
fudan-m-cn-021,12,Fudan University,master,2026,prior_cycle_catalogue,"[""fudan-m-cn""]","[""https://iso.fudan.edu.cn/_upload/article/files/3c/15/bb921fc24d0e82871d80687d0c58/9a2202e9-fbbb-4a26-8e8e-648a8de188cc.xlsx""]","[""2026-10-07""]",named_field,,3年,Chinese,,（全日制）全球事务与全球治理,,,
fudan-m-cn-021,13,Fudan University,master,2026,prior_cycle_catalogue,"[""fudan-m-cn""]","[""https://iso.fudan.edu.cn/_upload/article/files/3c/15/bb921fc24d0e82871d80687d0c58/9a2202e9-fbbb-4a26-8e8e-648a8de188cc.xlsx""]","[""2026-10-07""]",named_field,,3年,Chinese,,（全日制）区域国别研究,,,
fudan-m-cn-021,14,Fudan University,master,2026,prior_cycle_catalogue,"[""fudan-m-cn""]","[""https://iso.fudan.edu.cn/_upload/article/files/3c/15/bb921fc24d0e82871d80687d0c58/9a2202e9-fbbb-4a26-8e8e-648a8de188cc.xlsx""]","[""2026-10-07""]",named_field,,3年,Chinese,,（全日制）国家安全与国际安全,,,
fudan-m-cn-022,1,Fudan University,master,2026,prior_cycle_catalogue,"[""fudan-m-cn""]","[""https://iso.fudan.edu.cn/_upload/article/files/3c/15/bb921fc24d0e82871d80687d0c58/9a2202e9-fbbb-4a26-8e8e-648a8de188cc.xlsx""]","[""2026-10-07""]",named_field,,3年,Chinese,,（全日制）行政管理,,,
fudan-m-cn-022,2,Fudan University,master,2026,prior_cycle_catalogue,"[""fudan-m-cn""]","[""https://iso.fudan.edu.cn/_upload/article/files/3c/15/bb921fc24d0e82871d80687d0c58/9a2202e9-fbbb-4a26-8e8e-648a8de188cc.xlsx""]","[""2026-10-07""]",named_field,,3年,Chinese,,（全日制）公共政策,,,
fudan-m-cn-022,3,Fudan University,master,2026,prior_cycle_catalogue,"[""fudan-m-cn""]","[""https://iso.fudan.edu.cn/_upload/article/files/3c/15/bb921fc24d0e82871d80687d0c58/9a2202e9-fbbb-4a26-8e8e-648a8de188cc.xlsx""]","[""2026-10-07""]",named_field,,3年,Chinese,,（全日制）应急管理,,,
fudan-m-cn-022,4,Fudan University,master,2026,prior_cycle_catalogue,"[""fudan-m-cn""]","[""https://iso.fudan.edu.cn/_upload/article/files/3c/15/bb921fc24d0e82871d80687d0c58/9a2202e9-fbbb-4a26-8e8e-648a8de188cc.xlsx""]","[""2026-10-07""]",named_field,,3年,Chinese,,（全日制）数字公共治理,,,
fudan-m-cn-022,5,Fudan University,master,2026,prior_cycle_catalogue,"[""fudan-m-cn""]","[""https://iso.fudan.edu.cn/_upload/article/files/3c/15/bb921fc24d0e82871d80687d0c58/9a2202e9-fbbb-4a26-8e8e-648a8de188cc.xlsx""]","[""2026-10-07""]",named_field,,3年,Chinese,,（全日制）城乡公共治理,,,
fudan-m-cn-022,6,Fudan University,master,2026,prior_cycle_catalogue,"[""fudan-m-cn""]","[""https://iso.fudan.edu.cn/_upload/article/files/3c/15/bb921fc24d0e82871d80687d0c58/9a2202e9-fbbb-4a26-8e8e-648a8de188cc.xlsx""]","[""2026-10-07""]",named_field,,3年,Chinese,,（全日制）社会组织管理,,,
fudan-m-cn-022,7,Fudan University,master,2026,prior_cycle_catalogue,"[""fudan-m-cn""]","[""https://iso.fudan.edu.cn/_upload/article/files/3c/15/bb921fc24d0e82871d80687d0c58/9a2202e9-fbbb-4a26-8e8e-648a8de188cc.xlsx""]","[""2026-10-07""]",named_field,,3年,Chinese,,（全日制）政府运行保障,,,
fudan-m-cn-022,8,Fudan University,master,2026,prior_cycle_catalogue,"[""fudan-m-cn""]","[""https://iso.fudan.edu.cn/_upload/article/files/3c/15/bb921fc24d0e82871d80687d0c58/9a2202e9-fbbb-4a26-8e8e-648a8de188cc.xlsx""]","[""2026-10-07""]",named_field,,3年,Chinese,,（全日制）全球事务与全球治理,,,
fudan-m-cn-023,1,Fudan University,master,2026,prior_cycle_catalogue,"[""fudan-m-cn""]","[""https://iso.fudan.edu.cn/_upload/article/files/3c/15/bb921fc24d0e82871d80687d0c58/9a2202e9-fbbb-4a26-8e8e-648a8de188cc.xlsx""]","[""2026-10-07""]",named_field,,3年,Chinese,,（全日制）国家安全思想,,,
fudan-m-cn-023,2,Fudan University,master,2026,prior_cycle_catalogue,"[""fudan-m-cn""]","[""https://iso.fudan.edu.cn/_upload/article/files/3c/15/bb921fc24d0e82871d80687d0c58/9a2202e9-fbbb-4a26-8e8e-648a8de188cc.xlsx""]","[""2026-10-07""]",named_field,,3年,Chinese,,（全日制）国家安全治理（海外利益安全）,,,
fudan-m-cn-023,3,Fudan University,master,2026,prior_cycle_catalogue,"[""fudan-m-cn""]","[""https://iso.fudan.edu.cn/_upload/article/files/3c/15/bb921fc24d0e82871d80687d0c58/9a2202e9-fbbb-4a26-8e8e-648a8de188cc.xlsx""]","[""2026-10-07""]",named_field,,3年,Chinese,,（全日制）国家安全战略,,,
fudan-m-cn-023,4,Fudan University,master,2026,prior_cycle_catalogue,"[""fudan-m-cn""]","[""https://iso.fudan.edu.cn/_upload/article/files/3c/15/bb921fc24d0e82871d80687d0c58/9a2202e9-fbbb-4a26-8e8e-648a8de188cc.xlsx""]","[""2026-10-07""]",named_field,,3年,Chinese,,（全日制）全球事务与全球治理,,,
fudan-m-cn-024,1,Fudan University,master,2026,prior_cycle_catalogue,"[""fudan-m-cn""]","[""https://iso.fudan.edu.cn/_upload/article/files/3c/15/bb921fc24d0e82871d80687d0c58/9a2202e9-fbbb-4a26-8e8e-648a8de188cc.xlsx""]","[""2026-10-07""]",named_field,,3年,Chinese,,（全日制）区域国别学理论与方法,,,
fudan-m-cn-024,2,Fudan University,master,2026,prior_cycle_catalogue,"[""fudan-m-cn""]","[""https://iso.fudan.edu.cn/_upload/article/files/3c/15/bb921fc24d0e82871d80687d0c58/9a2202e9-fbbb-4a26-8e8e-648a8de188cc.xlsx""]","[""2026-10-07""]",named_field,,3年,Chinese,,（全日制）美国综合研究,,,
fudan-m-cn-024,3,Fudan University,master,2026,prior_cycle_catalogue,"[""fudan-m-cn""]","[""https://iso.fudan.edu.cn/_upload/article/files/3c/15/bb921fc24d0e82871d80687d0c58/9a2202e9-fbbb-4a26-8e8e-648a8de188cc.xlsx""]","[""2026-10-07""]",named_field,,3年,Chinese,,（全日制）区域国别比较研究,,,
fudan-m-cn-024,4,Fudan University,master,2026,prior_cycle_catalogue,"[""fudan-m-cn""]","[""https://iso.fudan.edu.cn/_upload/article/files/3c/15/bb921fc24d0e82871d80687d0c58/9a2202e9-fbbb-4a26-8e8e-648a8de188cc.xlsx""]","[""2026-10-07""]",named_field,,3年,Chinese,,（全日制）全球与区域治理,,,
fudan-m-cn-025,1,Fudan University,master,2026,prior_cycle_catalogue,"[""fudan-m-cn""]","[""https://iso.fudan.edu.cn/_upload/article/files/3c/15/bb921fc24d0e82871d80687d0c58/9a2202e9-fbbb-4a26-8e8e-648a8de188cc.xlsx""]","[""2026-10-07""]",named_field,,2年,Chinese,,（全日制）外事管理,,,
fudan-m-cn-025,2,Fudan University,master,2026,prior_cycle_catalogue,"[""fudan-m-cn""]","[""https://iso.fudan.edu.cn/_upload/article/files/3c/15/bb921fc24d0e82871d80687d0c58/9a2202e9-fbbb-4a26-8e8e-648a8de188cc.xlsx""]","[""2026-10-07""]",named_field,,2年,Chinese,,（全日制）大国关系与“一带一路”国家研究,,,
fudan-m-cn-025,3,Fudan University,master,2026,prior_cycle_catalogue,"[""fudan-m-cn""]","[""https://iso.fudan.edu.cn/_upload/article/files/3c/15/bb921fc24d0e82871d80687d0c58/9a2202e9-fbbb-4a26-8e8e-648a8de188cc.xlsx""]","[""2026-10-07""]",named_field,,2年,Chinese,,（全日制）全球治理与国际组织,,,
fudan-m-cn-025,4,Fudan University,master,2026,prior_cycle_catalogue,"[""fudan-m-cn""]","[""https://iso.fudan.edu.cn/_upload/article/files/3c/15/bb921fc24d0e82871d80687d0c58/9a2202e9-fbbb-4a26-8e8e-648a8de188cc.xlsx""]","[""2026-10-07""]",named_field,,2年,Chinese,,（全日制）全球领导力,,,
fudan-m-cn-025,5,Fudan University,master,2026,prior_cycle_catalogue,"[""fudan-m-cn""]","[""https://iso.fudan.edu.cn/_upload/article/files/3c/15/bb921fc24d0e82871d80687d0c58/9a2202e9-fbbb-4a26-8e8e-648a8de188cc.xlsx""]","[""2026-10-07""]",named_field,,2年,Chinese,,（全日制）国际传播,,,
fudan-m-cn-025,6,Fudan University,master,2026,prior_cycle_catalogue,"[""fudan-m-cn""]","[""https://iso.fudan.edu.cn/_upload/article/files/3c/15/bb921fc24d0e82871d80687d0c58/9a2202e9-fbbb-4a26-8e8e-648a8de188cc.xlsx""]","[""2026-10-07""]",named_field,,2年,Chinese,,（全日制）国家安全实务,,,
fudan-m-cn-026,1,Fudan University,master,2026,prior_cycle_catalogue,"[""fudan-m-cn""]","[""https://iso.fudan.edu.cn/_upload/article/files/3c/15/bb921fc24d0e82871d80687d0c58/9a2202e9-fbbb-4a26-8e8e-648a8de188cc.xlsx""]","[""2026-10-07""]",named_field,,2年,Chinese,,（全日制）金融工程与管理,,,
fudan-m-cn-026,2,Fudan University,master,2026,prior_cycle_catalogue,"[""fudan-m-cn""]","[""https://iso.fudan.edu.cn/_upload/article/files/3c/15/bb921fc24d0e82871d80687d0c58/9a2202e9-fbbb-4a26-8e8e-648a8de188cc.xlsx""]","[""2026-10-07""]",named_field,,2年,Chinese,,（全日制）风险管理与保险精算,,,
fudan-m-cn-026,3,Fudan University,master,2026,prior_cycle_catalogue,"[""fudan-m-cn""]","[""https://iso.fudan.edu.cn/_upload/article/files/3c/15/bb921fc24d0e82871d80687d0c58/9a2202e9-fbbb-4a26-8e8e-648a8de188cc.xlsx""]","[""2026-10-07""]",named_field,,2年,Chinese,,（全日制）随机金融与风险分析,,,
fudan-m-cn-026,4,Fudan University,master,2026,prior_cycle_catalogue,"[""fudan-m-cn""]","[""https://iso.fudan.edu.cn/_upload/article/files/3c/15/bb921fc24d0e82871d80687d0c58/9a2202e9-fbbb-4a26-8e8e-648a8de188cc.xlsx""]","[""2026-10-07""]",named_field,,2年,Chinese,,（全日制）金融衍生品的定价与计算,,,
fudan-m-cn-027,1,Fudan University,master,2026,prior_cycle_catalogue,"[""fudan-m-cn""]","[""https://iso.fudan.edu.cn/_upload/article/files/3c/15/bb921fc24d0e82871d80687d0c58/9a2202e9-fbbb-4a26-8e8e-648a8de188cc.xlsx""]","[""2026-10-07""]",named_field,,2年,Chinese,,（全日制）高维数据分析,,,
fudan-m-cn-027,2,Fudan University,master,2026,prior_cycle_catalogue,"[""fudan-m-cn""]","[""https://iso.fudan.edu.cn/_upload/article/files/3c/15/bb921fc24d0e82871d80687d0c58/9a2202e9-fbbb-4a26-8e8e-648a8de188cc.xlsx""]","[""2026-10-07""]",named_field,,2年,Chinese,,（全日制）散乱数据拟合,,,
fudan-m-cn-027,3,Fudan University,master,2026,prior_cycle_catalogue,"[""fudan-m-cn""]","[""https://iso.fudan.edu.cn/_upload/article/files/3c/15/bb921fc24d0e82871d80687d0c58/9a2202e9-fbbb-4a26-8e8e-648a8de188cc.xlsx""]","[""2026-10-07""]",named_field,,2年,Chinese,,（全日制）统计计算方法,,,
fudan-m-cn-028,1,Fudan University,master,2026,prior_cycle_catalogue,"[""fudan-m-cn""]","[""https://iso.fudan.edu.cn/_upload/article/files/3c/15/bb921fc24d0e82871d80687d0c58/9a2202e9-fbbb-4a26-8e8e-648a8de188cc.xlsx""]","[""2026-10-07""]",named_field,,3年,Chinese,,（全日制）基础数学,,,
fudan-m-cn-028,2,Fudan University,master,2026,prior_cycle_catalogue,"[""fudan-m-cn""]","[""https://iso.fudan.edu.cn/_upload/article/files/3c/15/bb921fc24d0e82871d80687d0c58/9a2202e9-fbbb-4a26-8e8e-648a8de188cc.xlsx""]","[""2026-10-07""]",named_field,,3年,Chinese,,（全日制）计算数学,,,
fudan-m-cn-028,3,Fudan University,master,2026,prior_cycle_catalogue,"[""fudan-m-cn""]","[""https://iso.fudan.edu.cn/_upload/article/files/3c/15/bb921fc24d0e82871d80687d0c58/9a2202e9-fbbb-4a26-8e8e-648a8de188cc.xlsx""]","[""2026-10-07""]",named_field,,3年,Chinese,,（全日制）概率论与数理统计,,,
fudan-m-cn-028,4,Fudan University,master,2026,prior_cycle_catalogue,"[""fudan-m-cn""]","[""https://iso.fudan.edu.cn/_upload/article/files/3c/15/bb921fc24d0e82871d80687d0c58/9a2202e9-fbbb-4a26-8e8e-648a8de188cc.xlsx""]","[""2026-10-07""]",named_field,,3年,Chinese,,（全日制）应用数学,,,
fudan-m-cn-028,5,Fudan University,master,2026,prior_cycle_catalogue,"[""fudan-m-cn""]","[""https://iso.fudan.edu.cn/_upload/article/files/3c/15/bb921fc24d0e82871d80687d0c58/9a2202e9-fbbb-4a26-8e8e-648a8de188cc.xlsx""]","[""2026-10-07""]",named_field,,3年,Chinese,,（全日制）运筹学与控制论,,,
fudan-m-cn-029,1,Fudan University,master,2026,prior_cycle_catalogue,"[""fudan-m-cn""]","[""https://iso.fudan.edu.cn/_upload/article/files/3c/15/bb921fc24d0e82871d80687d0c58/9a2202e9-fbbb-4a26-8e8e-648a8de188cc.xlsx""]","[""2026-10-07""]",named_field,,3年,Chinese,,（全日制）粒子物理与原子核物理,,,
fudan-m-cn-029,2,Fudan University,master,2026,prior_cycle_catalogue,"[""fudan-m-cn""]","[""https://iso.fudan.edu.cn/_upload/article/files/3c/15/bb921fc24d0e82871d80687d0c58/9a2202e9-fbbb-4a26-8e8e-648a8de188cc.xlsx""]","[""2026-10-07""]",named_field,,3年,Chinese,,（全日制）原子与分子物理,,,
fudan-m-cn-030,1,Fudan University,master,2026,prior_cycle_catalogue,"[""fudan-m-cn""]","[""https://iso.fudan.edu.cn/_upload/article/files/3c/15/bb921fc24d0e82871d80687d0c58/9a2202e9-fbbb-4a26-8e8e-648a8de188cc.xlsx""]","[""2026-10-07""]",named_field,,3年,Chinese,,（全日制）无机化学,,,
fudan-m-cn-030,2,Fudan University,master,2026,prior_cycle_catalogue,"[""fudan-m-cn""]","[""https://iso.fudan.edu.cn/_upload/article/files/3c/15/bb921fc24d0e82871d80687d0c58/9a2202e9-fbbb-4a26-8e8e-648a8de188cc.xlsx""]","[""2026-10-07""]",named_field,,3年,Chinese,,（全日制）分析化学,,,
fudan-m-cn-030,3,Fudan University,master,2026,prior_cycle_catalogue,"[""fudan-m-cn""]","[""https://iso.fudan.edu.cn/_upload/article/files/3c/15/bb921fc24d0e82871d80687d0c58/9a2202e9-fbbb-4a26-8e8e-648a8de188cc.xlsx""]","[""2026-10-07""]",named_field,,3年,Chinese,,（全日制）有机化学,,,
fudan-m-cn-030,4,Fudan University,master,2026,prior_cycle_catalogue,"[""fudan-m-cn""]","[""https://iso.fudan.edu.cn/_upload/article/files/3c/15/bb921fc24d0e82871d80687d0c58/9a2202e9-fbbb-4a26-8e8e-648a8de188cc.xlsx""]","[""2026-10-07""]",named_field,,3年,Chinese,,（全日制）物理化学,,,
fudan-m-cn-030,5,Fudan University,master,2026,prior_cycle_catalogue,"[""fudan-m-cn""]","[""https://iso.fudan.edu.cn/_upload/article/files/3c/15/bb921fc24d0e82871d80687d0c58/9a2202e9-fbbb-4a26-8e8e-648a8de188cc.xlsx""]","[""2026-10-07""]",named_field,,3年,Chinese,,（全日制）化学生物学,,,
fudan-m-cn-031,1,Fudan University,master,2026,prior_cycle_catalogue,"[""fudan-m-cn""]","[""https://iso.fudan.edu.cn/_upload/article/files/3c/15/bb921fc24d0e82871d80687d0c58/9a2202e9-fbbb-4a26-8e8e-648a8de188cc.xlsx""]","[""2026-10-07""]",named_field,,3年,Chinese,,（全日制）计算机系统结构,,,
fudan-m-cn-031,2,Fudan University,master,2026,prior_cycle_catalogue,"[""fudan-m-cn""]","[""https://iso.fudan.edu.cn/_upload/article/files/3c/15/bb921fc24d0e82871d80687d0c58/9a2202e9-fbbb-4a26-8e8e-648a8de188cc.xlsx""]","[""2026-10-07""]",named_field,,3年,Chinese,,（全日制）计算机软件与理论,,,
fudan-m-cn-031,3,Fudan University,master,2026,prior_cycle_catalogue,"[""fudan-m-cn""]","[""https://iso.fudan.edu.cn/_upload/article/files/3c/15/bb921fc24d0e82871d80687d0c58/9a2202e9-fbbb-4a26-8e8e-648a8de188cc.xlsx""]","[""2026-10-07""]",named_field,,3年,Chinese,,（全日制）计算机应用技术,,,
fudan-m-cn-032,1,Fudan University,master,2026,prior_cycle_catalogue,"[""fudan-m-cn""]","[""https://iso.fudan.edu.cn/_upload/article/files/3c/15/bb921fc24d0e82871d80687d0c58/9a2202e9-fbbb-4a26-8e8e-648a8de188cc.xlsx""]","[""2026-10-07""]",named_field,,3年,Chinese,,（全日制）网络空间安全,,,
fudan-m-cn-033,1,Fudan University,master,2026,prior_cycle_catalogue,"[""fudan-m-cn""]","[""https://iso.fudan.edu.cn/_upload/article/files/3c/15/bb921fc24d0e82871d80687d0c58/9a2202e9-fbbb-4a26-8e8e-648a8de188cc.xlsx""]","[""2026-10-07""]",named_field,,3年,Chinese,,（全日制）人工智能,,,
fudan-m-cn-033,2,Fudan University,master,2026,prior_cycle_catalogue,"[""fudan-m-cn""]","[""https://iso.fudan.edu.cn/_upload/article/files/3c/15/bb921fc24d0e82871d80687d0c58/9a2202e9-fbbb-4a26-8e8e-648a8de188cc.xlsx""]","[""2026-10-07""]",named_field,,3年,Chinese,,（全日制）大数据与数据科学,,,
fudan-m-cn-033,3,Fudan University,master,2026,prior_cycle_catalogue,"[""fudan-m-cn""]","[""https://iso.fudan.edu.cn/_upload/article/files/3c/15/bb921fc24d0e82871d80687d0c58/9a2202e9-fbbb-4a26-8e8e-648a8de188cc.xlsx""]","[""2026-10-07""]",named_field,,3年,Chinese,,（全日制）智能化软件工程与系统,,,
fudan-m-cn-033,4,Fudan University,master,2026,prior_cycle_catalogue,"[""fudan-m-cn""]","[""https://iso.fudan.edu.cn/_upload/article/files/3c/15/bb921fc24d0e82871d80687d0c58/9a2202e9-fbbb-4a26-8e8e-648a8de188cc.xlsx""]","[""2026-10-07""]",named_field,,3年,Chinese,,（全日制）计算机理论与前沿交叉,,,
fudan-m-cn-033,5,Fudan University,master,2026,prior_cycle_catalogue,"[""fudan-m-cn""]","[""https://iso.fudan.edu.cn/_upload/article/files/3c/15/bb921fc24d0e82871d80687d0c58/9a2202e9-fbbb-4a26-8e8e-648a8de188cc.xlsx""]","[""2026-10-07""]",named_field,,3年,Chinese,,（全日制）人机交互与协同计算,,,
fudan-m-cn-033,6,Fudan University,master,2026,prior_cycle_catalogue,"[""fudan-m-cn""]","[""https://iso.fudan.edu.cn/_upload/article/files/3c/15/bb921fc24d0e82871d80687d0c58/9a2202e9-fbbb-4a26-8e8e-648a8de188cc.xlsx""]","[""2026-10-07""]",named_field,,3年,Chinese,,（全日制）智能网络与系统,,,
fudan-m-cn-033,7,Fudan University,master,2026,prior_cycle_catalogue,"[""fudan-m-cn""]","[""https://iso.fudan.edu.cn/_upload/article/files/3c/15/bb921fc24d0e82871d80687d0c58/9a2202e9-fbbb-4a26-8e8e-648a8de188cc.xlsx""]","[""2026-10-07""]",named_field,,3年,Chinese,,（全日制）网络空间安全基础与前沿交叉,,,
fudan-m-cn-033,8,Fudan University,master,2026,prior_cycle_catalogue,"[""fudan-m-cn""]","[""https://iso.fudan.edu.cn/_upload/article/files/3c/15/bb921fc24d0e82871d80687d0c58/9a2202e9-fbbb-4a26-8e8e-648a8de188cc.xlsx""]","[""2026-10-07""]",named_field,,3年,Chinese,,（全日制）密码学,,,
fudan-m-cn-033,9,Fudan University,master,2026,prior_cycle_catalogue,"[""fudan-m-cn""]","[""https://iso.fudan.edu.cn/_upload/article/files/3c/15/bb921fc24d0e82871d80687d0c58/9a2202e9-fbbb-4a26-8e8e-648a8de188cc.xlsx""]","[""2026-10-07""]",named_field,,3年,Chinese,,（全日制）智能系统安全,,,
fudan-m-cn-033,10,Fudan University,master,2026,prior_cycle_catalogue,"[""fudan-m-cn""]","[""https://iso.fudan.edu.cn/_upload/article/files/3c/15/bb921fc24d0e82871d80687d0c58/9a2202e9-fbbb-4a26-8e8e-648a8de188cc.xlsx""]","[""2026-10-07""]",named_field,,3年,Chinese,,（全日制）互联网技术与智能监管,,,
fudan-m-cn-033,11,Fudan University,master,2026,prior_cycle_catalogue,"[""fudan-m-cn""]","[""https://iso.fudan.edu.cn/_upload/article/files/3c/15/bb921fc24d0e82871d80687d0c58/9a2202e9-fbbb-4a26-8e8e-648a8de188cc.xlsx""]","[""2026-10-07""]",named_field,,3年,Chinese,,（全日制）金融科技与安全,,,
fudan-m-cn-033,12,Fudan University,master,2026,prior_cycle_catalogue,"[""fudan-m-cn""]","[""https://iso.fudan.edu.cn/_upload/article/files/3c/15/bb921fc24d0e82871d80687d0c58/9a2202e9-fbbb-4a26-8e8e-648a8de188cc.xlsx""]","[""2026-10-07""]",named_field,,3年,Chinese,,（全日制）多媒体智能安全,,,
fudan-m-cn-033,13,Fudan University,master,2026,prior_cycle_catalogue,"[""fudan-m-cn""]","[""https://iso.fudan.edu.cn/_upload/article/files/3c/15/bb921fc24d0e82871d80687d0c58/9a2202e9-fbbb-4a26-8e8e-648a8de188cc.xlsx""]","[""2026-10-07""]",named_field,,3年,Chinese,,（全日制）智能计算系统与认知智能,,,
fudan-m-cn-033,14,Fudan University,master,2026,prior_cycle_catalogue,"[""fudan-m-cn""]","[""https://iso.fudan.edu.cn/_upload/article/files/3c/15/bb921fc24d0e82871d80687d0c58/9a2202e9-fbbb-4a26-8e8e-648a8de188cc.xlsx""]","[""2026-10-07""]",named_field,,3年,Chinese,,（全日制）科学智能,,,
fudan-m-cn-034,1,Fudan University,master,2026,prior_cycle_catalogue,"[""fudan-m-cn""]","[""https://iso.fudan.edu.cn/_upload/article/files/3c/15/bb921fc24d0e82871d80687d0c58/9a2202e9-fbbb-4a26-8e8e-648a8de188cc.xlsx""]","[""2026-10-07""]",named_field,,3年,Chinese,,（全日制）材料物理与化学,,,
fudan-m-cn-034,2,Fudan University,master,2026,prior_cycle_catalogue,"[""fudan-m-cn""]","[""https://iso.fudan.edu.cn/_upload/article/files/3c/15/bb921fc24d0e82871d80687d0c58/9a2202e9-fbbb-4a26-8e8e-648a8de188cc.xlsx""]","[""2026-10-07""]",named_field,,3年,Chinese,,（全日制）材料学,,,
fudan-m-cn-035,1,Fudan University,master,2026,prior_cycle_catalogue,"[""fudan-m-cn""]","[""https://iso.fudan.edu.cn/_upload/article/files/3c/15/bb921fc24d0e82871d80687d0c58/9a2202e9-fbbb-4a26-8e8e-648a8de188cc.xlsx""]","[""2026-10-07""]",named_field,,3年,Chinese,,（全日制）物理电子学,,,
fudan-m-cn-036,1,Fudan University,master,2026,prior_cycle_catalogue,"[""fudan-m-cn""]","[""https://iso.fudan.edu.cn/_upload/article/files/3c/15/bb921fc24d0e82871d80687d0c58/9a2202e9-fbbb-4a26-8e8e-648a8de188cc.xlsx""]","[""2026-10-07""]",named_field,,3年,Chinese,,（全日制）集成电路制造与微分析,,,
fudan-m-cn-036,2,Fudan University,master,2026,prior_cycle_catalogue,"[""fudan-m-cn""]","[""https://iso.fudan.edu.cn/_upload/article/files/3c/15/bb921fc24d0e82871d80687d0c58/9a2202e9-fbbb-4a26-8e8e-648a8de188cc.xlsx""]","[""2026-10-07""]",named_field,,3年,Chinese,,（全日制）功能涂层材料,,,
fudan-m-cn-036,3,Fudan University,master,2026,prior_cycle_catalogue,"[""fudan-m-cn""]","[""https://iso.fudan.edu.cn/_upload/article/files/3c/15/bb921fc24d0e82871d80687d0c58/9a2202e9-fbbb-4a26-8e8e-648a8de188cc.xlsx""]","[""2026-10-07""]",named_field,,3年,Chinese,,（全日制）新型复合材料,,,
fudan-m-cn-036,4,Fudan University,master,2026,prior_cycle_catalogue,"[""fudan-m-cn""]","[""https://iso.fudan.edu.cn/_upload/article/files/3c/15/bb921fc24d0e82871d80687d0c58/9a2202e9-fbbb-4a26-8e8e-648a8de188cc.xlsx""]","[""2026-10-07""]",named_field,,3年,Chinese,,（全日制）无机功能材料,,,
fudan-m-cn-036,5,Fudan University,master,2026,prior_cycle_catalogue,"[""fudan-m-cn""]","[""https://iso.fudan.edu.cn/_upload/article/files/3c/15/bb921fc24d0e82871d80687d0c58/9a2202e9-fbbb-4a26-8e8e-648a8de188cc.xlsx""]","[""2026-10-07""]",named_field,,3年,Chinese,,（全日制）生物高分子材料,,,
fudan-m-cn-037,1,Fudan University,master,2026,prior_cycle_catalogue,"[""fudan-m-cn""]","[""https://iso.fudan.edu.cn/_upload/article/files/3c/15/bb921fc24d0e82871d80687d0c58/9a2202e9-fbbb-4a26-8e8e-648a8de188cc.xlsx""]","[""2026-10-07""]",named_field,,3年,Chinese,,（全日制）课程与教学论,,,
fudan-m-cn-037,2,Fudan University,master,2026,prior_cycle_catalogue,"[""fudan-m-cn""]","[""https://iso.fudan.edu.cn/_upload/article/files/3c/15/bb921fc24d0e82871d80687d0c58/9a2202e9-fbbb-4a26-8e8e-648a8de188cc.xlsx""]","[""2026-10-07""]",named_field,,3年,Chinese,,（全日制）高等教育学,,,
fudan-m-cn-037,3,Fudan University,master,2026,prior_cycle_catalogue,"[""fudan-m-cn""]","[""https://iso.fudan.edu.cn/_upload/article/files/3c/15/bb921fc24d0e82871d80687d0c58/9a2202e9-fbbb-4a26-8e8e-648a8de188cc.xlsx""]","[""2026-10-07""]",named_field,,3年,Chinese,,（全日制）教育经济与管理,,,
fudan-m-cn-038,1,Fudan University,master,2026,prior_cycle_catalogue,"[""fudan-m-cn""]","[""https://iso.fudan.edu.cn/_upload/article/files/3c/15/bb921fc24d0e82871d80687d0c58/9a2202e9-fbbb-4a26-8e8e-648a8de188cc.xlsx""]","[""2026-10-07""]",named_field,,3年,Chinese,,（全日制）旅游管理,,,
fudan-m-cn-039,1,Fudan University,master,2026,prior_cycle_catalogue,"[""fudan-m-cn""]","[""https://iso.fudan.edu.cn/_upload/article/files/3c/15/bb921fc24d0e82871d80687d0c58/9a2202e9-fbbb-4a26-8e8e-648a8de188cc.xlsx""]","[""2026-10-07""]",named_field,,2.5年,Chinese,,（全日制）旅游企业管理Ⅰ,,,
fudan-m-cn-039,2,Fudan University,master,2026,prior_cycle_catalogue,"[""fudan-m-cn""]","[""https://iso.fudan.edu.cn/_upload/article/files/3c/15/bb921fc24d0e82871d80687d0c58/9a2202e9-fbbb-4a26-8e8e-648a8de188cc.xlsx""]","[""2026-10-07""]",named_field,,2.5年,Chinese,,（全日制）目的地管理与区域旅游发展Ⅰ,,,
fudan-m-cn-039,3,Fudan University,master,2026,prior_cycle_catalogue,"[""fudan-m-cn""]","[""https://iso.fudan.edu.cn/_upload/article/files/3c/15/bb921fc24d0e82871d80687d0c58/9a2202e9-fbbb-4a26-8e8e-648a8de188cc.xlsx""]","[""2026-10-07""]",named_field,,2.5年,Chinese,,（全日制）旅游文化创意与休闲旅游Ⅰ,,,
fudan-m-cn-039,4,Fudan University,master,2026,prior_cycle_catalogue,"[""fudan-m-cn""]","[""https://iso.fudan.edu.cn/_upload/article/files/3c/15/bb921fc24d0e82871d80687d0c58/9a2202e9-fbbb-4a26-8e8e-648a8de188cc.xlsx""]","[""2026-10-07""]",named_field,,2.5年,Chinese,,（非全日制）旅游企业管理Ⅱ,,,
fudan-m-cn-039,5,Fudan University,master,2026,prior_cycle_catalogue,"[""fudan-m-cn""]","[""https://iso.fudan.edu.cn/_upload/article/files/3c/15/bb921fc24d0e82871d80687d0c58/9a2202e9-fbbb-4a26-8e8e-648a8de188cc.xlsx""]","[""2026-10-07""]",named_field,,2.5年,Chinese,,（非全日制）目的地管理与区域旅游发展Ⅱ,,,
fudan-m-cn-039,6,Fudan University,master,2026,prior_cycle_catalogue,"[""fudan-m-cn""]","[""https://iso.fudan.edu.cn/_upload/article/files/3c/15/bb921fc24d0e82871d80687d0c58/9a2202e9-fbbb-4a26-8e8e-648a8de188cc.xlsx""]","[""2026-10-07""]",named_field,,2.5年,Chinese,,（非全日制）旅游文化创意与休闲旅游Ⅱ,,,
fudan-m-cn-040,1,Fudan University,master,2026,prior_cycle_catalogue,"[""fudan-m-cn""]","[""https://iso.fudan.edu.cn/_upload/article/files/3c/15/bb921fc24d0e82871d80687d0c58/9a2202e9-fbbb-4a26-8e8e-648a8de188cc.xlsx""]","[""2026-10-07""]",named_field,,3年,Chinese,,（全日制）考古学,,,
fudan-m-cn-040,2,Fudan University,master,2026,prior_cycle_catalogue,"[""fudan-m-cn""]","[""https://iso.fudan.edu.cn/_upload/article/files/3c/15/bb921fc24d0e82871d80687d0c58/9a2202e9-fbbb-4a26-8e8e-648a8de188cc.xlsx""]","[""2026-10-07""]",named_field,,3年,Chinese,,（全日制）博物馆学,,,
fudan-m-cn-040,3,Fudan University,master,2026,prior_cycle_catalogue,"[""fudan-m-cn""]","[""https://iso.fudan.edu.cn/_upload/article/files/3c/15/bb921fc24d0e82871d80687d0c58/9a2202e9-fbbb-4a26-8e8e-648a8de188cc.xlsx""]","[""2026-10-07""]",named_field,,3年,Chinese,,（全日制）文化遗产学（含文物保护）,,,
fudan-m-cn-041,1,Fudan University,master,2026,prior_cycle_catalogue,"[""fudan-m-cn""]","[""https://iso.fudan.edu.cn/_upload/article/files/3c/15/bb921fc24d0e82871d80687d0c58/9a2202e9-fbbb-4a26-8e8e-648a8de188cc.xlsx""]","[""2026-10-07""]",named_field,,2年,Chinese,,（非全日制）金融工商管理I,,,
fudan-m-cn-041,2,Fudan University,master,2026,prior_cycle_catalogue,"[""fudan-m-cn""]","[""https://iso.fudan.edu.cn/_upload/article/files/3c/15/bb921fc24d0e82871d80687d0c58/9a2202e9-fbbb-4a26-8e8e-648a8de188cc.xlsx""]","[""2026-10-07""]",named_field,,2年,Chinese,,（非全日制）金融高级工商管理,,,
fudan-m-cn-042,1,Fudan University,master,2026,prior_cycle_catalogue,"[""fudan-m-cn""]","[""https://iso.fudan.edu.cn/_upload/article/files/3c/15/bb921fc24d0e82871d80687d0c58/9a2202e9-fbbb-4a26-8e8e-648a8de188cc.xlsx""]","[""2026-10-07""]",named_field,,2年,Chinese,,（非全日制）技术转移,,,
fudan-m-cn-043,1,Fudan University,master,2026,prior_cycle_catalogue,"[""fudan-m-cn""]","[""https://iso.fudan.edu.cn/_upload/article/files/3c/15/bb921fc24d0e82871d80687d0c58/9a2202e9-fbbb-4a26-8e8e-648a8de188cc.xlsx""]","[""2026-10-07""]",named_field,,2年,Chinese,,（全日制）基金管理,,,
fudan-m-cn-043,2,Fudan University,master,2026,prior_cycle_catalogue,"[""fudan-m-cn""]","[""https://iso.fudan.edu.cn/_upload/article/files/3c/15/bb921fc24d0e82871d80687d0c58/9a2202e9-fbbb-4a26-8e8e-648a8de188cc.xlsx""]","[""2026-10-07""]",named_field,,2年,Chinese,,（全日制）量化投资,,,
fudan-m-cn-043,3,Fudan University,master,2026,prior_cycle_catalogue,"[""fudan-m-cn""]","[""https://iso.fudan.edu.cn/_upload/article/files/3c/15/bb921fc24d0e82871d80687d0c58/9a2202e9-fbbb-4a26-8e8e-648a8de188cc.xlsx""]","[""2026-10-07""]",named_field,,2年,Chinese,,（全日制）投资银行,,,
fudan-m-cn-043,4,Fudan University,master,2026,prior_cycle_catalogue,"[""fudan-m-cn""]","[""https://iso.fudan.edu.cn/_upload/article/files/3c/15/bb921fc24d0e82871d80687d0c58/9a2202e9-fbbb-4a26-8e8e-648a8de188cc.xlsx""]","[""2026-10-07""]",named_field,,2年,Chinese,,（全日制）资产管理,,,
fudan-m-cn-043,5,Fudan University,master,2026,prior_cycle_catalogue,"[""fudan-m-cn""]","[""https://iso.fudan.edu.cn/_upload/article/files/3c/15/bb921fc24d0e82871d80687d0c58/9a2202e9-fbbb-4a26-8e8e-648a8de188cc.xlsx""]","[""2026-10-07""]",named_field,,2年,Chinese,,（全日制）金融科技,,,
fudan-m-cn-043,6,Fudan University,master,2026,prior_cycle_catalogue,"[""fudan-m-cn""]","[""https://iso.fudan.edu.cn/_upload/article/files/3c/15/bb921fc24d0e82871d80687d0c58/9a2202e9-fbbb-4a26-8e8e-648a8de188cc.xlsx""]","[""2026-10-07""]",named_field,,2年,Chinese,,（全日制）定量金融,,,
fudan-m-cn-044,1,Fudan University,master,2026,prior_cycle_catalogue,"[""fudan-m-cn""]","[""https://iso.fudan.edu.cn/_upload/article/files/3c/15/bb921fc24d0e82871d80687d0c58/9a2202e9-fbbb-4a26-8e8e-648a8de188cc.xlsx""]","[""2026-10-07""]",named_field,,2年,Chinese,,（全日制）国际经营与管理,,,
fudan-m-cn-044,2,Fudan University,master,2026,prior_cycle_catalogue,"[""fudan-m-cn""]","[""https://iso.fudan.edu.cn/_upload/article/files/3c/15/bb921fc24d0e82871d80687d0c58/9a2202e9-fbbb-4a26-8e8e-648a8de188cc.xlsx""]","[""2026-10-07""]",named_field,,2年,Chinese,,（全日制）国际金融与投资,,,
fudan-m-cn-045,1,Fudan University,master,2026,prior_cycle_catalogue,"[""fudan-m-cn""]","[""https://iso.fudan.edu.cn/_upload/article/files/3c/15/bb921fc24d0e82871d80687d0c58/9a2202e9-fbbb-4a26-8e8e-648a8de188cc.xlsx""]","[""2026-10-07""]",named_field,,2年,Chinese,,（全日制）保险学,,,
fudan-m-cn-045,2,Fudan University,master,2026,prior_cycle_catalogue,"[""fudan-m-cn""]","[""https://iso.fudan.edu.cn/_upload/article/files/3c/15/bb921fc24d0e82871d80687d0c58/9a2202e9-fbbb-4a26-8e8e-648a8de188cc.xlsx""]","[""2026-10-07""]",named_field,,2年,Chinese,,（全日制）保险科技,,,
fudan-m-cn-046,1,Fudan University,master,2026,prior_cycle_catalogue,"[""fudan-m-cn""]","[""https://iso.fudan.edu.cn/_upload/article/files/3c/15/bb921fc24d0e82871d80687d0c58/9a2202e9-fbbb-4a26-8e8e-648a8de188cc.xlsx""]","[""2026-10-07""]",named_field,,2年,Chinese,,（全日制）资产评估,,,
fudan-m-cn-047,1,Fudan University,master,2026,prior_cycle_catalogue,"[""fudan-m-cn""]","[""https://iso.fudan.edu.cn/_upload/article/files/3c/15/bb921fc24d0e82871d80687d0c58/9a2202e9-fbbb-4a26-8e8e-648a8de188cc.xlsx""]","[""2026-10-07""]",named_field,,2年,Chinese,,（全日制）企业税务筹划与风险管理,,,
fudan-m-cn-047,2,Fudan University,master,2026,prior_cycle_catalogue,"[""fudan-m-cn""]","[""https://iso.fudan.edu.cn/_upload/article/files/3c/15/bb921fc24d0e82871d80687d0c58/9a2202e9-fbbb-4a26-8e8e-648a8de188cc.xlsx""]","[""2026-10-07""]",named_field,,2年,Chinese,,（全日制）国际税收,,,
fudan-m-cn-048,1,Fudan University,master,2026,prior_cycle_catalogue,"[""fudan-m-cn""]","[""https://iso.fudan.edu.cn/_upload/article/files/3c/15/bb921fc24d0e82871d80687d0c58/9a2202e9-fbbb-4a26-8e8e-648a8de188cc.xlsx""]","[""2026-10-07""]",named_field,,2年,Chinese,,（全日制）数据科学与商务分析,,,
fudan-m-cn-049,1,Fudan University,master,2026,prior_cycle_catalogue,"[""fudan-m-cn""]","[""https://iso.fudan.edu.cn/_upload/article/files/3c/15/bb921fc24d0e82871d80687d0c58/9a2202e9-fbbb-4a26-8e8e-648a8de188cc.xlsx""]","[""2026-10-07""]",named_field,,2.5年,Chinese,,（非全日制）工商管理,,,
fudan-m-cn-049,2,Fudan University,master,2026,prior_cycle_catalogue,"[""fudan-m-cn""]","[""https://iso.fudan.edu.cn/_upload/article/files/3c/15/bb921fc24d0e82871d80687d0c58/9a2202e9-fbbb-4a26-8e8e-648a8de188cc.xlsx""]","[""2026-10-07""]",named_field,,2.5年,Chinese,,（非全日制）高级工商管理,,,
fudan-m-cn-050,1,Fudan University,master,2026,prior_cycle_catalogue,"[""fudan-m-cn""]","[""https://iso.fudan.edu.cn/_upload/article/files/3c/15/bb921fc24d0e82871d80687d0c58/9a2202e9-fbbb-4a26-8e8e-648a8de188cc.xlsx""]","[""2026-10-07""]",named_field,,3年,Chinese,,（全日制）遗传学,,,
fudan-m-cn-050,2,Fudan University,master,2026,prior_cycle_catalogue,"[""fudan-m-cn""]","[""https://iso.fudan.edu.cn/_upload/article/files/3c/15/bb921fc24d0e82871d80687d0c58/9a2202e9-fbbb-4a26-8e8e-648a8de188cc.xlsx""]","[""2026-10-07""]",named_field,,3年,Chinese,,（全日制）微生物学,,,
fudan-m-cn-050,3,Fudan University,master,2026,prior_cycle_catalogue,"[""fudan-m-cn""]","[""https://iso.fudan.edu.cn/_upload/article/files/3c/15/bb921fc24d0e82871d80687d0c58/9a2202e9-fbbb-4a26-8e8e-648a8de188cc.xlsx""]","[""2026-10-07""]",named_field,,3年,Chinese,,（全日制）人类生物学,,,
fudan-m-cn-050,4,Fudan University,master,2026,prior_cycle_catalogue,"[""fudan-m-cn""]","[""https://iso.fudan.edu.cn/_upload/article/files/3c/15/bb921fc24d0e82871d80687d0c58/9a2202e9-fbbb-4a26-8e8e-648a8de188cc.xlsx""]","[""2026-10-07""]",named_field,,3年,Chinese,,（全日制）生理学,,,
fudan-m-cn-050,5,Fudan University,master,2026,prior_cycle_catalogue,"[""fudan-m-cn""]","[""https://iso.fudan.edu.cn/_upload/article/files/3c/15/bb921fc24d0e82871d80687d0c58/9a2202e9-fbbb-4a26-8e8e-648a8de188cc.xlsx""]","[""2026-10-07""]",named_field,,3年,Chinese,,（全日制）神经生物学,,,
fudan-m-cn-050,6,Fudan University,master,2026,prior_cycle_catalogue,"[""fudan-m-cn""]","[""https://iso.fudan.edu.cn/_upload/article/files/3c/15/bb921fc24d0e82871d80687d0c58/9a2202e9-fbbb-4a26-8e8e-648a8de188cc.xlsx""]","[""2026-10-07""]",named_field,,3年,Chinese,,（全日制）细胞生物学,,,
fudan-m-cn-050,7,Fudan University,master,2026,prior_cycle_catalogue,"[""fudan-m-cn""]","[""https://iso.fudan.edu.cn/_upload/article/files/3c/15/bb921fc24d0e82871d80687d0c58/9a2202e9-fbbb-4a26-8e8e-648a8de188cc.xlsx""]","[""2026-10-07""]",named_field,,3年,Chinese,,（全日制）发育生物学,,,
fudan-m-cn-050,8,Fudan University,master,2026,prior_cycle_catalogue,"[""fudan-m-cn""]","[""https://iso.fudan.edu.cn/_upload/article/files/3c/15/bb921fc24d0e82871d80687d0c58/9a2202e9-fbbb-4a26-8e8e-648a8de188cc.xlsx""]","[""2026-10-07""]",named_field,,3年,Chinese,,（全日制）生物化学与分子生物学,,,
fudan-m-cn-050,9,Fudan University,master,2026,prior_cycle_catalogue,"[""fudan-m-cn""]","[""https://iso.fudan.edu.cn/_upload/article/files/3c/15/bb921fc24d0e82871d80687d0c58/9a2202e9-fbbb-4a26-8e8e-648a8de188cc.xlsx""]","[""2026-10-07""]",named_field,,3年,Chinese,,（全日制）生物物理学,,,
fudan-m-cn-050,10,Fudan University,master,2026,prior_cycle_catalogue,"[""fudan-m-cn""]","[""https://iso.fudan.edu.cn/_upload/article/files/3c/15/bb921fc24d0e82871d80687d0c58/9a2202e9-fbbb-4a26-8e8e-648a8de188cc.xlsx""]","[""2026-10-07""]",named_field,,3年,Chinese,,（全日制）生物信息学,,,
fudan-m-cn-050,11,Fudan University,master,2026,prior_cycle_catalogue,"[""fudan-m-cn""]","[""https://iso.fudan.edu.cn/_upload/article/files/3c/15/bb921fc24d0e82871d80687d0c58/9a2202e9-fbbb-4a26-8e8e-648a8de188cc.xlsx""]","[""2026-10-07""]",named_field,,3年,Chinese,,（全日制）生物统计学,,,
fudan-m-cn-051,1,Fudan University,master,2026,prior_cycle_catalogue,"[""fudan-m-cn""]","[""https://iso.fudan.edu.cn/_upload/article/files/3c/15/bb921fc24d0e82871d80687d0c58/9a2202e9-fbbb-4a26-8e8e-648a8de188cc.xlsx""]","[""2026-10-07""]",named_field,,3年,Chinese,,（全日制）湿地生态学,,,
fudan-m-cn-051,2,Fudan University,master,2026,prior_cycle_catalogue,"[""fudan-m-cn""]","[""https://iso.fudan.edu.cn/_upload/article/files/3c/15/bb921fc24d0e82871d80687d0c58/9a2202e9-fbbb-4a26-8e8e-648a8de188cc.xlsx""]","[""2026-10-07""]",named_field,,3年,Chinese,,（全日制）土壤生态学,,,
fudan-m-cn-051,3,Fudan University,master,2026,prior_cycle_catalogue,"[""fudan-m-cn""]","[""https://iso.fudan.edu.cn/_upload/article/files/3c/15/bb921fc24d0e82871d80687d0c58/9a2202e9-fbbb-4a26-8e8e-648a8de188cc.xlsx""]","[""2026-10-07""]",named_field,,3年,Chinese,,（全日制）景观生态学,,,
fudan-m-cn-051,4,Fudan University,master,2026,prior_cycle_catalogue,"[""fudan-m-cn""]","[""https://iso.fudan.edu.cn/_upload/article/files/3c/15/bb921fc24d0e82871d80687d0c58/9a2202e9-fbbb-4a26-8e8e-648a8de188cc.xlsx""]","[""2026-10-07""]",named_field,,3年,Chinese,,（全日制）生物入侵生态学,,,
fudan-m-cn-051,5,Fudan University,master,2026,prior_cycle_catalogue,"[""fudan-m-cn""]","[""https://iso.fudan.edu.cn/_upload/article/files/3c/15/bb921fc24d0e82871d80687d0c58/9a2202e9-fbbb-4a26-8e8e-648a8de188cc.xlsx""]","[""2026-10-07""]",named_field,,3年,Chinese,,（全日制）生态系统生态学,,,
fudan-m-cn-051,6,Fudan University,master,2026,prior_cycle_catalogue,"[""fudan-m-cn""]","[""https://iso.fudan.edu.cn/_upload/article/files/3c/15/bb921fc24d0e82871d80687d0c58/9a2202e9-fbbb-4a26-8e8e-648a8de188cc.xlsx""]","[""2026-10-07""]",named_field,,3年,Chinese,,（全日制）生物地理学,,,
fudan-m-cn-051,7,Fudan University,master,2026,prior_cycle_catalogue,"[""fudan-m-cn""]","[""https://iso.fudan.edu.cn/_upload/article/files/3c/15/bb921fc24d0e82871d80687d0c58/9a2202e9-fbbb-4a26-8e8e-648a8de188cc.xlsx""]","[""2026-10-07""]",named_field,,3年,Chinese,,（全日制）动物生态学,,,
fudan-m-cn-051,8,Fudan University,master,2026,prior_cycle_catalogue,"[""fudan-m-cn""]","[""https://iso.fudan.edu.cn/_upload/article/files/3c/15/bb921fc24d0e82871d80687d0c58/9a2202e9-fbbb-4a26-8e8e-648a8de188cc.xlsx""]","[""2026-10-07""]",named_field,,3年,Chinese,,（全日制）植物生态学,,,
fudan-m-cn-051,9,Fudan University,master,2026,prior_cycle_catalogue,"[""fudan-m-cn""]","[""https://iso.fudan.edu.cn/_upload/article/files/3c/15/bb921fc24d0e82871d80687d0c58/9a2202e9-fbbb-4a26-8e8e-648a8de188cc.xlsx""]","[""2026-10-07""]",named_field,,3年,Chinese,,（全日制）水生生态学,,,
fudan-m-cn-051,10,Fudan University,master,2026,prior_cycle_catalogue,"[""fudan-m-cn""]","[""https://iso.fudan.edu.cn/_upload/article/files/3c/15/bb921fc24d0e82871d80687d0c58/9a2202e9-fbbb-4a26-8e8e-648a8de188cc.xlsx""]","[""2026-10-07""]",named_field,,3年,Chinese,,（全日制）保护生物学,,,
fudan-m-cn-051,11,Fudan University,master,2026,prior_cycle_catalogue,"[""fudan-m-cn""]","[""https://iso.fudan.edu.cn/_upload/article/files/3c/15/bb921fc24d0e82871d80687d0c58/9a2202e9-fbbb-4a26-8e8e-648a8de188cc.xlsx""]","[""2026-10-07""]",named_field,,3年,Chinese,,（全日制）系统发育与进化生态学,,,
fudan-m-cn-052,1,Fudan University,master,2026,prior_cycle_catalogue,"[""fudan-m-cn""]","[""https://iso.fudan.edu.cn/_upload/article/files/3c/15/bb921fc24d0e82871d80687d0c58/9a2202e9-fbbb-4a26-8e8e-648a8de188cc.xlsx""]","[""2026-10-07""]",named_field,,3年,Chinese,,（全日制）智能光学制造与检测,,,
fudan-m-cn-052,2,Fudan University,master,2026,prior_cycle_catalogue,"[""fudan-m-cn""]","[""https://iso.fudan.edu.cn/_upload/article/files/3c/15/bb921fc24d0e82871d80687d0c58/9a2202e9-fbbb-4a26-8e8e-648a8de188cc.xlsx""]","[""2026-10-07""]",named_field,,3年,Chinese,,（全日制）生物医学光子学,,,
fudan-m-cn-052,3,Fudan University,master,2026,prior_cycle_catalogue,"[""fudan-m-cn""]","[""https://iso.fudan.edu.cn/_upload/article/files/3c/15/bb921fc24d0e82871d80687d0c58/9a2202e9-fbbb-4a26-8e8e-648a8de188cc.xlsx""]","[""2026-10-07""]",named_field,,3年,Chinese,,（全日制）微纳光电磁器件与物理,,,
fudan-m-cn-052,4,Fudan University,master,2026,prior_cycle_catalogue,"[""fudan-m-cn""]","[""https://iso.fudan.edu.cn/_upload/article/files/3c/15/bb921fc24d0e82871d80687d0c58/9a2202e9-fbbb-4a26-8e8e-648a8de188cc.xlsx""]","[""2026-10-07""]",named_field,,3年,Chinese,,（全日制）激光物理与光谱技术,,,
fudan-m-cn-053,1,Fudan University,master,2026,prior_cycle_catalogue,"[""fudan-m-cn""]","[""https://iso.fudan.edu.cn/_upload/article/files/3c/15/bb921fc24d0e82871d80687d0c58/9a2202e9-fbbb-4a26-8e8e-648a8de188cc.xlsx""]","[""2026-10-07""]",named_field,,3年,Chinese,,（全日制）智能光学制造与检测,,,
fudan-m-cn-053,2,Fudan University,master,2026,prior_cycle_catalogue,"[""fudan-m-cn""]","[""https://iso.fudan.edu.cn/_upload/article/files/3c/15/bb921fc24d0e82871d80687d0c58/9a2202e9-fbbb-4a26-8e8e-648a8de188cc.xlsx""]","[""2026-10-07""]",named_field,,3年,Chinese,,（全日制）生物医学光子学,,,
fudan-m-cn-053,3,Fudan University,master,2026,prior_cycle_catalogue,"[""fudan-m-cn""]","[""https://iso.fudan.edu.cn/_upload/article/files/3c/15/bb921fc24d0e82871d80687d0c58/9a2202e9-fbbb-4a26-8e8e-648a8de188cc.xlsx""]","[""2026-10-07""]",named_field,,3年,Chinese,,（全日制）微纳光电磁技术与器件,,,
fudan-m-cn-053,4,Fudan University,master,2026,prior_cycle_catalogue,"[""fudan-m-cn""]","[""https://iso.fudan.edu.cn/_upload/article/files/3c/15/bb921fc24d0e82871d80687d0c58/9a2202e9-fbbb-4a26-8e8e-648a8de188cc.xlsx""]","[""2026-10-07""]",named_field,,3年,Chinese,,（全日制）激光工程与光谱技术,,,
fudan-m-cn-053,5,Fudan University,master,2026,prior_cycle_catalogue,"[""fudan-m-cn""]","[""https://iso.fudan.edu.cn/_upload/article/files/3c/15/bb921fc24d0e82871d80687d0c58/9a2202e9-fbbb-4a26-8e8e-648a8de188cc.xlsx""]","[""2026-10-07""]",named_field,,3年,Chinese,,（全日制）光量子信息技术,,,
fudan-m-cn-054,1,Fudan University,master,2026,prior_cycle_catalogue,"[""fudan-m-cn""]","[""https://iso.fudan.edu.cn/_upload/article/files/3c/15/bb921fc24d0e82871d80687d0c58/9a2202e9-fbbb-4a26-8e8e-648a8de188cc.xlsx""]","[""2026-10-07""]",named_field,,3年,Chinese,,（全日制）物理电子学,,,
fudan-m-cn-054,2,Fudan University,master,2026,prior_cycle_catalogue,"[""fudan-m-cn""]","[""https://iso.fudan.edu.cn/_upload/article/files/3c/15/bb921fc24d0e82871d80687d0c58/9a2202e9-fbbb-4a26-8e8e-648a8de188cc.xlsx""]","[""2026-10-07""]",named_field,,3年,Chinese,,（全日制）智能光电系统与应用,,,
fudan-m-cn-054,3,Fudan University,master,2026,prior_cycle_catalogue,"[""fudan-m-cn""]","[""https://iso.fudan.edu.cn/_upload/article/files/3c/15/bb921fc24d0e82871d80687d0c58/9a2202e9-fbbb-4a26-8e8e-648a8de188cc.xlsx""]","[""2026-10-07""]",named_field,,3年,Chinese,,（全日制）电路与系统,,,
fudan-m-cn-054,4,Fudan University,master,2026,prior_cycle_catalogue,"[""fudan-m-cn""]","[""https://iso.fudan.edu.cn/_upload/article/files/3c/15/bb921fc24d0e82871d80687d0c58/9a2202e9-fbbb-4a26-8e8e-648a8de188cc.xlsx""]","[""2026-10-07""]",named_field,,3年,Chinese,,（全日制）智能信息处理与系统设计,,,
fudan-m-cn-054,5,Fudan University,master,2026,prior_cycle_catalogue,"[""fudan-m-cn""]","[""https://iso.fudan.edu.cn/_upload/article/files/3c/15/bb921fc24d0e82871d80687d0c58/9a2202e9-fbbb-4a26-8e8e-648a8de188cc.xlsx""]","[""2026-10-07""]",named_field,,3年,Chinese,,（全日制）微电子学与固体电子学,,,
fudan-m-cn-054,6,Fudan University,master,2026,prior_cycle_catalogue,"[""fudan-m-cn""]","[""https://iso.fudan.edu.cn/_upload/article/files/3c/15/bb921fc24d0e82871d80687d0c58/9a2202e9-fbbb-4a26-8e8e-648a8de188cc.xlsx""]","[""2026-10-07""]",named_field,,3年,Chinese,,（全日制）智能芯片与系统设计,,,
fudan-m-cn-054,7,Fudan University,master,2026,prior_cycle_catalogue,"[""fudan-m-cn""]","[""https://iso.fudan.edu.cn/_upload/article/files/3c/15/bb921fc24d0e82871d80687d0c58/9a2202e9-fbbb-4a26-8e8e-648a8de188cc.xlsx""]","[""2026-10-07""]",named_field,,3年,Chinese,,（全日制）电磁场与微波技术,,,
fudan-m-cn-054,8,Fudan University,master,2026,prior_cycle_catalogue,"[""fudan-m-cn""]","[""https://iso.fudan.edu.cn/_upload/article/files/3c/15/bb921fc24d0e82871d80687d0c58/9a2202e9-fbbb-4a26-8e8e-648a8de188cc.xlsx""]","[""2026-10-07""]",named_field,,3年,Chinese,,（全日制）智能感知技术,,,
fudan-m-cn-055,1,Fudan University,master,2026,prior_cycle_catalogue,"[""fudan-m-cn""]","[""https://iso.fudan.edu.cn/_upload/article/files/3c/15/bb921fc24d0e82871d80687d0c58/9a2202e9-fbbb-4a26-8e8e-648a8de188cc.xlsx""]","[""2026-10-07""]",named_field,,3年,Chinese,,（全日制）智慧医疗超声,,,
fudan-m-cn-055,2,Fudan University,master,2026,prior_cycle_catalogue,"[""fudan-m-cn""]","[""https://iso.fudan.edu.cn/_upload/article/files/3c/15/bb921fc24d0e82871d80687d0c58/9a2202e9-fbbb-4a26-8e8e-648a8de188cc.xlsx""]","[""2026-10-07""]",named_field,,3年,Chinese,,（全日制）医学影像与人工智能,,,
fudan-m-cn-055,3,Fudan University,master,2026,prior_cycle_catalogue,"[""fudan-m-cn""]","[""https://iso.fudan.edu.cn/_upload/article/files/3c/15/bb921fc24d0e82871d80687d0c58/9a2202e9-fbbb-4a26-8e8e-648a8de188cc.xlsx""]","[""2026-10-07""]",named_field,,3年,Chinese,,（全日制）泛心血管生理的智慧诊疗方法及系统,,,
fudan-m-cn-055,4,Fudan University,master,2026,prior_cycle_catalogue,"[""fudan-m-cn""]","[""https://iso.fudan.edu.cn/_upload/article/files/3c/15/bb921fc24d0e82871d80687d0c58/9a2202e9-fbbb-4a26-8e8e-648a8de188cc.xlsx""]","[""2026-10-07""]",named_field,,3年,Chinese,,（全日制）智慧传感与生物医学信息处理,,,
fudan-m-cn-056,1,Fudan University,master,2026,prior_cycle_catalogue,"[""fudan-m-cn""]","[""https://iso.fudan.edu.cn/_upload/article/files/3c/15/bb921fc24d0e82871d80687d0c58/9a2202e9-fbbb-4a26-8e8e-648a8de188cc.xlsx""]","[""2026-10-07""]",named_field,,3年,Chinese,,（全日制）新一代电子信息技术,,,
fudan-m-cn-056,2,Fudan University,master,2026,prior_cycle_catalogue,"[""fudan-m-cn""]","[""https://iso.fudan.edu.cn/_upload/article/files/3c/15/bb921fc24d0e82871d80687d0c58/9a2202e9-fbbb-4a26-8e8e-648a8de188cc.xlsx""]","[""2026-10-07""]",named_field,,3年,Chinese,,（全日制）通信工程,,,
fudan-m-cn-056,3,Fudan University,master,2026,prior_cycle_catalogue,"[""fudan-m-cn""]","[""https://iso.fudan.edu.cn/_upload/article/files/3c/15/bb921fc24d0e82871d80687d0c58/9a2202e9-fbbb-4a26-8e8e-648a8de188cc.xlsx""]","[""2026-10-07""]",named_field,,3年,Chinese,,（全日制）生物医学工程,,,
fudan-m-cn-056,4,Fudan University,master,2026,prior_cycle_catalogue,"[""fudan-m-cn""]","[""https://iso.fudan.edu.cn/_upload/article/files/3c/15/bb921fc24d0e82871d80687d0c58/9a2202e9-fbbb-4a26-8e8e-648a8de188cc.xlsx""]","[""2026-10-07""]",named_field,,3年,Chinese,,（全日制）人工智能,,,
fudan-m-cn-056,5,Fudan University,master,2026,prior_cycle_catalogue,"[""fudan-m-cn""]","[""https://iso.fudan.edu.cn/_upload/article/files/3c/15/bb921fc24d0e82871d80687d0c58/9a2202e9-fbbb-4a26-8e8e-648a8de188cc.xlsx""]","[""2026-10-07""]",named_field,,3年,Chinese,,（全日制）光电信息工程,,,
fudan-m-cn-057,1,Fudan University,master,2026,prior_cycle_catalogue,"[""fudan-m-cn""]","[""https://iso.fudan.edu.cn/_upload/article/files/3c/15/bb921fc24d0e82871d80687d0c58/9a2202e9-fbbb-4a26-8e8e-648a8de188cc.xlsx""]","[""2026-10-07""]",named_field,,3年,Chinese,,（全日制）人口、资源与环境经济学,,,
fudan-m-cn-058,1,Fudan University,master,2026,prior_cycle_catalogue,"[""fudan-m-cn""]","[""https://iso.fudan.edu.cn/_upload/article/files/3c/15/bb921fc24d0e82871d80687d0c58/9a2202e9-fbbb-4a26-8e8e-648a8de188cc.xlsx""]","[""2026-10-07""]",named_field,,3年,Chinese,,（全日制）社会学,,,
fudan-m-cn-058,2,Fudan University,master,2026,prior_cycle_catalogue,"[""fudan-m-cn""]","[""https://iso.fudan.edu.cn/_upload/article/files/3c/15/bb921fc24d0e82871d80687d0c58/9a2202e9-fbbb-4a26-8e8e-648a8de188cc.xlsx""]","[""2026-10-07""]",named_field,,3年,Chinese,,（全日制）马克思主义社会学,,,
fudan-m-cn-058,3,Fudan University,master,2026,prior_cycle_catalogue,"[""fudan-m-cn""]","[""https://iso.fudan.edu.cn/_upload/article/files/3c/15/bb921fc24d0e82871d80687d0c58/9a2202e9-fbbb-4a26-8e8e-648a8de188cc.xlsx""]","[""2026-10-07""]",named_field,,3年,Chinese,,（全日制）人口学,,,
fudan-m-cn-058,4,Fudan University,master,2026,prior_cycle_catalogue,"[""fudan-m-cn""]","[""https://iso.fudan.edu.cn/_upload/article/files/3c/15/bb921fc24d0e82871d80687d0c58/9a2202e9-fbbb-4a26-8e8e-648a8de188cc.xlsx""]","[""2026-10-07""]",named_field,,3年,Chinese,,（全日制）人类学,,,
fudan-m-cn-058,5,Fudan University,master,2026,prior_cycle_catalogue,"[""fudan-m-cn""]","[""https://iso.fudan.edu.cn/_upload/article/files/3c/15/bb921fc24d0e82871d80687d0c58/9a2202e9-fbbb-4a26-8e8e-648a8de188cc.xlsx""]","[""2026-10-07""]",named_field,,3年,Chinese,,（全日制）老年学,,,
fudan-m-cn-058,6,Fudan University,master,2026,prior_cycle_catalogue,"[""fudan-m-cn""]","[""https://iso.fudan.edu.cn/_upload/article/files/3c/15/bb921fc24d0e82871d80687d0c58/9a2202e9-fbbb-4a26-8e8e-648a8de188cc.xlsx""]","[""2026-10-07""]",named_field,,3年,Chinese,,（全日制）社会工作学,,,
fudan-m-cn-059,1,Fudan University,master,2026,prior_cycle_catalogue,"[""fudan-m-cn""]","[""https://iso.fudan.edu.cn/_upload/article/files/3c/15/bb921fc24d0e82871d80687d0c58/9a2202e9-fbbb-4a26-8e8e-648a8de188cc.xlsx""]","[""2026-10-07""]",named_field,,2年,Chinese,,（全日制）临床社会工作,,,
fudan-m-cn-059,2,Fudan University,master,2026,prior_cycle_catalogue,"[""fudan-m-cn""]","[""https://iso.fudan.edu.cn/_upload/article/files/3c/15/bb921fc24d0e82871d80687d0c58/9a2202e9-fbbb-4a26-8e8e-648a8de188cc.xlsx""]","[""2026-10-07""]",named_field,,2年,Chinese,,（全日制）社会服务管理,,,
fudan-m-cn-059,3,Fudan University,master,2026,prior_cycle_catalogue,"[""fudan-m-cn""]","[""https://iso.fudan.edu.cn/_upload/article/files/3c/15/bb921fc24d0e82871d80687d0c58/9a2202e9-fbbb-4a26-8e8e-648a8de188cc.xlsx""]","[""2026-10-07""]",named_field,,2年,Chinese,,（全日制）社会福利政策,,,
fudan-m-cn-060,1,Fudan University,master,2026,prior_cycle_catalogue,"[""fudan-m-cn""]","[""https://iso.fudan.edu.cn/_upload/article/files/3c/15/bb921fc24d0e82871d80687d0c58/9a2202e9-fbbb-4a26-8e8e-648a8de188cc.xlsx""]","[""2026-10-07""]",named_field,,3年,Chinese,,（全日制）基础心理学,,,
fudan-m-cn-060,2,Fudan University,master,2026,prior_cycle_catalogue,"[""fudan-m-cn""]","[""https://iso.fudan.edu.cn/_upload/article/files/3c/15/bb921fc24d0e82871d80687d0c58/9a2202e9-fbbb-4a26-8e8e-648a8de188cc.xlsx""]","[""2026-10-07""]",named_field,,3年,Chinese,,（全日制）社会心理学,,,
fudan-m-cn-060,3,Fudan University,master,2026,prior_cycle_catalogue,"[""fudan-m-cn""]","[""https://iso.fudan.edu.cn/_upload/article/files/3c/15/bb921fc24d0e82871d80687d0c58/9a2202e9-fbbb-4a26-8e8e-648a8de188cc.xlsx""]","[""2026-10-07""]",named_field,,3年,Chinese,,（全日制）临床心理学,,,
fudan-m-cn-060,4,Fudan University,master,2026,prior_cycle_catalogue,"[""fudan-m-cn""]","[""https://iso.fudan.edu.cn/_upload/article/files/3c/15/bb921fc24d0e82871d80687d0c58/9a2202e9-fbbb-4a26-8e8e-648a8de188cc.xlsx""]","[""2026-10-07""]",named_field,,3年,Chinese,,（全日制）发展与教育心理学,,,
fudan-m-cn-061,1,Fudan University,master,2026,prior_cycle_catalogue,"[""fudan-m-cn""]","[""https://iso.fudan.edu.cn/_upload/article/files/3c/15/bb921fc24d0e82871d80687d0c58/9a2202e9-fbbb-4a26-8e8e-648a8de188cc.xlsx""]","[""2026-10-07""]",named_field,,2年,Chinese,,（全日制）健康与咨询,,,
fudan-m-cn-061,2,Fudan University,master,2026,prior_cycle_catalogue,"[""fudan-m-cn""]","[""https://iso.fudan.edu.cn/_upload/article/files/3c/15/bb921fc24d0e82871d80687d0c58/9a2202e9-fbbb-4a26-8e8e-648a8de188cc.xlsx""]","[""2026-10-07""]",named_field,,2年,Chinese,,（全日制）社会与工程心理,,,
fudan-m-cn-062,1,Fudan University,master,2026,prior_cycle_catalogue,"[""fudan-m-cn""]","[""https://iso.fudan.edu.cn/_upload/article/files/3c/15/bb921fc24d0e82871d80687d0c58/9a2202e9-fbbb-4a26-8e8e-648a8de188cc.xlsx""]","[""2026-10-07""]",named_field,,3年,Chinese,,（全日制）社会保障,,,
fudan-m-cn-063,1,Fudan University,master,2026,prior_cycle_catalogue,"[""fudan-m-cn""]","[""https://iso.fudan.edu.cn/_upload/article/files/3c/15/bb921fc24d0e82871d80687d0c58/9a2202e9-fbbb-4a26-8e8e-648a8de188cc.xlsx""]","[""2026-10-07""]",named_field,,2年,Chinese,,（全日制）社会不平等与反贫困政策,,,
fudan-m-cn-063,2,Fudan University,master,2026,prior_cycle_catalogue,"[""fudan-m-cn""]","[""https://iso.fudan.edu.cn/_upload/article/files/3c/15/bb921fc24d0e82871d80687d0c58/9a2202e9-fbbb-4a26-8e8e-648a8de188cc.xlsx""]","[""2026-10-07""]",named_field,,2年,Chinese,,（全日制）大数据与社会治理,,,
fudan-m-cn-063,3,Fudan University,master,2026,prior_cycle_catalogue,"[""fudan-m-cn""]","[""https://iso.fudan.edu.cn/_upload/article/files/3c/15/bb921fc24d0e82871d80687d0c58/9a2202e9-fbbb-4a26-8e8e-648a8de188cc.xlsx""]","[""2026-10-07""]",named_field,,2年,Chinese,,（全日制）人口与健康政策,,,
fudan-m-cn-063,4,Fudan University,master,2026,prior_cycle_catalogue,"[""fudan-m-cn""]","[""https://iso.fudan.edu.cn/_upload/article/files/3c/15/bb921fc24d0e82871d80687d0c58/9a2202e9-fbbb-4a26-8e8e-648a8de188cc.xlsx""]","[""2026-10-07""]",named_field,,2年,Chinese,,（全日制）家庭与老龄政策,,,
fudan-m-cn-063,5,Fudan University,master,2026,prior_cycle_catalogue,"[""fudan-m-cn""]","[""https://iso.fudan.edu.cn/_upload/article/files/3c/15/bb921fc24d0e82871d80687d0c58/9a2202e9-fbbb-4a26-8e8e-648a8de188cc.xlsx""]","[""2026-10-07""]",named_field,,2年,Chinese,,（全日制）社会调查与社会政策评估,,,
fudan-m-cn-064,1,Fudan University,master,2026,prior_cycle_catalogue,"[""fudan-m-cn""]","[""https://iso.fudan.edu.cn/_upload/article/files/3c/15/bb921fc24d0e82871d80687d0c58/9a2202e9-fbbb-4a26-8e8e-648a8de188cc.xlsx""]","[""2026-10-07""]",named_field,,3年,Chinese,,（全日制）环境化学,,,
fudan-m-cn-064,2,Fudan University,master,2026,prior_cycle_catalogue,"[""fudan-m-cn""]","[""https://iso.fudan.edu.cn/_upload/article/files/3c/15/bb921fc24d0e82871d80687d0c58/9a2202e9-fbbb-4a26-8e8e-648a8de188cc.xlsx""]","[""2026-10-07""]",named_field,,3年,Chinese,,（全日制）大气环境,,,
fudan-m-cn-064,3,Fudan University,master,2026,prior_cycle_catalogue,"[""fudan-m-cn""]","[""https://iso.fudan.edu.cn/_upload/article/files/3c/15/bb921fc24d0e82871d80687d0c58/9a2202e9-fbbb-4a26-8e8e-648a8de188cc.xlsx""]","[""2026-10-07""]",named_field,,3年,Chinese,,（全日制）生物地球化学循环与全球变化,,,
fudan-m-cn-064,4,Fudan University,master,2026,prior_cycle_catalogue,"[""fudan-m-cn""]","[""https://iso.fudan.edu.cn/_upload/article/files/3c/15/bb921fc24d0e82871d80687d0c58/9a2202e9-fbbb-4a26-8e8e-648a8de188cc.xlsx""]","[""2026-10-07""]",named_field,,3年,Chinese,,（全日制）城市生态与环境生物技术,,,
fudan-m-cn-064,5,Fudan University,master,2026,prior_cycle_catalogue,"[""fudan-m-cn""]","[""https://iso.fudan.edu.cn/_upload/article/files/3c/15/bb921fc24d0e82871d80687d0c58/9a2202e9-fbbb-4a26-8e8e-648a8de188cc.xlsx""]","[""2026-10-07""]",named_field,,3年,Chinese,,（全日制）环境遥感与环境信息系统,,,
fudan-m-cn-064,6,Fudan University,master,2026,prior_cycle_catalogue,"[""fudan-m-cn""]","[""https://iso.fudan.edu.cn/_upload/article/files/3c/15/bb921fc24d0e82871d80687d0c58/9a2202e9-fbbb-4a26-8e8e-648a8de188cc.xlsx""]","[""2026-10-07""]",named_field,,3年,Chinese,,（全日制）环境与健康,,,
fudan-m-cn-064,7,Fudan University,master,2026,prior_cycle_catalogue,"[""fudan-m-cn""]","[""https://iso.fudan.edu.cn/_upload/article/files/3c/15/bb921fc24d0e82871d80687d0c58/9a2202e9-fbbb-4a26-8e8e-648a8de188cc.xlsx""]","[""2026-10-07""]",named_field,,3年,Chinese,,（全日制）环境生态学,,,
fudan-m-cn-064,8,Fudan University,master,2026,prior_cycle_catalogue,"[""fudan-m-cn""]","[""https://iso.fudan.edu.cn/_upload/article/files/3c/15/bb921fc24d0e82871d80687d0c58/9a2202e9-fbbb-4a26-8e8e-648a8de188cc.xlsx""]","[""2026-10-07""]",named_field,,3年,Chinese,,（全日制）流域污染控制技术与工程,,,
fudan-m-cn-064,9,Fudan University,master,2026,prior_cycle_catalogue,"[""fudan-m-cn""]","[""https://iso.fudan.edu.cn/_upload/article/files/3c/15/bb921fc24d0e82871d80687d0c58/9a2202e9-fbbb-4a26-8e8e-648a8de188cc.xlsx""]","[""2026-10-07""]",named_field,,3年,Chinese,,（全日制）城镇水处理及水污染控制技术与工程,,,
fudan-m-cn-064,10,Fudan University,master,2026,prior_cycle_catalogue,"[""fudan-m-cn""]","[""https://iso.fudan.edu.cn/_upload/article/files/3c/15/bb921fc24d0e82871d80687d0c58/9a2202e9-fbbb-4a26-8e8e-648a8de188cc.xlsx""]","[""2026-10-07""]",named_field,,3年,Chinese,,（全日制）大气污染控制技术与工程,,,
fudan-m-cn-064,11,Fudan University,master,2026,prior_cycle_catalogue,"[""fudan-m-cn""]","[""https://iso.fudan.edu.cn/_upload/article/files/3c/15/bb921fc24d0e82871d80687d0c58/9a2202e9-fbbb-4a26-8e8e-648a8de188cc.xlsx""]","[""2026-10-07""]",named_field,,3年,Chinese,,（全日制）固废污染控制与资源化,,,
fudan-m-cn-064,12,Fudan University,master,2026,prior_cycle_catalogue,"[""fudan-m-cn""]","[""https://iso.fudan.edu.cn/_upload/article/files/3c/15/bb921fc24d0e82871d80687d0c58/9a2202e9-fbbb-4a26-8e8e-648a8de188cc.xlsx""]","[""2026-10-07""]",named_field,,3年,Chinese,,（全日制）水土环境界面过程与调控,,,
fudan-m-cn-064,13,Fudan University,master,2026,prior_cycle_catalogue,"[""fudan-m-cn""]","[""https://iso.fudan.edu.cn/_upload/article/files/3c/15/bb921fc24d0e82871d80687d0c58/9a2202e9-fbbb-4a26-8e8e-648a8de188cc.xlsx""]","[""2026-10-07""]",named_field,,3年,Chinese,,（全日制）气候变化与环境,,,
fudan-m-cn-064,14,Fudan University,master,2026,prior_cycle_catalogue,"[""fudan-m-cn""]","[""https://iso.fudan.edu.cn/_upload/article/files/3c/15/bb921fc24d0e82871d80687d0c58/9a2202e9-fbbb-4a26-8e8e-648a8de188cc.xlsx""]","[""2026-10-07""]",named_field,,3年,Chinese,,（全日制）碳中和环境,,,
fudan-m-cn-065,1,Fudan University,master,2026,prior_cycle_catalogue,"[""fudan-m-cn""]","[""https://iso.fudan.edu.cn/_upload/article/files/3c/15/bb921fc24d0e82871d80687d0c58/9a2202e9-fbbb-4a26-8e8e-648a8de188cc.xlsx""]","[""2026-10-07""]",named_field,,3年,Chinese,,（全日制）污染控制技术与工程Ⅰ,,,
fudan-m-cn-065,2,Fudan University,master,2026,prior_cycle_catalogue,"[""fudan-m-cn""]","[""https://iso.fudan.edu.cn/_upload/article/files/3c/15/bb921fc24d0e82871d80687d0c58/9a2202e9-fbbb-4a26-8e8e-648a8de188cc.xlsx""]","[""2026-10-07""]",named_field,,3年,Chinese,,（全日制）环境监测技术Ⅰ,,,
fudan-m-cn-065,3,Fudan University,master,2026,prior_cycle_catalogue,"[""fudan-m-cn""]","[""https://iso.fudan.edu.cn/_upload/article/files/3c/15/bb921fc24d0e82871d80687d0c58/9a2202e9-fbbb-4a26-8e8e-648a8de188cc.xlsx""]","[""2026-10-07""]",named_field,,3年,Chinese,,（全日制）清洁生产与循环经济Ⅰ,,,
fudan-m-cn-065,4,Fudan University,master,2026,prior_cycle_catalogue,"[""fudan-m-cn""]","[""https://iso.fudan.edu.cn/_upload/article/files/3c/15/bb921fc24d0e82871d80687d0c58/9a2202e9-fbbb-4a26-8e8e-648a8de188cc.xlsx""]","[""2026-10-07""]",named_field,,3年,Chinese,,（全日制）环境评价与规划Ⅰ,,,
fudan-m-cn-065,5,Fudan University,master,2026,prior_cycle_catalogue,"[""fudan-m-cn""]","[""https://iso.fudan.edu.cn/_upload/article/files/3c/15/bb921fc24d0e82871d80687d0c58/9a2202e9-fbbb-4a26-8e8e-648a8de188cc.xlsx""]","[""2026-10-07""]",named_field,,3年,Chinese,,（全日制）环境健康与安全Ⅰ,,,
fudan-m-cn-065,6,Fudan University,master,2026,prior_cycle_catalogue,"[""fudan-m-cn""]","[""https://iso.fudan.edu.cn/_upload/article/files/3c/15/bb921fc24d0e82871d80687d0c58/9a2202e9-fbbb-4a26-8e8e-648a8de188cc.xlsx""]","[""2026-10-07""]",named_field,,3年,Chinese,,（全日制）环境管理与政策Ⅰ,,,
fudan-m-cn-066,1,Fudan University,master,2026,prior_cycle_catalogue,"[""fudan-m-cn""]","[""https://iso.fudan.edu.cn/_upload/article/files/3c/15/bb921fc24d0e82871d80687d0c58/9a2202e9-fbbb-4a26-8e8e-648a8de188cc.xlsx""]","[""2026-10-07""]",named_field,,3年,Chinese,,（全日制）环境规划与管理,,,
fudan-m-cn-066,2,Fudan University,master,2026,prior_cycle_catalogue,"[""fudan-m-cn""]","[""https://iso.fudan.edu.cn/_upload/article/files/3c/15/bb921fc24d0e82871d80687d0c58/9a2202e9-fbbb-4a26-8e8e-648a8de188cc.xlsx""]","[""2026-10-07""]",named_field,,3年,Chinese,,（全日制）环境与可持续：价值观与行为,,,
fudan-m-cn-066,3,Fudan University,master,2026,prior_cycle_catalogue,"[""fudan-m-cn""]","[""https://iso.fudan.edu.cn/_upload/article/files/3c/15/bb921fc24d0e82871d80687d0c58/9a2202e9-fbbb-4a26-8e8e-648a8de188cc.xlsx""]","[""2026-10-07""]",named_field,,3年,Chinese,,（全日制）城市规划与环境设计,,,
fudan-m-cn-066,4,Fudan University,master,2026,prior_cycle_catalogue,"[""fudan-m-cn""]","[""https://iso.fudan.edu.cn/_upload/article/files/3c/15/bb921fc24d0e82871d80687d0c58/9a2202e9-fbbb-4a26-8e8e-648a8de188cc.xlsx""]","[""2026-10-07""]",named_field,,3年,Chinese,,（全日制）气候变化与低碳发展,,,
fudan-m-cn-067,1,Fudan University,master,2026,prior_cycle_catalogue,"[""fudan-m-cn""]","[""https://iso.fudan.edu.cn/_upload/article/files/3c/15/bb921fc24d0e82871d80687d0c58/9a2202e9-fbbb-4a26-8e8e-648a8de188cc.xlsx""]","[""2026-10-07""]",named_field,,3年,Chinese,,（全日制）历史地理学,,,
fudan-m-cn-068,1,Fudan University,master,2026,prior_cycle_catalogue,"[""fudan-m-cn""]","[""https://iso.fudan.edu.cn/_upload/article/files/3c/15/bb921fc24d0e82871d80687d0c58/9a2202e9-fbbb-4a26-8e8e-648a8de188cc.xlsx""]","[""2026-10-07""]",named_field,,3年,Chinese,,（全日制）国际中文教育,,,
fudan-m-cn-069,1,Fudan University,master,2026,prior_cycle_catalogue,"[""fudan-m-cn""]","[""https://iso.fudan.edu.cn/_upload/article/files/3c/15/bb921fc24d0e82871d80687d0c58/9a2202e9-fbbb-4a26-8e8e-648a8de188cc.xlsx""]","[""2026-10-07""]",named_field,,3年,Chinese,,（全日制）古籍保护与修复,,,
fudan-m-cn-069,2,Fudan University,master,2026,prior_cycle_catalogue,"[""fudan-m-cn""]","[""https://iso.fudan.edu.cn/_upload/article/files/3c/15/bb921fc24d0e82871d80687d0c58/9a2202e9-fbbb-4a26-8e8e-648a8de188cc.xlsx""]","[""2026-10-07""]",named_field,,3年,Chinese,,（全日制）地方文献保护与索引研究,,,
fudan-m-cn-069,3,Fudan University,master,2026,prior_cycle_catalogue,"[""fudan-m-cn""]","[""https://iso.fudan.edu.cn/_upload/article/files/3c/15/bb921fc24d0e82871d80687d0c58/9a2202e9-fbbb-4a26-8e8e-648a8de188cc.xlsx""]","[""2026-10-07""]",named_field,,3年,Chinese,,（全日制）纸质文物保护与修复,,,
fudan-m-cn-069,4,Fudan University,master,2026,prior_cycle_catalogue,"[""fudan-m-cn""]","[""https://iso.fudan.edu.cn/_upload/article/files/3c/15/bb921fc24d0e82871d80687d0c58/9a2202e9-fbbb-4a26-8e8e-648a8de188cc.xlsx""]","[""2026-10-07""]",named_field,,3年,Chinese,,（全日制）信息服务与情报分析,,,
fudan-m-cn-069,5,Fudan University,master,2026,prior_cycle_catalogue,"[""fudan-m-cn""]","[""https://iso.fudan.edu.cn/_upload/article/files/3c/15/bb921fc24d0e82871d80687d0c58/9a2202e9-fbbb-4a26-8e8e-648a8de188cc.xlsx""]","[""2026-10-07""]",named_field,,3年,Chinese,,（全日制）现代图书馆管理,,,
fudan-m-cn-069,6,Fudan University,master,2026,prior_cycle_catalogue,"[""fudan-m-cn""]","[""https://iso.fudan.edu.cn/_upload/article/files/3c/15/bb921fc24d0e82871d80687d0c58/9a2202e9-fbbb-4a26-8e8e-648a8de188cc.xlsx""]","[""2026-10-07""]",named_field,,3年,Chinese,,（全日制）数据管理与应用,,,
fudan-m-cn-069,7,Fudan University,master,2026,prior_cycle_catalogue,"[""fudan-m-cn""]","[""https://iso.fudan.edu.cn/_upload/article/files/3c/15/bb921fc24d0e82871d80687d0c58/9a2202e9-fbbb-4a26-8e8e-648a8de188cc.xlsx""]","[""2026-10-07""]",named_field,,3年,Chinese,,（全日制）数据分析与评价,,,
fudan-m-cn-070,1,Fudan University,master,2026,prior_cycle_catalogue,"[""fudan-m-cn""]","[""https://iso.fudan.edu.cn/_upload/article/files/3c/15/bb921fc24d0e82871d80687d0c58/9a2202e9-fbbb-4a26-8e8e-648a8de188cc.xlsx""]","[""2026-10-07""]",named_field,,2年,Chinese,,（全日制）统计建模与推断,,,
fudan-m-cn-070,2,Fudan University,master,2026,prior_cycle_catalogue,"[""fudan-m-cn""]","[""https://iso.fudan.edu.cn/_upload/article/files/3c/15/bb921fc24d0e82871d80687d0c58/9a2202e9-fbbb-4a26-8e8e-648a8de188cc.xlsx""]","[""2026-10-07""]",named_field,,2年,Chinese,,（全日制）统计机器学习,,,
fudan-m-cn-071,1,Fudan University,master,2026,prior_cycle_catalogue,"[""fudan-m-cn""]","[""https://iso.fudan.edu.cn/_upload/article/files/3c/15/bb921fc24d0e82871d80687d0c58/9a2202e9-fbbb-4a26-8e8e-648a8de188cc.xlsx""]","[""2026-10-07""]",named_field,,3年,Chinese,,（全日制）计算系统生物学与智能复杂系统,,,
fudan-m-cn-072,1,Fudan University,master,2026,prior_cycle_catalogue,"[""fudan-m-cn""]","[""https://iso.fudan.edu.cn/_upload/article/files/3c/15/bb921fc24d0e82871d80687d0c58/9a2202e9-fbbb-4a26-8e8e-648a8de188cc.xlsx""]","[""2026-10-07""]",named_field,,3年,Chinese,,（全日制）生物医学影像与工程,,,
fudan-m-cn-072,2,Fudan University,master,2026,prior_cycle_catalogue,"[""fudan-m-cn""]","[""https://iso.fudan.edu.cn/_upload/article/files/3c/15/bb921fc24d0e82871d80687d0c58/9a2202e9-fbbb-4a26-8e8e-648a8de188cc.xlsx""]","[""2026-10-07""]",named_field,,3年,Chinese,,（全日制）类脑智能算法与应用,,,
fudan-m-cn-073,1,Fudan University,master,2026,prior_cycle_catalogue,"[""fudan-m-cn""]","[""https://iso.fudan.edu.cn/_upload/article/files/3c/15/bb921fc24d0e82871d80687d0c58/9a2202e9-fbbb-4a26-8e8e-648a8de188cc.xlsx""]","[""2026-10-07""]",named_field,,3年,Chinese,,（全日制）中枢神经系统对心血管及呼吸系统功能的调节,,,
fudan-m-cn-073,2,Fudan University,master,2026,prior_cycle_catalogue,"[""fudan-m-cn""]","[""https://iso.fudan.edu.cn/_upload/article/files/3c/15/bb921fc24d0e82871d80687d0c58/9a2202e9-fbbb-4a26-8e8e-648a8de188cc.xlsx""]","[""2026-10-07""]",named_field,,3年,Chinese,,（全日制）肾脏生理及急慢性肾损伤机制,,,
fudan-m-cn-073,3,Fudan University,master,2026,prior_cycle_catalogue,"[""fudan-m-cn""]","[""https://iso.fudan.edu.cn/_upload/article/files/3c/15/bb921fc24d0e82871d80687d0c58/9a2202e9-fbbb-4a26-8e8e-648a8de188cc.xlsx""]","[""2026-10-07""]",named_field,,3年,Chinese,,（全日制）心血管系统功能与疾病的调控机制,,,
fudan-m-cn-074,1,Fudan University,master,2026,prior_cycle_catalogue,"[""fudan-m-cn""]","[""https://iso.fudan.edu.cn/_upload/article/files/3c/15/bb921fc24d0e82871d80687d0c58/9a2202e9-fbbb-4a26-8e8e-648a8de188cc.xlsx""]","[""2026-10-07""]",named_field,,3年,Chinese,,（全日制）脑卒中急性损伤的保护与再生修复的机制,,,
fudan-m-cn-074,2,Fudan University,master,2026,prior_cycle_catalogue,"[""fudan-m-cn""]","[""https://iso.fudan.edu.cn/_upload/article/files/3c/15/bb921fc24d0e82871d80687d0c58/9a2202e9-fbbb-4a26-8e8e-648a8de188cc.xlsx""]","[""2026-10-07""]",named_field,,3年,Chinese,,（全日制）睡眠-觉醒调控机制,,,
fudan-m-cn-074,3,Fudan University,master,2026,prior_cycle_catalogue,"[""fudan-m-cn""]","[""https://iso.fudan.edu.cn/_upload/article/files/3c/15/bb921fc24d0e82871d80687d0c58/9a2202e9-fbbb-4a26-8e8e-648a8de188cc.xlsx""]","[""2026-10-07""]",named_field,,3年,Chinese,,（全日制）神经免疫与神经退行性病,,,
fudan-m-cn-075,1,Fudan University,master,2026,prior_cycle_catalogue,"[""fudan-m-cn""]","[""https://iso.fudan.edu.cn/_upload/article/files/3c/15/bb921fc24d0e82871d80687d0c58/9a2202e9-fbbb-4a26-8e8e-648a8de188cc.xlsx""]","[""2026-10-07""]",named_field,,3年,Chinese,,（全日制）代谢与疾病,,,
fudan-m-cn-075,2,Fudan University,master,2026,prior_cycle_catalogue,"[""fudan-m-cn""]","[""https://iso.fudan.edu.cn/_upload/article/files/3c/15/bb921fc24d0e82871d80687d0c58/9a2202e9-fbbb-4a26-8e8e-648a8de188cc.xlsx""]","[""2026-10-07""]",named_field,,3年,Chinese,,（全日制）糖生物学与疾病,,,
fudan-m-cn-075,3,Fudan University,master,2026,prior_cycle_catalogue,"[""fudan-m-cn""]","[""https://iso.fudan.edu.cn/_upload/article/files/3c/15/bb921fc24d0e82871d80687d0c58/9a2202e9-fbbb-4a26-8e8e-648a8de188cc.xlsx""]","[""2026-10-07""]",named_field,,3年,Chinese,,（全日制）生物治疗的分子基础与转化,,,
fudan-m-cn-076,1,Fudan University,master,2026,prior_cycle_catalogue,"[""fudan-m-cn""]","[""https://iso.fudan.edu.cn/_upload/article/files/3c/15/bb921fc24d0e82871d80687d0c58/9a2202e9-fbbb-4a26-8e8e-648a8de188cc.xlsx""]","[""2026-10-07""]",named_field,,3年,Chinese,,（全日制）病原微生物持续感染形成和维持机制,,,
fudan-m-cn-076,2,Fudan University,master,2026,prior_cycle_catalogue,"[""fudan-m-cn""]","[""https://iso.fudan.edu.cn/_upload/article/files/3c/15/bb921fc24d0e82871d80687d0c58/9a2202e9-fbbb-4a26-8e8e-648a8de188cc.xlsx""]","[""2026-10-07""]",named_field,,3年,Chinese,,（全日制）新发突发传染病病原体的鉴定,,,
fudan-m-cn-076,3,Fudan University,master,2026,prior_cycle_catalogue,"[""fudan-m-cn""]","[""https://iso.fudan.edu.cn/_upload/article/files/3c/15/bb921fc24d0e82871d80687d0c58/9a2202e9-fbbb-4a26-8e8e-648a8de188cc.xlsx""]","[""2026-10-07""]",named_field,,3年,Chinese,,（全日制）病原微生物的传播、致病及耐药机制,,,
fudan-m-cn-076,4,Fudan University,master,2026,prior_cycle_catalogue,"[""fudan-m-cn""]","[""https://iso.fudan.edu.cn/_upload/article/files/3c/15/bb921fc24d0e82871d80687d0c58/9a2202e9-fbbb-4a26-8e8e-648a8de188cc.xlsx""]","[""2026-10-07""]",named_field,,3年,Chinese,,（全日制）病原微生物感染的防治新策略和新技术,,,
fudan-m-cn-077,1,Fudan University,master,2026,prior_cycle_catalogue,"[""fudan-m-cn""]","[""https://iso.fudan.edu.cn/_upload/article/files/3c/15/bb921fc24d0e82871d80687d0c58/9a2202e9-fbbb-4a26-8e8e-648a8de188cc.xlsx""]","[""2026-10-07""]",named_field,,3年,Chinese,,（全日制）代谢与疾病,,,
fudan-m-cn-078,1,Fudan University,master,2026,prior_cycle_catalogue,"[""fudan-m-cn""]","[""https://iso.fudan.edu.cn/_upload/article/files/3c/15/bb921fc24d0e82871d80687d0c58/9a2202e9-fbbb-4a26-8e8e-648a8de188cc.xlsx""]","[""2026-10-07""]",named_field,,3年,Chinese,,（全日制）医疗机器人,,,
fudan-m-cn-078,2,Fudan University,master,2026,prior_cycle_catalogue,"[""fudan-m-cn""]","[""https://iso.fudan.edu.cn/_upload/article/files/3c/15/bb921fc24d0e82871d80687d0c58/9a2202e9-fbbb-4a26-8e8e-648a8de188cc.xlsx""]","[""2026-10-07""]",named_field,,3年,Chinese,,（全日制）智能医学信息处理,,,
fudan-m-cn-079,1,Fudan University,master,2026,prior_cycle_catalogue,"[""fudan-m-cn""]","[""https://iso.fudan.edu.cn/_upload/article/files/3c/15/bb921fc24d0e82871d80687d0c58/9a2202e9-fbbb-4a26-8e8e-648a8de188cc.xlsx""]","[""2026-10-07""]",named_field,,3年,Chinese,,（全日制）疾病表观遗传,,,
fudan-m-cn-080,1,Fudan University,master,2026,prior_cycle_catalogue,"[""fudan-m-cn""]","[""https://iso.fudan.edu.cn/_upload/article/files/3c/15/bb921fc24d0e82871d80687d0c58/9a2202e9-fbbb-4a26-8e8e-648a8de188cc.xlsx""]","[""2026-10-07""]",named_field,,3年,Chinese,,（全日制）针药改善疼痛/痒/感觉异常的神经免疫环路机制,,,
fudan-m-cn-080,2,Fudan University,master,2026,prior_cycle_catalogue,"[""fudan-m-cn""]","[""https://iso.fudan.edu.cn/_upload/article/files/3c/15/bb921fc24d0e82871d80687d0c58/9a2202e9-fbbb-4a26-8e8e-648a8de188cc.xlsx""]","[""2026-10-07""]",named_field,,3年,Chinese,,（全日制）针药改善抑郁/神经退行病的神经免疫环路机制,,,
fudan-m-cn-080,3,Fudan University,master,2026,prior_cycle_catalogue,"[""fudan-m-cn""]","[""https://iso.fudan.edu.cn/_upload/article/files/3c/15/bb921fc24d0e82871d80687d0c58/9a2202e9-fbbb-4a26-8e8e-648a8de188cc.xlsx""]","[""2026-10-07""]",named_field,,3年,Chinese,,（全日制）针药治疗生殖/老年疾病的神经内分泌免疫机制,,,
fudan-m-cn-081,1,Fudan University,master,2026,prior_cycle_catalogue,"[""fudan-m-cn""]","[""https://iso.fudan.edu.cn/_upload/article/files/3c/15/bb921fc24d0e82871d80687d0c58/9a2202e9-fbbb-4a26-8e8e-648a8de188cc.xlsx""]","[""2026-10-07""]",named_field,,3年,Chinese,,（全日制）人工智能技术在医学中的应用,,,
fudan-m-cn-081,2,Fudan University,master,2026,prior_cycle_catalogue,"[""fudan-m-cn""]","[""https://iso.fudan.edu.cn/_upload/article/files/3c/15/bb921fc24d0e82871d80687d0c58/9a2202e9-fbbb-4a26-8e8e-648a8de188cc.xlsx""]","[""2026-10-07""]",named_field,,3年,Chinese,,（全日制）医学图像处理与计算机辅助手术,,,
fudan-m-cn-081,3,Fudan University,master,2026,prior_cycle_catalogue,"[""fudan-m-cn""]","[""https://iso.fudan.edu.cn/_upload/article/files/3c/15/bb921fc24d0e82871d80687d0c58/9a2202e9-fbbb-4a26-8e8e-648a8de188cc.xlsx""]","[""2026-10-07""]",named_field,,3年,Chinese,,（全日制）智能影像处理及计算机辅助诊断,,,
fudan-m-cn-082,1,Fudan University,master,2026,prior_cycle_catalogue,"[""fudan-m-cn""]","[""https://iso.fudan.edu.cn/_upload/article/files/3c/15/bb921fc24d0e82871d80687d0c58/9a2202e9-fbbb-4a26-8e8e-648a8de188cc.xlsx""]","[""2026-10-07""]",named_field,,3年,Chinese,,（全日制）重大传染病和生物安全的流行病学,,,
fudan-m-cn-082,2,Fudan University,master,2026,prior_cycle_catalogue,"[""fudan-m-cn""]","[""https://iso.fudan.edu.cn/_upload/article/files/3c/15/bb921fc24d0e82871d80687d0c58/9a2202e9-fbbb-4a26-8e8e-648a8de188cc.xlsx""]","[""2026-10-07""]",named_field,,3年,Chinese,,（全日制）重大传染病和生物安全的相关生物学和基础医学,,,
fudan-m-cn-082,3,Fudan University,master,2026,prior_cycle_catalogue,"[""fudan-m-cn""]","[""https://iso.fudan.edu.cn/_upload/article/files/3c/15/bb921fc24d0e82871d80687d0c58/9a2202e9-fbbb-4a26-8e8e-648a8de188cc.xlsx""]","[""2026-10-07""]",named_field,,3年,Chinese,,（全日制）重大传染病和生物安全的相关临床医学,,,
fudan-m-cn-082,4,Fudan University,master,2026,prior_cycle_catalogue,"[""fudan-m-cn""]","[""https://iso.fudan.edu.cn/_upload/article/files/3c/15/bb921fc24d0e82871d80687d0c58/9a2202e9-fbbb-4a26-8e8e-648a8de188cc.xlsx""]","[""2026-10-07""]",named_field,,3年,Chinese,,（全日制）重大传染病和生物安全的应急和社会治理,,,
fudan-m-cn-082,5,Fudan University,master,2026,prior_cycle_catalogue,"[""fudan-m-cn""]","[""https://iso.fudan.edu.cn/_upload/article/files/3c/15/bb921fc24d0e82871d80687d0c58/9a2202e9-fbbb-4a26-8e8e-648a8de188cc.xlsx""]","[""2026-10-07""]",named_field,,3年,Chinese,,（全日制）生物安全,,,
fudan-m-cn-082,6,Fudan University,master,2026,prior_cycle_catalogue,"[""fudan-m-cn""]","[""https://iso.fudan.edu.cn/_upload/article/files/3c/15/bb921fc24d0e82871d80687d0c58/9a2202e9-fbbb-4a26-8e8e-648a8de188cc.xlsx""]","[""2026-10-07""]",named_field,,3年,Chinese,,（全日制）疫苗研发与评价,,,
fudan-m-cn-082,7,Fudan University,master,2026,prior_cycle_catalogue,"[""fudan-m-cn""]","[""https://iso.fudan.edu.cn/_upload/article/files/3c/15/bb921fc24d0e82871d80687d0c58/9a2202e9-fbbb-4a26-8e8e-648a8de188cc.xlsx""]","[""2026-10-07""]",named_field,,null,Chinese,,（全日制）感染与老龄化,,,
fudan-m-cn-083,1,Fudan University,master,2026,prior_cycle_catalogue,"[""fudan-m-cn""]","[""https://iso.fudan.edu.cn/_upload/article/files/3c/15/bb921fc24d0e82871d80687d0c58/9a2202e9-fbbb-4a26-8e8e-648a8de188cc.xlsx""]","[""2026-10-07""]",named_field,,3年,Chinese,,（全日制）分子与遗传流行病学,,,
fudan-m-cn-083,2,Fudan University,master,2026,prior_cycle_catalogue,"[""fudan-m-cn""]","[""https://iso.fudan.edu.cn/_upload/article/files/3c/15/bb921fc24d0e82871d80687d0c58/9a2202e9-fbbb-4a26-8e8e-648a8de188cc.xlsx""]","[""2026-10-07""]",named_field,,3年,Chinese,,（全日制）慢性非传染性疾病流行病学,,,
fudan-m-cn-083,3,Fudan University,master,2026,prior_cycle_catalogue,"[""fudan-m-cn""]","[""https://iso.fudan.edu.cn/_upload/article/files/3c/15/bb921fc24d0e82871d80687d0c58/9a2202e9-fbbb-4a26-8e8e-648a8de188cc.xlsx""]","[""2026-10-07""]",named_field,,3年,Chinese,,（全日制）医学研究中的统计方法,,,
fudan-m-cn-083,4,Fudan University,master,2026,prior_cycle_catalogue,"[""fudan-m-cn""]","[""https://iso.fudan.edu.cn/_upload/article/files/3c/15/bb921fc24d0e82871d80687d0c58/9a2202e9-fbbb-4a26-8e8e-648a8de188cc.xlsx""]","[""2026-10-07""]",named_field,,3年,Chinese,,（全日制）感染性疾病流行病学,,,
fudan-m-cn-083,5,Fudan University,master,2026,prior_cycle_catalogue,"[""fudan-m-cn""]","[""https://iso.fudan.edu.cn/_upload/article/files/3c/15/bb921fc24d0e82871d80687d0c58/9a2202e9-fbbb-4a26-8e8e-648a8de188cc.xlsx""]","[""2026-10-07""]",named_field,,3年,Chinese,,（全日制）环境流行病学,,,
fudan-m-cn-084,1,Fudan University,master,2026,prior_cycle_catalogue,"[""fudan-m-cn""]","[""https://iso.fudan.edu.cn/_upload/article/files/3c/15/bb921fc24d0e82871d80687d0c58/9a2202e9-fbbb-4a26-8e8e-648a8de188cc.xlsx""]","[""2026-10-07""]",named_field,,3年,Chinese,,（全日制）环境毒理,,,
fudan-m-cn-084,2,Fudan University,master,2026,prior_cycle_catalogue,"[""fudan-m-cn""]","[""https://iso.fudan.edu.cn/_upload/article/files/3c/15/bb921fc24d0e82871d80687d0c58/9a2202e9-fbbb-4a26-8e8e-648a8de188cc.xlsx""]","[""2026-10-07""]",named_field,,3年,Chinese,,（全日制）职业健康安全,,,
fudan-m-cn-084,3,Fudan University,master,2026,prior_cycle_catalogue,"[""fudan-m-cn""]","[""https://iso.fudan.edu.cn/_upload/article/files/3c/15/bb921fc24d0e82871d80687d0c58/9a2202e9-fbbb-4a26-8e8e-648a8de188cc.xlsx""]","[""2026-10-07""]",named_field,,3年,Chinese,,（全日制）环境流行病学,,,
fudan-m-cn-084,4,Fudan University,master,2026,prior_cycle_catalogue,"[""fudan-m-cn""]","[""https://iso.fudan.edu.cn/_upload/article/files/3c/15/bb921fc24d0e82871d80687d0c58/9a2202e9-fbbb-4a26-8e8e-648a8de188cc.xlsx""]","[""2026-10-07""]",named_field,,3年,Chinese,,（全日制）化学物健康风险评估,,,
fudan-m-cn-085,1,Fudan University,master,2026,prior_cycle_catalogue,"[""fudan-m-cn""]","[""https://iso.fudan.edu.cn/_upload/article/files/3c/15/bb921fc24d0e82871d80687d0c58/9a2202e9-fbbb-4a26-8e8e-648a8de188cc.xlsx""]","[""2026-10-07""]",named_field,,3年,Chinese,,（全日制）营养学,,,
fudan-m-cn-085,2,Fudan University,master,2026,prior_cycle_catalogue,"[""fudan-m-cn""]","[""https://iso.fudan.edu.cn/_upload/article/files/3c/15/bb921fc24d0e82871d80687d0c58/9a2202e9-fbbb-4a26-8e8e-648a8de188cc.xlsx""]","[""2026-10-07""]",named_field,,3年,Chinese,,（全日制）食品卫生学,,,
fudan-m-cn-085,3,Fudan University,master,2026,prior_cycle_catalogue,"[""fudan-m-cn""]","[""https://iso.fudan.edu.cn/_upload/article/files/3c/15/bb921fc24d0e82871d80687d0c58/9a2202e9-fbbb-4a26-8e8e-648a8de188cc.xlsx""]","[""2026-10-07""]",named_field,,3年,Chinese,,（全日制）营养流行病学,,,
fudan-m-cn-086,1,Fudan University,master,2026,prior_cycle_catalogue,"[""fudan-m-cn""]","[""https://iso.fudan.edu.cn/_upload/article/files/3c/15/bb921fc24d0e82871d80687d0c58/9a2202e9-fbbb-4a26-8e8e-648a8de188cc.xlsx""]","[""2026-10-07""]",named_field,,3年,Chinese,,（全日制）妇幼保健学,,,
fudan-m-cn-086,2,Fudan University,master,2026,prior_cycle_catalogue,"[""fudan-m-cn""]","[""https://iso.fudan.edu.cn/_upload/article/files/3c/15/bb921fc24d0e82871d80687d0c58/9a2202e9-fbbb-4a26-8e8e-648a8de188cc.xlsx""]","[""2026-10-07""]",named_field,,3年,Chinese,,（全日制）儿少卫生学,,,
fudan-m-cn-087,1,Fudan University,master,2026,prior_cycle_catalogue,"[""fudan-m-cn""]","[""https://iso.fudan.edu.cn/_upload/article/files/3c/15/bb921fc24d0e82871d80687d0c58/9a2202e9-fbbb-4a26-8e8e-648a8de188cc.xlsx""]","[""2026-10-07""]",named_field,,3年,Chinese,,（全日制）农药毒理,,,
fudan-m-cn-087,2,Fudan University,master,2026,prior_cycle_catalogue,"[""fudan-m-cn""]","[""https://iso.fudan.edu.cn/_upload/article/files/3c/15/bb921fc24d0e82871d80687d0c58/9a2202e9-fbbb-4a26-8e8e-648a8de188cc.xlsx""]","[""2026-10-07""]",named_field,,3年,Chinese,,（全日制）分子毒理,,,
fudan-m-cn-087,3,Fudan University,master,2026,prior_cycle_catalogue,"[""fudan-m-cn""]","[""https://iso.fudan.edu.cn/_upload/article/files/3c/15/bb921fc24d0e82871d80687d0c58/9a2202e9-fbbb-4a26-8e8e-648a8de188cc.xlsx""]","[""2026-10-07""]",named_field,,3年,Chinese,,（全日制）免疫毒理,,,
fudan-m-cn-088,1,Fudan University,master,2026,prior_cycle_catalogue,"[""fudan-m-cn""]","[""https://iso.fudan.edu.cn/_upload/article/files/3c/15/bb921fc24d0e82871d80687d0c58/9a2202e9-fbbb-4a26-8e8e-648a8de188cc.xlsx""]","[""2026-10-07""]",named_field,,3年,Chinese,,（全日制）行为、心理与健康,,,
fudan-m-cn-088,2,Fudan University,master,2026,prior_cycle_catalogue,"[""fudan-m-cn""]","[""https://iso.fudan.edu.cn/_upload/article/files/3c/15/bb921fc24d0e82871d80687d0c58/9a2202e9-fbbb-4a26-8e8e-648a8de188cc.xlsx""]","[""2026-10-07""]",named_field,,3年,Chinese,,（全日制）健康传播与健康促进,,,
fudan-m-cn-089,1,Fudan University,master,2026,prior_cycle_catalogue,"[""fudan-m-cn""]","[""https://iso.fudan.edu.cn/_upload/article/files/3c/15/bb921fc24d0e82871d80687d0c58/9a2202e9-fbbb-4a26-8e8e-648a8de188cc.xlsx""]","[""2026-10-07""]",named_field,,3年,Chinese,,（全日制）疾病预防与控制I,,,
fudan-m-cn-089,2,Fudan University,master,2026,prior_cycle_catalogue,"[""fudan-m-cn""]","[""https://iso.fudan.edu.cn/_upload/article/files/3c/15/bb921fc24d0e82871d80687d0c58/9a2202e9-fbbb-4a26-8e8e-648a8de188cc.xlsx""]","[""2026-10-07""]",named_field,,3年,Chinese,,（全日制）环境医学I,,,
fudan-m-cn-089,3,Fudan University,master,2026,prior_cycle_catalogue,"[""fudan-m-cn""]","[""https://iso.fudan.edu.cn/_upload/article/files/3c/15/bb921fc24d0e82871d80687d0c58/9a2202e9-fbbb-4a26-8e8e-648a8de188cc.xlsx""]","[""2026-10-07""]",named_field,,3年,Chinese,,（全日制）妇幼与社区保健I,,,
fudan-m-cn-089,4,Fudan University,master,2026,prior_cycle_catalogue,"[""fudan-m-cn""]","[""https://iso.fudan.edu.cn/_upload/article/files/3c/15/bb921fc24d0e82871d80687d0c58/9a2202e9-fbbb-4a26-8e8e-648a8de188cc.xlsx""]","[""2026-10-07""]",named_field,,3年,Chinese,,（全日制）卫生事业管理I,,,
fudan-m-cn-089,5,Fudan University,master,2026,prior_cycle_catalogue,"[""fudan-m-cn""]","[""https://iso.fudan.edu.cn/_upload/article/files/3c/15/bb921fc24d0e82871d80687d0c58/9a2202e9-fbbb-4a26-8e8e-648a8de188cc.xlsx""]","[""2026-10-07""]",named_field,,3年,Chinese,,（全日制）全球卫生I,,,
fudan-m-cn-089,6,Fudan University,master,2026,prior_cycle_catalogue,"[""fudan-m-cn""]","[""https://iso.fudan.edu.cn/_upload/article/files/3c/15/bb921fc24d0e82871d80687d0c58/9a2202e9-fbbb-4a26-8e8e-648a8de188cc.xlsx""]","[""2026-10-07""]",named_field,,3年,Chinese,,（全日制）卫生应急管理,,,
fudan-m-cn-090,1,Fudan University,master,2026,prior_cycle_catalogue,"[""fudan-m-cn""]","[""https://iso.fudan.edu.cn/_upload/article/files/3c/15/bb921fc24d0e82871d80687d0c58/9a2202e9-fbbb-4a26-8e8e-648a8de188cc.xlsx""]","[""2026-10-07""]",named_field,,3年,Chinese,,（全日制）医院管理与卫生技术评估,,,
fudan-m-cn-090,2,Fudan University,master,2026,prior_cycle_catalogue,"[""fudan-m-cn""]","[""https://iso.fudan.edu.cn/_upload/article/files/3c/15/bb921fc24d0e82871d80687d0c58/9a2202e9-fbbb-4a26-8e8e-648a8de188cc.xlsx""]","[""2026-10-07""]",named_field,,3年,Chinese,,（全日制）卫生经济学与医疗保障,,,
fudan-m-cn-090,3,Fudan University,master,2026,prior_cycle_catalogue,"[""fudan-m-cn""]","[""https://iso.fudan.edu.cn/_upload/article/files/3c/15/bb921fc24d0e82871d80687d0c58/9a2202e9-fbbb-4a26-8e8e-648a8de188cc.xlsx""]","[""2026-10-07""]",named_field,,3年,Chinese,,（全日制）医药卫生政策与系统评价,,,
fudan-m-cn-090,4,Fudan University,master,2026,prior_cycle_catalogue,"[""fudan-m-cn""]","[""https://iso.fudan.edu.cn/_upload/article/files/3c/15/bb921fc24d0e82871d80687d0c58/9a2202e9-fbbb-4a26-8e8e-648a8de188cc.xlsx""]","[""2026-10-07""]",named_field,,3年,Chinese,,（全日制）健康服务与社会卫生策略,,,
fudan-m-cn-090,5,Fudan University,master,2026,prior_cycle_catalogue,"[""fudan-m-cn""]","[""https://iso.fudan.edu.cn/_upload/article/files/3c/15/bb921fc24d0e82871d80687d0c58/9a2202e9-fbbb-4a26-8e8e-648a8de188cc.xlsx""]","[""2026-10-07""]",named_field,,3年,Chinese,,（全日制）医学信息与健康数据科学,,,
fudan-m-cn-091,1,Fudan University,master,2026,prior_cycle_catalogue,"[""fudan-m-cn""]","[""https://iso.fudan.edu.cn/_upload/article/files/3c/15/bb921fc24d0e82871d80687d0c58/9a2202e9-fbbb-4a26-8e8e-648a8de188cc.xlsx""]","[""2026-10-07""]",named_field,,3年,Chinese,,（全日制）卫生政策,,,
fudan-m-cn-091,2,Fudan University,master,2026,prior_cycle_catalogue,"[""fudan-m-cn""]","[""https://iso.fudan.edu.cn/_upload/article/files/3c/15/bb921fc24d0e82871d80687d0c58/9a2202e9-fbbb-4a26-8e8e-648a8de188cc.xlsx""]","[""2026-10-07""]",named_field,,3年,Chinese,,（全日制）卫生应急管理,,,
fudan-m-cn-091,3,Fudan University,master,2026,prior_cycle_catalogue,"[""fudan-m-cn""]","[""https://iso.fudan.edu.cn/_upload/article/files/3c/15/bb921fc24d0e82871d80687d0c58/9a2202e9-fbbb-4a26-8e8e-648a8de188cc.xlsx""]","[""2026-10-07""]",named_field,,3年,Chinese,,（全日制）城市公共卫生治理,,,
fudan-m-cn-091,4,Fudan University,master,2026,prior_cycle_catalogue,"[""fudan-m-cn""]","[""https://iso.fudan.edu.cn/_upload/article/files/3c/15/bb921fc24d0e82871d80687d0c58/9a2202e9-fbbb-4a26-8e8e-648a8de188cc.xlsx""]","[""2026-10-07""]",named_field,,3年,Chinese,,（全日制）卫生社会组织管理,,,
fudan-m-cn-091,5,Fudan University,master,2026,prior_cycle_catalogue,"[""fudan-m-cn""]","[""https://iso.fudan.edu.cn/_upload/article/files/3c/15/bb921fc24d0e82871d80687d0c58/9a2202e9-fbbb-4a26-8e8e-648a8de188cc.xlsx""]","[""2026-10-07""]",named_field,,3年,Chinese,,（全日制）公共卫生政府运行保障管理,,,
fudan-m-cn-092,1,Fudan University,master,2026,prior_cycle_catalogue,"[""fudan-m-cn""]","[""https://iso.fudan.edu.cn/_upload/article/files/3c/15/bb921fc24d0e82871d80687d0c58/9a2202e9-fbbb-4a26-8e8e-648a8de188cc.xlsx""]","[""2026-10-07""]",named_field,,3年,Chinese,,（全日制）药物化学,,,
fudan-m-cn-092,2,Fudan University,master,2026,prior_cycle_catalogue,"[""fudan-m-cn""]","[""https://iso.fudan.edu.cn/_upload/article/files/3c/15/bb921fc24d0e82871d80687d0c58/9a2202e9-fbbb-4a26-8e8e-648a8de188cc.xlsx""]","[""2026-10-07""]",named_field,,3年,Chinese,,（全日制）药剂学,,,
fudan-m-cn-092,3,Fudan University,master,2026,prior_cycle_catalogue,"[""fudan-m-cn""]","[""https://iso.fudan.edu.cn/_upload/article/files/3c/15/bb921fc24d0e82871d80687d0c58/9a2202e9-fbbb-4a26-8e8e-648a8de188cc.xlsx""]","[""2026-10-07""]",named_field,,3年,Chinese,,（全日制）放射药学与分子影像学,,,
fudan-m-cn-092,4,Fudan University,master,2026,prior_cycle_catalogue,"[""fudan-m-cn""]","[""https://iso.fudan.edu.cn/_upload/article/files/3c/15/bb921fc24d0e82871d80687d0c58/9a2202e9-fbbb-4a26-8e8e-648a8de188cc.xlsx""]","[""2026-10-07""]",named_field,,3年,Chinese,,（全日制）天然药物学,,,
fudan-m-cn-092,5,Fudan University,master,2026,prior_cycle_catalogue,"[""fudan-m-cn""]","[""https://iso.fudan.edu.cn/_upload/article/files/3c/15/bb921fc24d0e82871d80687d0c58/9a2202e9-fbbb-4a26-8e8e-648a8de188cc.xlsx""]","[""2026-10-07""]",named_field,,3年,Chinese,,（全日制）生药学,,,
fudan-m-cn-092,6,Fudan University,master,2026,prior_cycle_catalogue,"[""fudan-m-cn""]","[""https://iso.fudan.edu.cn/_upload/article/files/3c/15/bb921fc24d0e82871d80687d0c58/9a2202e9-fbbb-4a26-8e8e-648a8de188cc.xlsx""]","[""2026-10-07""]",named_field,,3年,Chinese,,（全日制）药物分析学,,,
fudan-m-cn-092,7,Fudan University,master,2026,prior_cycle_catalogue,"[""fudan-m-cn""]","[""https://iso.fudan.edu.cn/_upload/article/files/3c/15/bb921fc24d0e82871d80687d0c58/9a2202e9-fbbb-4a26-8e8e-648a8de188cc.xlsx""]","[""2026-10-07""]",named_field,,3年,Chinese,,（全日制）微生物与生化药学,,,
fudan-m-cn-092,8,Fudan University,master,2026,prior_cycle_catalogue,"[""fudan-m-cn""]","[""https://iso.fudan.edu.cn/_upload/article/files/3c/15/bb921fc24d0e82871d80687d0c58/9a2202e9-fbbb-4a26-8e8e-648a8de188cc.xlsx""]","[""2026-10-07""]",named_field,,3年,Chinese,,（全日制）药理学,,,
fudan-m-cn-092,9,Fudan University,master,2026,prior_cycle_catalogue,"[""fudan-m-cn""]","[""https://iso.fudan.edu.cn/_upload/article/files/3c/15/bb921fc24d0e82871d80687d0c58/9a2202e9-fbbb-4a26-8e8e-648a8de188cc.xlsx""]","[""2026-10-07""]",named_field,,3年,Chinese,,（全日制）临床药学,,,
fudan-m-cn-093,1,Fudan University,master,2026,prior_cycle_catalogue,"[""fudan-m-cn""]","[""https://iso.fudan.edu.cn/_upload/article/files/3c/15/bb921fc24d0e82871d80687d0c58/9a2202e9-fbbb-4a26-8e8e-648a8de188cc.xlsx""]","[""2026-10-07""]",named_field,,3年,Chinese,,（全日制）实验动物的应用研究,,,
fudan-m-cn-094,1,Fudan University,master,2026,prior_cycle_catalogue,"[""fudan-m-cn""]","[""https://iso.fudan.edu.cn/_upload/article/files/3c/15/bb921fc24d0e82871d80687d0c58/9a2202e9-fbbb-4a26-8e8e-648a8de188cc.xlsx""]","[""2026-10-07""]",named_field,,3年,Chinese,,（全日制）放射生物学,,,
fudan-m-cn-094,2,Fudan University,master,2026,prior_cycle_catalogue,"[""fudan-m-cn""]","[""https://iso.fudan.edu.cn/_upload/article/files/3c/15/bb921fc24d0e82871d80687d0c58/9a2202e9-fbbb-4a26-8e8e-648a8de188cc.xlsx""]","[""2026-10-07""]",named_field,,3年,Chinese,,（全日制）辐射剂量学与防护,,,
fudan-m-cn-094,3,Fudan University,master,2026,prior_cycle_catalogue,"[""fudan-m-cn""]","[""https://iso.fudan.edu.cn/_upload/article/files/3c/15/bb921fc24d0e82871d80687d0c58/9a2202e9-fbbb-4a26-8e8e-648a8de188cc.xlsx""]","[""2026-10-07""]",named_field,,3年,Chinese,,（全日制）放射药学,,,
fudan-m-cn-094,4,Fudan University,master,2026,prior_cycle_catalogue,"[""fudan-m-cn""]","[""https://iso.fudan.edu.cn/_upload/article/files/3c/15/bb921fc24d0e82871d80687d0c58/9a2202e9-fbbb-4a26-8e8e-648a8de188cc.xlsx""]","[""2026-10-07""]",named_field,,3年,Chinese,,（全日制）环境辐射与健康,,,
fudan-m-cn-094,5,Fudan University,master,2026,prior_cycle_catalogue,"[""fudan-m-cn""]","[""https://iso.fudan.edu.cn/_upload/article/files/3c/15/bb921fc24d0e82871d80687d0c58/9a2202e9-fbbb-4a26-8e8e-648a8de188cc.xlsx""]","[""2026-10-07""]",named_field,,3年,Chinese,,（全日制）放射肿瘤学,,,
fudan-m-cn-095,1,Fudan University,master,2026,prior_cycle_catalogue,"[""fudan-m-cn""]","[""https://iso.fudan.edu.cn/_upload/article/files/3c/15/bb921fc24d0e82871d80687d0c58/9a2202e9-fbbb-4a26-8e8e-648a8de188cc.xlsx""]","[""2026-10-07""]",named_field,,3年,Chinese,,（全日制）基于人体微生物组的疾病检测与干预技术研究,,,
fudan-m-cn-096,1,Fudan University,master,2026,prior_cycle_catalogue,"[""fudan-m-cn""]","[""https://iso.fudan.edu.cn/_upload/article/files/3c/15/bb921fc24d0e82871d80687d0c58/9a2202e9-fbbb-4a26-8e8e-648a8de188cc.xlsx""]","[""2026-10-07""]",named_field,,3年,Chinese,,（全日制）环境与围产及儿童健康,,,
fudan-m-cn-097,1,Fudan University,master,2026,prior_cycle_catalogue,"[""fudan-m-cn""]","[""https://iso.fudan.edu.cn/_upload/article/files/3c/15/bb921fc24d0e82871d80687d0c58/9a2202e9-fbbb-4a26-8e8e-648a8de188cc.xlsx""]","[""2026-10-07""]",named_field,,3年,Chinese,,（全日制）生殖系统疾病及肿瘤治疗药物的研发,,,
fudan-m-cn-097,2,Fudan University,master,2026,prior_cycle_catalogue,"[""fudan-m-cn""]","[""https://iso.fudan.edu.cn/_upload/article/files/3c/15/bb921fc24d0e82871d80687d0c58/9a2202e9-fbbb-4a26-8e8e-648a8de188cc.xlsx""]","[""2026-10-07""]",named_field,,3年,Chinese,,（全日制）泌尿生殖系统疾病病因机制研究及新药研发,,,
fudan-m-cn-097,3,Fudan University,master,2026,prior_cycle_catalogue,"[""fudan-m-cn""]","[""https://iso.fudan.edu.cn/_upload/article/files/3c/15/bb921fc24d0e82871d80687d0c58/9a2202e9-fbbb-4a26-8e8e-648a8de188cc.xlsx""]","[""2026-10-07""]",named_field,,3年,Chinese,,（全日制）组学和结构计算辅助药物研发,,,
fudan-m-cn-097,4,Fudan University,master,2026,prior_cycle_catalogue,"[""fudan-m-cn""]","[""https://iso.fudan.edu.cn/_upload/article/files/3c/15/bb921fc24d0e82871d80687d0c58/9a2202e9-fbbb-4a26-8e8e-648a8de188cc.xlsx""]","[""2026-10-07""]",named_field,,3年,Chinese,,（全日制）生殖免疫和肿瘤免疫,,,
fudan-m-cn-097,5,Fudan University,master,2026,prior_cycle_catalogue,"[""fudan-m-cn""]","[""https://iso.fudan.edu.cn/_upload/article/files/3c/15/bb921fc24d0e82871d80687d0c58/9a2202e9-fbbb-4a26-8e8e-648a8de188cc.xlsx""]","[""2026-10-07""]",named_field,,3年,Chinese,,（全日制）纳米靶向递释系统,,,
fudan-m-cn-097,6,Fudan University,master,2026,prior_cycle_catalogue,"[""fudan-m-cn""]","[""https://iso.fudan.edu.cn/_upload/article/files/3c/15/bb921fc24d0e82871d80687d0c58/9a2202e9-fbbb-4a26-8e8e-648a8de188cc.xlsx""]","[""2026-10-07""]",named_field,,3年,Chinese,,（全日制）应激相关疾病的CRISPR筛选与靶向治疗研究,,,
fudan-m-cn-098,1,Fudan University,master,2026,prior_cycle_catalogue,"[""fudan-m-cn""]","[""https://iso.fudan.edu.cn/_upload/article/files/3c/15/bb921fc24d0e82871d80687d0c58/9a2202e9-fbbb-4a26-8e8e-648a8de188cc.xlsx""]","[""2026-10-07""]",named_field,,3年,Chinese,,（全日制）母婴与儿童护理学,,,
fudan-m-cn-098,2,Fudan University,master,2026,prior_cycle_catalogue,"[""fudan-m-cn""]","[""https://iso.fudan.edu.cn/_upload/article/files/3c/15/bb921fc24d0e82871d80687d0c58/9a2202e9-fbbb-4a26-8e8e-648a8de188cc.xlsx""]","[""2026-10-07""]",named_field,,3年,Chinese,,（全日制）急危重症护理学,,,
fudan-m-cn-098,3,Fudan University,master,2026,prior_cycle_catalogue,"[""fudan-m-cn""]","[""https://iso.fudan.edu.cn/_upload/article/files/3c/15/bb921fc24d0e82871d80687d0c58/9a2202e9-fbbb-4a26-8e8e-648a8de188cc.xlsx""]","[""2026-10-07""]",named_field,,3年,Chinese,,（全日制）健康与慢病管理学,,,
fudan-m-cn-098,4,Fudan University,master,2026,prior_cycle_catalogue,"[""fudan-m-cn""]","[""https://iso.fudan.edu.cn/_upload/article/files/3c/15/bb921fc24d0e82871d80687d0c58/9a2202e9-fbbb-4a26-8e8e-648a8de188cc.xlsx""]","[""2026-10-07""]",named_field,,3年,Chinese,,（全日制）成人与老年护理学,,,
fudan-m-cn-098,5,Fudan University,master,2026,prior_cycle_catalogue,"[""fudan-m-cn""]","[""https://iso.fudan.edu.cn/_upload/article/files/3c/15/bb921fc24d0e82871d80687d0c58/9a2202e9-fbbb-4a26-8e8e-648a8de188cc.xlsx""]","[""2026-10-07""]",named_field,,3年,Chinese,,（全日制）精神心理与人文社会学,,,
fudan-m-cn-098,6,Fudan University,master,2026,prior_cycle_catalogue,"[""fudan-m-cn""]","[""https://iso.fudan.edu.cn/_upload/article/files/3c/15/bb921fc24d0e82871d80687d0c58/9a2202e9-fbbb-4a26-8e8e-648a8de188cc.xlsx""]","[""2026-10-07""]",named_field,,3年,Chinese,,（全日制）交叉护理学,,,
fudan-m-cn-099,1,Fudan University,master,2026,prior_cycle_catalogue,"[""fudan-m-cn""]","[""https://iso.fudan.edu.cn/_upload/article/files/3c/15/bb921fc24d0e82871d80687d0c58/9a2202e9-fbbb-4a26-8e8e-648a8de188cc.xlsx""]","[""2026-10-07""]",named_field,,3年,Chinese,,（全日制）母婴与儿童护理Ⅰ,,,
fudan-m-cn-099,2,Fudan University,master,2026,prior_cycle_catalogue,"[""fudan-m-cn""]","[""https://iso.fudan.edu.cn/_upload/article/files/3c/15/bb921fc24d0e82871d80687d0c58/9a2202e9-fbbb-4a26-8e8e-648a8de188cc.xlsx""]","[""2026-10-07""]",named_field,,3年,Chinese,,（全日制）急危重症护理Ⅰ,,,
fudan-m-cn-099,3,Fudan University,master,2026,prior_cycle_catalogue,"[""fudan-m-cn""]","[""https://iso.fudan.edu.cn/_upload/article/files/3c/15/bb921fc24d0e82871d80687d0c58/9a2202e9-fbbb-4a26-8e8e-648a8de188cc.xlsx""]","[""2026-10-07""]",named_field,,3年,Chinese,,（全日制）慢性病管理Ⅰ,,,
fudan-m-cn-099,4,Fudan University,master,2026,prior_cycle_catalogue,"[""fudan-m-cn""]","[""https://iso.fudan.edu.cn/_upload/article/files/3c/15/bb921fc24d0e82871d80687d0c58/9a2202e9-fbbb-4a26-8e8e-648a8de188cc.xlsx""]","[""2026-10-07""]",named_field,,3年,Chinese,,（全日制）老年保健与社区护理Ⅰ,,,
fudan-m-cn-099,5,Fudan University,master,2026,prior_cycle_catalogue,"[""fudan-m-cn""]","[""https://iso.fudan.edu.cn/_upload/article/files/3c/15/bb921fc24d0e82871d80687d0c58/9a2202e9-fbbb-4a26-8e8e-648a8de188cc.xlsx""]","[""2026-10-07""]",named_field,,3年,Chinese,,（全日制）健康信息学Ⅰ,,,
fudan-m-cn-100,1,Fudan University,master,2026,prior_cycle_catalogue,"[""fudan-m-cn""]","[""https://iso.fudan.edu.cn/_upload/article/files/3c/15/bb921fc24d0e82871d80687d0c58/9a2202e9-fbbb-4a26-8e8e-648a8de188cc.xlsx""]","[""2026-10-07""]",named_field,,3年,Chinese,,（儿科医院）儿科学,,,
fudan-m-cn-100,2,Fudan University,master,2026,prior_cycle_catalogue,"[""fudan-m-cn""]","[""https://iso.fudan.edu.cn/_upload/article/files/3c/15/bb921fc24d0e82871d80687d0c58/9a2202e9-fbbb-4a26-8e8e-648a8de188cc.xlsx""]","[""2026-10-07""]",named_field,,3年,Chinese,,（金山医院）儿科学,,,
fudan-m-cn-101,1,Fudan University,master,2026,prior_cycle_catalogue,"[""fudan-m-cn""]","[""https://iso.fudan.edu.cn/_upload/article/files/3c/15/bb921fc24d0e82871d80687d0c58/9a2202e9-fbbb-4a26-8e8e-648a8de188cc.xlsx""]","[""2026-10-07""]",named_field,,3年,Chinese,,（眼耳鼻喉科医院）听觉医学、内耳疾病,,,
fudan-m-cn-101,2,Fudan University,master,2026,prior_cycle_catalogue,"[""fudan-m-cn""]","[""https://iso.fudan.edu.cn/_upload/article/files/3c/15/bb921fc24d0e82871d80687d0c58/9a2202e9-fbbb-4a26-8e8e-648a8de188cc.xlsx""]","[""2026-10-07""]",named_field,,3年,Chinese,,（眼耳鼻喉科医院）鼻部疾病研究,,,
fudan-m-cn-101,3,Fudan University,master,2026,prior_cycle_catalogue,"[""fudan-m-cn""]","[""https://iso.fudan.edu.cn/_upload/article/files/3c/15/bb921fc24d0e82871d80687d0c58/9a2202e9-fbbb-4a26-8e8e-648a8de188cc.xlsx""]","[""2026-10-07""]",named_field,,3年,Chinese,,（眼耳鼻喉科医院）头颈肿瘤,,,
fudan-m-cn-101,4,Fudan University,master,2026,prior_cycle_catalogue,"[""fudan-m-cn""]","[""https://iso.fudan.edu.cn/_upload/article/files/3c/15/bb921fc24d0e82871d80687d0c58/9a2202e9-fbbb-4a26-8e8e-648a8de188cc.xlsx""]","[""2026-10-07""]",named_field,,3年,Chinese,,（眼耳鼻喉科医院）咽喉嗓音疾病基础与临床,,,
fudan-m-cn-101,5,Fudan University,master,2026,prior_cycle_catalogue,"[""fudan-m-cn""]","[""https://iso.fudan.edu.cn/_upload/article/files/3c/15/bb921fc24d0e82871d80687d0c58/9a2202e9-fbbb-4a26-8e8e-648a8de188cc.xlsx""]","[""2026-10-07""]",named_field,,3年,Chinese,,（眼耳鼻喉科医院）外中内耳发育疾病的遗传学和表观遗传学研究,,,
fudan-m-cn-101,6,Fudan University,master,2026,prior_cycle_catalogue,"[""fudan-m-cn""]","[""https://iso.fudan.edu.cn/_upload/article/files/3c/15/bb921fc24d0e82871d80687d0c58/9a2202e9-fbbb-4a26-8e8e-648a8de188cc.xlsx""]","[""2026-10-07""]",named_field,,3年,Chinese,,（华东医院）耳鸣机理和临床研究,,,
fudan-m-cn-102,1,Fudan University,master,2026,prior_cycle_catalogue,"[""fudan-m-cn""]","[""https://iso.fudan.edu.cn/_upload/article/files/3c/15/bb921fc24d0e82871d80687d0c58/9a2202e9-fbbb-4a26-8e8e-648a8de188cc.xlsx""]","[""2026-10-07""]",named_field,,3年,Chinese,,（妇产科医院）妇科肿瘤、普通妇科、妇科内分泌、生殖免疫、宫颈病变、宫腔病变、中西医结合妇科、母体病理产科、普通生理产科、胎儿医学,,,
fudan-m-cn-103,1,Fudan University,master,2026,prior_cycle_catalogue,"[""fudan-m-cn""]","[""https://iso.fudan.edu.cn/_upload/article/files/3c/15/bb921fc24d0e82871d80687d0c58/9a2202e9-fbbb-4a26-8e8e-648a8de188cc.xlsx""]","[""2026-10-07""]",named_field,,3年,Chinese,,（华东医院）重症医学：重症消化与营养方向,,,
fudan-m-cn-104,1,Fudan University,master,2026,prior_cycle_catalogue,"[""fudan-m-cn""]","[""https://iso.fudan.edu.cn/_upload/article/files/3c/15/bb921fc24d0e82871d80687d0c58/9a2202e9-fbbb-4a26-8e8e-648a8de188cc.xlsx""]","[""2026-10-07""]",named_field,,3年,Chinese,,（华山医院）神经康复；肿瘤康复；老年康复；心肺康复,,,
fudan-m-cn-105,1,Fudan University,master,2026,prior_cycle_catalogue,"[""fudan-m-cn""]","[""https://iso.fudan.edu.cn/_upload/article/files/3c/15/bb921fc24d0e82871d80687d0c58/9a2202e9-fbbb-4a26-8e8e-648a8de188cc.xlsx""]","[""2026-10-07""]",named_field,,3年,Chinese,,（华山医院）口腔颌面头颈外科,,,
fudan-m-cn-105,2,Fudan University,master,2026,prior_cycle_catalogue,"[""fudan-m-cn""]","[""https://iso.fudan.edu.cn/_upload/article/files/3c/15/bb921fc24d0e82871d80687d0c58/9a2202e9-fbbb-4a26-8e8e-648a8de188cc.xlsx""]","[""2026-10-07""]",named_field,,3年,Chinese,,（中山医院）生物材料在口腔种植与修复中的应用与研究；种植体周围炎的防治,,,
fudan-m-cn-106,1,Fudan University,master,2026,prior_cycle_catalogue,"[""fudan-m-cn""]","[""https://iso.fudan.edu.cn/_upload/article/files/3c/15/bb921fc24d0e82871d80687d0c58/9a2202e9-fbbb-4a26-8e8e-648a8de188cc.xlsx""]","[""2026-10-07""]",named_field,,3年,Chinese,,（华东医院）骨质疏松,,,
fudan-m-cn-106,2,Fudan University,master,2026,prior_cycle_catalogue,"[""fudan-m-cn""]","[""https://iso.fudan.edu.cn/_upload/article/files/3c/15/bb921fc24d0e82871d80687d0c58/9a2202e9-fbbb-4a26-8e8e-648a8de188cc.xlsx""]","[""2026-10-07""]",named_field,,3年,Chinese,,（华东医院）骨骼和肌肉衰老的基础和临床研究,,,
fudan-m-cn-106,3,Fudan University,master,2026,prior_cycle_catalogue,"[""fudan-m-cn""]","[""https://iso.fudan.edu.cn/_upload/article/files/3c/15/bb921fc24d0e82871d80687d0c58/9a2202e9-fbbb-4a26-8e8e-648a8de188cc.xlsx""]","[""2026-10-07""]",named_field,,3年,Chinese,,（华东医院）1.老年衰弱的临床和基础研究；2.肝脏衰老机制研究,,,
fudan-m-cn-106,4,Fudan University,master,2026,prior_cycle_catalogue,"[""fudan-m-cn""]","[""https://iso.fudan.edu.cn/_upload/article/files/3c/15/bb921fc24d0e82871d80687d0c58/9a2202e9-fbbb-4a26-8e8e-648a8de188cc.xlsx""]","[""2026-10-07""]",named_field,,3年,Chinese,,（华山医院）老年认知障碍，老年慢病管理,,,
fudan-m-cn-107,1,Fudan University,master,2026,prior_cycle_catalogue,"[""fudan-m-cn""]","[""https://iso.fudan.edu.cn/_upload/article/files/3c/15/bb921fc24d0e82871d80687d0c58/9a2202e9-fbbb-4a26-8e8e-648a8de188cc.xlsx""]","[""2026-10-07""]",named_field,,3年,Chinese,,（华东医院）肿瘤和病原微生物的致病机制与精准诊疗,,,
fudan-m-cn-107,2,Fudan University,master,2026,prior_cycle_catalogue,"[""fudan-m-cn""]","[""https://iso.fudan.edu.cn/_upload/article/files/3c/15/bb921fc24d0e82871d80687d0c58/9a2202e9-fbbb-4a26-8e8e-648a8de188cc.xlsx""]","[""2026-10-07""]",named_field,,3年,Chinese,,（华山医院）细菌耐药机制,,,
fudan-m-cn-107,3,Fudan University,master,2026,prior_cycle_catalogue,"[""fudan-m-cn""]","[""https://iso.fudan.edu.cn/_upload/article/files/3c/15/bb921fc24d0e82871d80687d0c58/9a2202e9-fbbb-4a26-8e8e-648a8de188cc.xlsx""]","[""2026-10-07""]",named_field,,3年,Chinese,,（肿瘤医院）临床检验诊断学,,,
fudan-m-cn-108,1,Fudan University,master,2026,prior_cycle_catalogue,"[""fudan-m-cn""]","[""https://iso.fudan.edu.cn/_upload/article/files/3c/15/bb921fc24d0e82871d80687d0c58/9a2202e9-fbbb-4a26-8e8e-648a8de188cc.xlsx""]","[""2026-10-07""]",named_field,,3年,Chinese,,（肿瘤医院）临床药学,,,
fudan-m-cn-108,2,Fudan University,master,2026,prior_cycle_catalogue,"[""fudan-m-cn""]","[""https://iso.fudan.edu.cn/_upload/article/files/3c/15/bb921fc24d0e82871d80687d0c58/9a2202e9-fbbb-4a26-8e8e-648a8de188cc.xlsx""]","[""2026-10-07""]",named_field,,3年,Chinese,,（华山医院）神经肿瘤药物的基础与临床,,,
fudan-m-cn-108,3,Fudan University,master,2026,prior_cycle_catalogue,"[""fudan-m-cn""]","[""https://iso.fudan.edu.cn/_upload/article/files/3c/15/bb921fc24d0e82871d80687d0c58/9a2202e9-fbbb-4a26-8e8e-648a8de188cc.xlsx""]","[""2026-10-07""]",named_field,,3年,Chinese,,（儿科医院）临床药学,,,
fudan-m-cn-108,4,Fudan University,master,2026,prior_cycle_catalogue,"[""fudan-m-cn""]","[""https://iso.fudan.edu.cn/_upload/article/files/3c/15/bb921fc24d0e82871d80687d0c58/9a2202e9-fbbb-4a26-8e8e-648a8de188cc.xlsx""]","[""2026-10-07""]",named_field,,3年,Chinese,,（中山医院）药物性肾损伤，药物不良反应,,,
fudan-m-cn-109,1,Fudan University,master,2026,prior_cycle_catalogue,"[""fudan-m-cn""]","[""https://iso.fudan.edu.cn/_upload/article/files/3c/15/bb921fc24d0e82871d80687d0c58/9a2202e9-fbbb-4a26-8e8e-648a8de188cc.xlsx""]","[""2026-10-07""]",named_field,,3年,Chinese,,（华东医院）重要脏器功能障碍的诊疗,,,
fudan-m-cn-109,2,Fudan University,master,2026,prior_cycle_catalogue,"[""fudan-m-cn""]","[""https://iso.fudan.edu.cn/_upload/article/files/3c/15/bb921fc24d0e82871d80687d0c58/9a2202e9-fbbb-4a26-8e8e-648a8de188cc.xlsx""]","[""2026-10-07""]",named_field,,3年,Chinese,,（华东医院）肌少症合并慢性疼痛的迷走神经免疫机制,,,
fudan-m-cn-109,3,Fudan University,master,2026,prior_cycle_catalogue,"[""fudan-m-cn""]","[""https://iso.fudan.edu.cn/_upload/article/files/3c/15/bb921fc24d0e82871d80687d0c58/9a2202e9-fbbb-4a26-8e8e-648a8de188cc.xlsx""]","[""2026-10-07""]",named_field,,3年,Chinese,,（肿瘤医院）麻醉学,,,
fudan-m-cn-109,4,Fudan University,master,2026,prior_cycle_catalogue,"[""fudan-m-cn""]","[""https://iso.fudan.edu.cn/_upload/article/files/3c/15/bb921fc24d0e82871d80687d0c58/9a2202e9-fbbb-4a26-8e8e-648a8de188cc.xlsx""]","[""2026-10-07""]",named_field,,3年,Chinese,,（中山医院）优化围术期麻醉管理；限制饮食与围术期应激抵抗；麻醉与人工智能,,,
fudan-m-cn-109,5,Fudan University,master,2026,prior_cycle_catalogue,"[""fudan-m-cn""]","[""https://iso.fudan.edu.cn/_upload/article/files/3c/15/bb921fc24d0e82871d80687d0c58/9a2202e9-fbbb-4a26-8e8e-648a8de188cc.xlsx""]","[""2026-10-07""]",named_field,,3年,Chinese,,（中山医院）脓毒症器官损伤与免疫时空动态重塑,,,
fudan-m-cn-110,1,Fudan University,master,2026,prior_cycle_catalogue,"[""fudan-m-cn""]","[""https://iso.fudan.edu.cn/_upload/article/files/3c/15/bb921fc24d0e82871d80687d0c58/9a2202e9-fbbb-4a26-8e8e-648a8de188cc.xlsx""]","[""2026-10-07""]",named_field,,3年,Chinese,,（上海市公共卫生临床中心）宿主抗感染免疫,,,
fudan-m-cn-111,1,Fudan University,master,2026,prior_cycle_catalogue,"[""fudan-m-cn""]","[""https://iso.fudan.edu.cn/_upload/article/files/3c/15/bb921fc24d0e82871d80687d0c58/9a2202e9-fbbb-4a26-8e8e-648a8de188cc.xlsx""]","[""2026-10-07""]",named_field,,3年,Chinese,,（中山医院）冠心病诊治、心脏分子细胞生物技术,,,
fudan-m-cn-111,2,Fudan University,master,2026,prior_cycle_catalogue,"[""fudan-m-cn""]","[""https://iso.fudan.edu.cn/_upload/article/files/3c/15/bb921fc24d0e82871d80687d0c58/9a2202e9-fbbb-4a26-8e8e-648a8de188cc.xlsx""]","[""2026-10-07""]",named_field,,3年,Chinese,,（中山医院）心肌重构、心力衰竭分子机制,,,
fudan-m-cn-111,3,Fudan University,master,2026,prior_cycle_catalogue,"[""fudan-m-cn""]","[""https://iso.fudan.edu.cn/_upload/article/files/3c/15/bb921fc24d0e82871d80687d0c58/9a2202e9-fbbb-4a26-8e8e-648a8de188cc.xlsx""]","[""2026-10-07""]",named_field,,3年,Chinese,,（中山医院）内分泌和代谢性疾病临床和流行病学研究,,,
fudan-m-cn-111,4,Fudan University,master,2026,prior_cycle_catalogue,"[""fudan-m-cn""]","[""https://iso.fudan.edu.cn/_upload/article/files/3c/15/bb921fc24d0e82871d80687d0c58/9a2202e9-fbbb-4a26-8e8e-648a8de188cc.xlsx""]","[""2026-10-07""]",named_field,,3年,Chinese,,（华东医院）冠心病基础与临床,,,
fudan-m-cn-111,5,Fudan University,master,2026,prior_cycle_catalogue,"[""fudan-m-cn""]","[""https://iso.fudan.edu.cn/_upload/article/files/3c/15/bb921fc24d0e82871d80687d0c58/9a2202e9-fbbb-4a26-8e8e-648a8de188cc.xlsx""]","[""2026-10-07""]",named_field,,3年,Chinese,,（华东医院）消化系统疾病的基础与临床研究,,,
fudan-m-cn-111,6,Fudan University,master,2026,prior_cycle_catalogue,"[""fudan-m-cn""]","[""https://iso.fudan.edu.cn/_upload/article/files/3c/15/bb921fc24d0e82871d80687d0c58/9a2202e9-fbbb-4a26-8e8e-648a8de188cc.xlsx""]","[""2026-10-07""]",named_field,,3年,Chinese,,（华东医院）心力衰竭临床和基础研究,,,
fudan-m-cn-111,7,Fudan University,master,2026,prior_cycle_catalogue,"[""fudan-m-cn""]","[""https://iso.fudan.edu.cn/_upload/article/files/3c/15/bb921fc24d0e82871d80687d0c58/9a2202e9-fbbb-4a26-8e8e-648a8de188cc.xlsx""]","[""2026-10-07""]",named_field,,3年,Chinese,,（华东医院）老年心血管,,,
fudan-m-cn-111,8,Fudan University,master,2026,prior_cycle_catalogue,"[""fudan-m-cn""]","[""https://iso.fudan.edu.cn/_upload/article/files/3c/15/bb921fc24d0e82871d80687d0c58/9a2202e9-fbbb-4a26-8e8e-648a8de188cc.xlsx""]","[""2026-10-07""]",named_field,,3年,Chinese,,（华东医院）肾小管损伤和修复,,,
fudan-m-cn-111,9,Fudan University,master,2026,prior_cycle_catalogue,"[""fudan-m-cn""]","[""https://iso.fudan.edu.cn/_upload/article/files/3c/15/bb921fc24d0e82871d80687d0c58/9a2202e9-fbbb-4a26-8e8e-648a8de188cc.xlsx""]","[""2026-10-07""]",named_field,,3年,Chinese,,（华东医院）老年肾脏病、尿酸肾病,,,
fudan-m-cn-111,10,Fudan University,master,2026,prior_cycle_catalogue,"[""fudan-m-cn""]","[""https://iso.fudan.edu.cn/_upload/article/files/3c/15/bb921fc24d0e82871d80687d0c58/9a2202e9-fbbb-4a26-8e8e-648a8de188cc.xlsx""]","[""2026-10-07""]",named_field,,3年,Chinese,,（华东医院）血液肿瘤表观遗传学与耐药,,,
fudan-m-cn-111,11,Fudan University,master,2026,prior_cycle_catalogue,"[""fudan-m-cn""]","[""https://iso.fudan.edu.cn/_upload/article/files/3c/15/bb921fc24d0e82871d80687d0c58/9a2202e9-fbbb-4a26-8e8e-648a8de188cc.xlsx""]","[""2026-10-07""]",named_field,,3年,Chinese,,（华东医院）心血管疾病的代谢调控机制研究,,,
fudan-m-cn-111,12,Fudan University,master,2026,prior_cycle_catalogue,"[""fudan-m-cn""]","[""https://iso.fudan.edu.cn/_upload/article/files/3c/15/bb921fc24d0e82871d80687d0c58/9a2202e9-fbbb-4a26-8e8e-648a8de188cc.xlsx""]","[""2026-10-07""]",named_field,,3年,Chinese,,（华东医院）脂肪性肝病,,,
fudan-m-cn-111,13,Fudan University,master,2026,prior_cycle_catalogue,"[""fudan-m-cn""]","[""https://iso.fudan.edu.cn/_upload/article/files/3c/15/bb921fc24d0e82871d80687d0c58/9a2202e9-fbbb-4a26-8e8e-648a8de188cc.xlsx""]","[""2026-10-07""]",named_field,,3年,Chinese,,（华东医院）血液肿瘤精准治疗及其作用机制的研究,,,
fudan-m-cn-111,14,Fudan University,master,2026,prior_cycle_catalogue,"[""fudan-m-cn""]","[""https://iso.fudan.edu.cn/_upload/article/files/3c/15/bb921fc24d0e82871d80687d0c58/9a2202e9-fbbb-4a26-8e8e-648a8de188cc.xlsx""]","[""2026-10-07""]",named_field,,3年,Chinese,,（华东医院）肺部感染损伤及干细胞干预机制,,,
fudan-m-cn-111,15,Fudan University,master,2026,prior_cycle_catalogue,"[""fudan-m-cn""]","[""https://iso.fudan.edu.cn/_upload/article/files/3c/15/bb921fc24d0e82871d80687d0c58/9a2202e9-fbbb-4a26-8e8e-648a8de188cc.xlsx""]","[""2026-10-07""]",named_field,,3年,Chinese,,（上海市公共卫生临床中心)免疫缺陷患者侵袭性真菌病的诊治与发病机制,,,
fudan-m-cn-111,16,Fudan University,master,2026,prior_cycle_catalogue,"[""fudan-m-cn""]","[""https://iso.fudan.edu.cn/_upload/article/files/3c/15/bb921fc24d0e82871d80687d0c58/9a2202e9-fbbb-4a26-8e8e-648a8de188cc.xlsx""]","[""2026-10-07""]",named_field,,3年,Chinese,,（华山医院）自身免疫性疾病,,,
fudan-m-cn-111,17,Fudan University,master,2026,prior_cycle_catalogue,"[""fudan-m-cn""]","[""https://iso.fudan.edu.cn/_upload/article/files/3c/15/bb921fc24d0e82871d80687d0c58/9a2202e9-fbbb-4a26-8e8e-648a8de188cc.xlsx""]","[""2026-10-07""]",named_field,,3年,Chinese,,（上海市公共卫生临床中心)新发突发传染病,,,
fudan-m-cn-111,18,Fudan University,master,2026,prior_cycle_catalogue,"[""fudan-m-cn""]","[""https://iso.fudan.edu.cn/_upload/article/files/3c/15/bb921fc24d0e82871d80687d0c58/9a2202e9-fbbb-4a26-8e8e-648a8de188cc.xlsx""]","[""2026-10-07""]",named_field,,3年,Chinese,,（中山医院）药物性肝损伤,,,
fudan-m-cn-111,19,Fudan University,master,2026,prior_cycle_catalogue,"[""fudan-m-cn""]","[""https://iso.fudan.edu.cn/_upload/article/files/3c/15/bb921fc24d0e82871d80687d0c58/9a2202e9-fbbb-4a26-8e8e-648a8de188cc.xlsx""]","[""2026-10-07""]",named_field,,3年,Chinese,,（中山医院）肝纤维化、肝硬化及肝癌发生,,,
fudan-m-cn-111,20,Fudan University,master,2026,prior_cycle_catalogue,"[""fudan-m-cn""]","[""https://iso.fudan.edu.cn/_upload/article/files/3c/15/bb921fc24d0e82871d80687d0c58/9a2202e9-fbbb-4a26-8e8e-648a8de188cc.xlsx""]","[""2026-10-07""]",named_field,,3年,Chinese,,（中山医院）冠状动脉粥样硬化型心脏病，影像生理学，医工创新转化,,,
fudan-m-cn-111,21,Fudan University,master,2026,prior_cycle_catalogue,"[""fudan-m-cn""]","[""https://iso.fudan.edu.cn/_upload/article/files/3c/15/bb921fc24d0e82871d80687d0c58/9a2202e9-fbbb-4a26-8e8e-648a8de188cc.xlsx""]","[""2026-10-07""]",named_field,,3年,Chinese,,（中山医院）冠心病介入，冠状动脉粥样硬化发病机制及心肌重塑的相关研究,,,
fudan-m-cn-111,22,Fudan University,master,2026,prior_cycle_catalogue,"[""fudan-m-cn""]","[""https://iso.fudan.edu.cn/_upload/article/files/3c/15/bb921fc24d0e82871d80687d0c58/9a2202e9-fbbb-4a26-8e8e-648a8de188cc.xlsx""]","[""2026-10-07""]",named_field,,3年,Chinese,,（中山医院）代谢相关脂肪性肝病与糖脂代谢调控,,,
fudan-m-cn-111,23,Fudan University,master,2026,prior_cycle_catalogue,"[""fudan-m-cn""]","[""https://iso.fudan.edu.cn/_upload/article/files/3c/15/bb921fc24d0e82871d80687d0c58/9a2202e9-fbbb-4a26-8e8e-648a8de188cc.xlsx""]","[""2026-10-07""]",named_field,,3年,Chinese,,（中山医院）大血管炎的发病机制及临床诊疗新方法研究,,,
fudan-m-cn-111,24,Fudan University,master,2026,prior_cycle_catalogue,"[""fudan-m-cn""]","[""https://iso.fudan.edu.cn/_upload/article/files/3c/15/bb921fc24d0e82871d80687d0c58/9a2202e9-fbbb-4a26-8e8e-648a8de188cc.xlsx""]","[""2026-10-07""]",named_field,,3年,Chinese,,（中山医院）心脏淋巴管再生的基础研究,,,
fudan-m-cn-111,25,Fudan University,master,2026,prior_cycle_catalogue,"[""fudan-m-cn""]","[""https://iso.fudan.edu.cn/_upload/article/files/3c/15/bb921fc24d0e82871d80687d0c58/9a2202e9-fbbb-4a26-8e8e-648a8de188cc.xlsx""]","[""2026-10-07""]",named_field,,3年,Chinese,,（中山医院）心脏重塑发病机制及精准化诊疗,,,
fudan-m-cn-112,1,Fudan University,master,2026,prior_cycle_catalogue,"[""fudan-m-cn""]","[""https://iso.fudan.edu.cn/_upload/article/files/3c/15/bb921fc24d0e82871d80687d0c58/9a2202e9-fbbb-4a26-8e8e-648a8de188cc.xlsx""]","[""2026-10-07""]",named_field,,3年,Chinese,,（华东医院）皮肤激光治疗,,,
fudan-m-cn-112,2,Fudan University,master,2026,prior_cycle_catalogue,"[""fudan-m-cn""]","[""https://iso.fudan.edu.cn/_upload/article/files/3c/15/bb921fc24d0e82871d80687d0c58/9a2202e9-fbbb-4a26-8e8e-648a8de188cc.xlsx""]","[""2026-10-07""]",named_field,,3年,Chinese,,（华山医院）干细胞、生物材料、再生医学、组织工程、皮肤库与医用组织库,,,
fudan-m-cn-112,3,Fudan University,master,2026,prior_cycle_catalogue,"[""fudan-m-cn""]","[""https://iso.fudan.edu.cn/_upload/article/files/3c/15/bb921fc24d0e82871d80687d0c58/9a2202e9-fbbb-4a26-8e8e-648a8de188cc.xlsx""]","[""2026-10-07""]",named_field,,3年,Chinese,,（儿科医院）遗传性皮肤病致病基因定位与克隆及发病机制研究；遗传性皮肤病基因诊断,,,
fudan-m-cn-112,4,Fudan University,master,2026,prior_cycle_catalogue,"[""fudan-m-cn""]","[""https://iso.fudan.edu.cn/_upload/article/files/3c/15/bb921fc24d0e82871d80687d0c58/9a2202e9-fbbb-4a26-8e8e-648a8de188cc.xlsx""]","[""2026-10-07""]",named_field,,3年,Chinese,,（华山医院）毛发疾病,,,
fudan-m-cn-113,1,Fudan University,master,2026,prior_cycle_catalogue,"[""fudan-m-cn""]","[""https://iso.fudan.edu.cn/_upload/article/files/3c/15/bb921fc24d0e82871d80687d0c58/9a2202e9-fbbb-4a26-8e8e-648a8de188cc.xlsx""]","[""2026-10-07""]",named_field,,3年,Chinese,,（华山医院）脑血管病,,,
fudan-m-cn-113,2,Fudan University,master,2026,prior_cycle_catalogue,"[""fudan-m-cn""]","[""https://iso.fudan.edu.cn/_upload/article/files/3c/15/bb921fc24d0e82871d80687d0c58/9a2202e9-fbbb-4a26-8e8e-648a8de188cc.xlsx""]","[""2026-10-07""]",named_field,,3年,Chinese,,（华山医院）痴呆与认知障碍方向,,,
fudan-m-cn-113,3,Fudan University,master,2026,prior_cycle_catalogue,"[""fudan-m-cn""]","[""https://iso.fudan.edu.cn/_upload/article/files/3c/15/bb921fc24d0e82871d80687d0c58/9a2202e9-fbbb-4a26-8e8e-648a8de188cc.xlsx""]","[""2026-10-07""]",named_field,,3年,Chinese,,（华东医院）认知障碍的机制研究,,,
fudan-m-cn-113,4,Fudan University,master,2026,prior_cycle_catalogue,"[""fudan-m-cn""]","[""https://iso.fudan.edu.cn/_upload/article/files/3c/15/bb921fc24d0e82871d80687d0c58/9a2202e9-fbbb-4a26-8e8e-648a8de188cc.xlsx""]","[""2026-10-07""]",named_field,,3年,Chinese,,（华东医院）认知障碍性疾病分子机制与干预策略,,,
fudan-m-cn-113,5,Fudan University,master,2026,prior_cycle_catalogue,"[""fudan-m-cn""]","[""https://iso.fudan.edu.cn/_upload/article/files/3c/15/bb921fc24d0e82871d80687d0c58/9a2202e9-fbbb-4a26-8e8e-648a8de188cc.xlsx""]","[""2026-10-07""]",named_field,,3年,Chinese,,（中山医院）神经病学,,,
fudan-m-cn-114,1,Fudan University,master,2026,prior_cycle_catalogue,"[""fudan-m-cn""]","[""https://iso.fudan.edu.cn/_upload/article/files/3c/15/bb921fc24d0e82871d80687d0c58/9a2202e9-fbbb-4a26-8e8e-648a8de188cc.xlsx""]","[""2026-10-07""]",named_field,,3年,Chinese,,（中山医院）胸外科,,,
fudan-m-cn-114,2,Fudan University,master,2026,prior_cycle_catalogue,"[""fudan-m-cn""]","[""https://iso.fudan.edu.cn/_upload/article/files/3c/15/bb921fc24d0e82871d80687d0c58/9a2202e9-fbbb-4a26-8e8e-648a8de188cc.xlsx""]","[""2026-10-07""]",named_field,,3年,Chinese,,（中山医院）脊柱外科 骨修复重建及新型材料 脊柱转移性肿瘤机制与治疗,,,
fudan-m-cn-114,3,Fudan University,master,2026,prior_cycle_catalogue,"[""fudan-m-cn""]","[""https://iso.fudan.edu.cn/_upload/article/files/3c/15/bb921fc24d0e82871d80687d0c58/9a2202e9-fbbb-4a26-8e8e-648a8de188cc.xlsx""]","[""2026-10-07""]",named_field,,3年,Chinese,,（华东医院）骨与肌肉代谢性疾病的机制和防治,,,
fudan-m-cn-114,4,Fudan University,master,2026,prior_cycle_catalogue,"[""fudan-m-cn""]","[""https://iso.fudan.edu.cn/_upload/article/files/3c/15/bb921fc24d0e82871d80687d0c58/9a2202e9-fbbb-4a26-8e8e-648a8de188cc.xlsx""]","[""2026-10-07""]",named_field,,3年,Chinese,,（华东医院）疝与腹壁外科新材料的应用研究,,,
fudan-m-cn-114,5,Fudan University,master,2026,prior_cycle_catalogue,"[""fudan-m-cn""]","[""https://iso.fudan.edu.cn/_upload/article/files/3c/15/bb921fc24d0e82871d80687d0c58/9a2202e9-fbbb-4a26-8e8e-648a8de188cc.xlsx""]","[""2026-10-07""]",named_field,,3年,Chinese,,（华东医院）早期肺癌的发生发展机制研究,,,
fudan-m-cn-114,6,Fudan University,master,2026,prior_cycle_catalogue,"[""fudan-m-cn""]","[""https://iso.fudan.edu.cn/_upload/article/files/3c/15/bb921fc24d0e82871d80687d0c58/9a2202e9-fbbb-4a26-8e8e-648a8de188cc.xlsx""]","[""2026-10-07""]",named_field,,3年,Chinese,,（华东医院）胃肠道肿瘤的基础和临床研究,,,
fudan-m-cn-114,7,Fudan University,master,2026,prior_cycle_catalogue,"[""fudan-m-cn""]","[""https://iso.fudan.edu.cn/_upload/article/files/3c/15/bb921fc24d0e82871d80687d0c58/9a2202e9-fbbb-4a26-8e8e-648a8de188cc.xlsx""]","[""2026-10-07""]",named_field,,3年,Chinese,,（华东医院）1.腹壁缺损修复的材料学研究；2.减重代谢手术的机制研究,,,
fudan-m-cn-114,8,Fudan University,master,2026,prior_cycle_catalogue,"[""fudan-m-cn""]","[""https://iso.fudan.edu.cn/_upload/article/files/3c/15/bb921fc24d0e82871d80687d0c58/9a2202e9-fbbb-4a26-8e8e-648a8de188cc.xlsx""]","[""2026-10-07""]",named_field,,3年,Chinese,,（华东医院）减重手术治疗代谢综合征的基础和临床研究,,,
fudan-m-cn-114,9,Fudan University,master,2026,prior_cycle_catalogue,"[""fudan-m-cn""]","[""https://iso.fudan.edu.cn/_upload/article/files/3c/15/bb921fc24d0e82871d80687d0c58/9a2202e9-fbbb-4a26-8e8e-648a8de188cc.xlsx""]","[""2026-10-07""]",named_field,,3年,Chinese,,（华东医院）周围血管疾病的基础与临床研究,,,
fudan-m-cn-114,10,Fudan University,master,2026,prior_cycle_catalogue,"[""fudan-m-cn""]","[""https://iso.fudan.edu.cn/_upload/article/files/3c/15/bb921fc24d0e82871d80687d0c58/9a2202e9-fbbb-4a26-8e8e-648a8de188cc.xlsx""]","[""2026-10-07""]",named_field,,3年,Chinese,,（华东医院）肺癌的肿瘤免疫微环境研究,,,
fudan-m-cn-114,11,Fudan University,master,2026,prior_cycle_catalogue,"[""fudan-m-cn""]","[""https://iso.fudan.edu.cn/_upload/article/files/3c/15/bb921fc24d0e82871d80687d0c58/9a2202e9-fbbb-4a26-8e8e-648a8de188cc.xlsx""]","[""2026-10-07""]",named_field,,3年,Chinese,,（浦东医院）血管疾病外科及腔内治疗的机制研究,,,
fudan-m-cn-114,12,Fudan University,master,2026,prior_cycle_catalogue,"[""fudan-m-cn""]","[""https://iso.fudan.edu.cn/_upload/article/files/3c/15/bb921fc24d0e82871d80687d0c58/9a2202e9-fbbb-4a26-8e8e-648a8de188cc.xlsx""]","[""2026-10-07""]",named_field,,3年,Chinese,,（肿瘤医院）外科学,,,
fudan-m-cn-114,13,Fudan University,master,2026,prior_cycle_catalogue,"[""fudan-m-cn""]","[""https://iso.fudan.edu.cn/_upload/article/files/3c/15/bb921fc24d0e82871d80687d0c58/9a2202e9-fbbb-4a26-8e8e-648a8de188cc.xlsx""]","[""2026-10-07""]",named_field,,3年,Chinese,,（中山医院）消化道肿瘤的基础与临床研究,,,
fudan-m-cn-114,14,Fudan University,master,2026,prior_cycle_catalogue,"[""fudan-m-cn""]","[""https://iso.fudan.edu.cn/_upload/article/files/3c/15/bb921fc24d0e82871d80687d0c58/9a2202e9-fbbb-4a26-8e8e-648a8de188cc.xlsx""]","[""2026-10-07""]",named_field,,3年,Chinese,,（中山医院）肾脏移植,,,
fudan-m-cn-114,15,Fudan University,master,2026,prior_cycle_catalogue,"[""fudan-m-cn""]","[""https://iso.fudan.edu.cn/_upload/article/files/3c/15/bb921fc24d0e82871d80687d0c58/9a2202e9-fbbb-4a26-8e8e-648a8de188cc.xlsx""]","[""2026-10-07""]",named_field,,3年,Chinese,,（华山医院）脑血管病的基础和临床,,,
fudan-m-cn-114,16,Fudan University,master,2026,prior_cycle_catalogue,"[""fudan-m-cn""]","[""https://iso.fudan.edu.cn/_upload/article/files/3c/15/bb921fc24d0e82871d80687d0c58/9a2202e9-fbbb-4a26-8e8e-648a8de188cc.xlsx""]","[""2026-10-07""]",named_field,,3年,Chinese,,（华山医院）骨科创伤专业,,,
fudan-m-cn-114,17,Fudan University,master,2026,prior_cycle_catalogue,"[""fudan-m-cn""]","[""https://iso.fudan.edu.cn/_upload/article/files/3c/15/bb921fc24d0e82871d80687d0c58/9a2202e9-fbbb-4a26-8e8e-648a8de188cc.xlsx""]","[""2026-10-07""]",named_field,,3年,Chinese,,（华山医院）缺血性心脏病和心力衰竭,,,
fudan-m-cn-114,18,Fudan University,master,2026,prior_cycle_catalogue,"[""fudan-m-cn""]","[""https://iso.fudan.edu.cn/_upload/article/files/3c/15/bb921fc24d0e82871d80687d0c58/9a2202e9-fbbb-4a26-8e8e-648a8de188cc.xlsx""]","[""2026-10-07""]",named_field,,3年,Chinese,,（华山医院）神经外科,,,
fudan-m-cn-114,19,Fudan University,master,2026,prior_cycle_catalogue,"[""fudan-m-cn""]","[""https://iso.fudan.edu.cn/_upload/article/files/3c/15/bb921fc24d0e82871d80687d0c58/9a2202e9-fbbb-4a26-8e8e-648a8de188cc.xlsx""]","[""2026-10-07""]",named_field,,3年,Chinese,,（华山医院）胃肠外科,,,
fudan-m-cn-114,20,Fudan University,master,2026,prior_cycle_catalogue,"[""fudan-m-cn""]","[""https://iso.fudan.edu.cn/_upload/article/files/3c/15/bb921fc24d0e82871d80687d0c58/9a2202e9-fbbb-4a26-8e8e-648a8de188cc.xlsx""]","[""2026-10-07""]",named_field,,3年,Chinese,,（华山医院）人工智能在神经外科中的应用,,,
fudan-m-cn-114,21,Fudan University,master,2026,prior_cycle_catalogue,"[""fudan-m-cn""]","[""https://iso.fudan.edu.cn/_upload/article/files/3c/15/bb921fc24d0e82871d80687d0c58/9a2202e9-fbbb-4a26-8e8e-648a8de188cc.xlsx""]","[""2026-10-07""]",named_field,,3年,Chinese,,（华山医院）乳腺及甲状腺疾病,,,
fudan-m-cn-114,22,Fudan University,master,2026,prior_cycle_catalogue,"[""fudan-m-cn""]","[""https://iso.fudan.edu.cn/_upload/article/files/3c/15/bb921fc24d0e82871d80687d0c58/9a2202e9-fbbb-4a26-8e8e-648a8de188cc.xlsx""]","[""2026-10-07""]",named_field,,3年,Chinese,,（华山医院）脑脊髓血管病,,,
fudan-m-cn-114,23,Fudan University,master,2026,prior_cycle_catalogue,"[""fudan-m-cn""]","[""https://iso.fudan.edu.cn/_upload/article/files/3c/15/bb921fc24d0e82871d80687d0c58/9a2202e9-fbbb-4a26-8e8e-648a8de188cc.xlsx""]","[""2026-10-07""]",named_field,,3年,Chinese,,（华山医院）新型血管外科腔内移植物研发,,,
fudan-m-cn-114,24,Fudan University,master,2026,prior_cycle_catalogue,"[""fudan-m-cn""]","[""https://iso.fudan.edu.cn/_upload/article/files/3c/15/bb921fc24d0e82871d80687d0c58/9a2202e9-fbbb-4a26-8e8e-648a8de188cc.xlsx""]","[""2026-10-07""]",named_field,,3年,Chinese,,（金山医院）脊柱外科、椎间盘退变、骨与软骨缺损修复,,,
fudan-m-cn-114,25,Fudan University,master,2026,prior_cycle_catalogue,"[""fudan-m-cn""]","[""https://iso.fudan.edu.cn/_upload/article/files/3c/15/bb921fc24d0e82871d80687d0c58/9a2202e9-fbbb-4a26-8e8e-648a8de188cc.xlsx""]","[""2026-10-07""]",named_field,,3年,Chinese,,（中山医院）消化道疾病的基础和临床应用研究，特别是贲门失弛缓症的基础研究,,,
fudan-m-cn-114,26,Fudan University,master,2026,prior_cycle_catalogue,"[""fudan-m-cn""]","[""https://iso.fudan.edu.cn/_upload/article/files/3c/15/bb921fc24d0e82871d80687d0c58/9a2202e9-fbbb-4a26-8e8e-648a8de188cc.xlsx""]","[""2026-10-07""]",named_field,,3年,Chinese,,（中山医院）前列腺恶性肿瘤,,,
fudan-m-cn-114,27,Fudan University,master,2026,prior_cycle_catalogue,"[""fudan-m-cn""]","[""https://iso.fudan.edu.cn/_upload/article/files/3c/15/bb921fc24d0e82871d80687d0c58/9a2202e9-fbbb-4a26-8e8e-648a8de188cc.xlsx""]","[""2026-10-07""]",named_field,,3年,Chinese,,（中山医院）创伤和神经损伤临床技能训练与研究,,,
fudan-m-cn-114,28,Fudan University,master,2026,prior_cycle_catalogue,"[""fudan-m-cn""]","[""https://iso.fudan.edu.cn/_upload/article/files/3c/15/bb921fc24d0e82871d80687d0c58/9a2202e9-fbbb-4a26-8e8e-648a8de188cc.xlsx""]","[""2026-10-07""]",named_field,,3年,Chinese,,（中山医院）胆管恶性肿瘤的侵袭转移机制研究,,,
fudan-m-cn-114,29,Fudan University,master,2026,prior_cycle_catalogue,"[""fudan-m-cn""]","[""https://iso.fudan.edu.cn/_upload/article/files/3c/15/bb921fc24d0e82871d80687d0c58/9a2202e9-fbbb-4a26-8e8e-648a8de188cc.xlsx""]","[""2026-10-07""]",named_field,,3年,Chinese,,（中山医院）乳腺癌的临床与基础研究,,,
fudan-m-cn-114,30,Fudan University,master,2026,prior_cycle_catalogue,"[""fudan-m-cn""]","[""https://iso.fudan.edu.cn/_upload/article/files/3c/15/bb921fc24d0e82871d80687d0c58/9a2202e9-fbbb-4a26-8e8e-648a8de188cc.xlsx""]","[""2026-10-07""]",named_field,,3年,Chinese,,（中山医院）外科学,,,
fudan-m-cn-114,31,Fudan University,master,2026,prior_cycle_catalogue,"[""fudan-m-cn""]","[""https://iso.fudan.edu.cn/_upload/article/files/3c/15/bb921fc24d0e82871d80687d0c58/9a2202e9-fbbb-4a26-8e8e-648a8de188cc.xlsx""]","[""2026-10-07""]",named_field,,3年,Chinese,,（中山医院）骨科基础与临床,,,
fudan-m-cn-114,32,Fudan University,master,2026,prior_cycle_catalogue,"[""fudan-m-cn""]","[""https://iso.fudan.edu.cn/_upload/article/files/3c/15/bb921fc24d0e82871d80687d0c58/9a2202e9-fbbb-4a26-8e8e-648a8de188cc.xlsx""]","[""2026-10-07""]",named_field,,3年,Chinese,,（中山医院）胸部肿瘤,,,
fudan-m-cn-114,33,Fudan University,master,2026,prior_cycle_catalogue,"[""fudan-m-cn""]","[""https://iso.fudan.edu.cn/_upload/article/files/3c/15/bb921fc24d0e82871d80687d0c58/9a2202e9-fbbb-4a26-8e8e-648a8de188cc.xlsx""]","[""2026-10-07""]",named_field,,3年,Chinese,,（中山医院）消化内镜诊疗，消化道肿瘤，干细胞研究，人工智能医工结合，医用材料研究,,,
fudan-m-cn-114,34,Fudan University,master,2026,prior_cycle_catalogue,"[""fudan-m-cn""]","[""https://iso.fudan.edu.cn/_upload/article/files/3c/15/bb921fc24d0e82871d80687d0c58/9a2202e9-fbbb-4a26-8e8e-648a8de188cc.xlsx""]","[""2026-10-07""]",named_field,,3年,Chinese,,（中山医院）胸外科基础及临床研究,,,
fudan-m-cn-114,35,Fudan University,master,2026,prior_cycle_catalogue,"[""fudan-m-cn""]","[""https://iso.fudan.edu.cn/_upload/article/files/3c/15/bb921fc24d0e82871d80687d0c58/9a2202e9-fbbb-4a26-8e8e-648a8de188cc.xlsx""]","[""2026-10-07""]",named_field,,3年,Chinese,,（中山医院）心脏外科,,,
fudan-m-cn-114,36,Fudan University,master,2026,prior_cycle_catalogue,"[""fudan-m-cn""]","[""https://iso.fudan.edu.cn/_upload/article/files/3c/15/bb921fc24d0e82871d80687d0c58/9a2202e9-fbbb-4a26-8e8e-648a8de188cc.xlsx""]","[""2026-10-07""]",named_field,,3年,Chinese,,（中山医院）生物医用材料，胆道肿瘤，胆道良性疾病,,,
fudan-m-cn-114,37,Fudan University,master,2026,prior_cycle_catalogue,"[""fudan-m-cn""]","[""https://iso.fudan.edu.cn/_upload/article/files/3c/15/bb921fc24d0e82871d80687d0c58/9a2202e9-fbbb-4a26-8e8e-648a8de188cc.xlsx""]","[""2026-10-07""]",named_field,,3年,Chinese,,（中山医院）泌尿系肿瘤，前列腺癌,,,
fudan-m-cn-114,38,Fudan University,master,2026,prior_cycle_catalogue,"[""fudan-m-cn""]","[""https://iso.fudan.edu.cn/_upload/article/files/3c/15/bb921fc24d0e82871d80687d0c58/9a2202e9-fbbb-4a26-8e8e-648a8de188cc.xlsx""]","[""2026-10-07""]",named_field,,3年,Chinese,,（中山医院）肝癌靶免治疗耐药研究,,,
fudan-m-cn-114,39,Fudan University,master,2026,prior_cycle_catalogue,"[""fudan-m-cn""]","[""https://iso.fudan.edu.cn/_upload/article/files/3c/15/bb921fc24d0e82871d80687d0c58/9a2202e9-fbbb-4a26-8e8e-648a8de188cc.xlsx""]","[""2026-10-07""]",named_field,,3年,Chinese,,（中山医院）脑血管病诊疗，血管内脑机接口,,,
fudan-m-cn-114,40,Fudan University,master,2026,prior_cycle_catalogue,"[""fudan-m-cn""]","[""https://iso.fudan.edu.cn/_upload/article/files/3c/15/bb921fc24d0e82871d80687d0c58/9a2202e9-fbbb-4a26-8e8e-648a8de188cc.xlsx""]","[""2026-10-07""]",named_field,,3年,Chinese,,（中山医院）免疫微环境与免疫治疗；胃癌综合治疗；胃癌微创治疗,,,
fudan-m-cn-114,41,Fudan University,master,2026,prior_cycle_catalogue,"[""fudan-m-cn""]","[""https://iso.fudan.edu.cn/_upload/article/files/3c/15/bb921fc24d0e82871d80687d0c58/9a2202e9-fbbb-4a26-8e8e-648a8de188cc.xlsx""]","[""2026-10-07""]",named_field,,3年,Chinese,,（中山医院）结直肠肿瘤，肿瘤微环境和人工智能多模态研究,,,
fudan-m-cn-114,42,Fudan University,master,2026,prior_cycle_catalogue,"[""fudan-m-cn""]","[""https://iso.fudan.edu.cn/_upload/article/files/3c/15/bb921fc24d0e82871d80687d0c58/9a2202e9-fbbb-4a26-8e8e-648a8de188cc.xlsx""]","[""2026-10-07""]",named_field,,3年,Chinese,,（中山医院）胸主动脉瘤和夹层的危险因素和分子机制研究,,,
fudan-m-cn-114,43,Fudan University,master,2026,prior_cycle_catalogue,"[""fudan-m-cn""]","[""https://iso.fudan.edu.cn/_upload/article/files/3c/15/bb921fc24d0e82871d80687d0c58/9a2202e9-fbbb-4a26-8e8e-648a8de188cc.xlsx""]","[""2026-10-07""]",named_field,,3年,Chinese,,（中山医院）主动脉疾病的多尺度力学与发病机制研究,,,
fudan-m-cn-114,44,Fudan University,master,2026,prior_cycle_catalogue,"[""fudan-m-cn""]","[""https://iso.fudan.edu.cn/_upload/article/files/3c/15/bb921fc24d0e82871d80687d0c58/9a2202e9-fbbb-4a26-8e8e-648a8de188cc.xlsx""]","[""2026-10-07""]",named_field,,3年,Chinese,,（中山医院）脊柱转移性肿瘤的研究,,,
fudan-m-cn-115,1,Fudan University,master,2026,prior_cycle_catalogue,"[""fudan-m-cn""]","[""https://iso.fudan.edu.cn/_upload/article/files/3c/15/bb921fc24d0e82871d80687d0c58/9a2202e9-fbbb-4a26-8e8e-648a8de188cc.xlsx""]","[""2026-10-07""]",named_field,,3年,Chinese,,（眼耳鼻喉科医院）眼视光研究,,,
fudan-m-cn-115,2,Fudan University,master,2026,prior_cycle_catalogue,"[""fudan-m-cn""]","[""https://iso.fudan.edu.cn/_upload/article/files/3c/15/bb921fc24d0e82871d80687d0c58/9a2202e9-fbbb-4a26-8e8e-648a8de188cc.xlsx""]","[""2026-10-07""]",named_field,,3年,Chinese,,（眼耳鼻喉科医院）青光眼疾病的研究,,,
fudan-m-cn-115,3,Fudan University,master,2026,prior_cycle_catalogue,"[""fudan-m-cn""]","[""https://iso.fudan.edu.cn/_upload/article/files/3c/15/bb921fc24d0e82871d80687d0c58/9a2202e9-fbbb-4a26-8e8e-648a8de188cc.xlsx""]","[""2026-10-07""]",named_field,,3年,Chinese,,（眼耳鼻喉科医院）眼表疾病的研究,,,
fudan-m-cn-115,4,Fudan University,master,2026,prior_cycle_catalogue,"[""fudan-m-cn""]","[""https://iso.fudan.edu.cn/_upload/article/files/3c/15/bb921fc24d0e82871d80687d0c58/9a2202e9-fbbb-4a26-8e8e-648a8de188cc.xlsx""]","[""2026-10-07""]",named_field,,3年,Chinese,,（眼耳鼻喉科医院）眼视网膜疾病的研究,,,
fudan-m-cn-115,5,Fudan University,master,2026,prior_cycle_catalogue,"[""fudan-m-cn""]","[""https://iso.fudan.edu.cn/_upload/article/files/3c/15/bb921fc24d0e82871d80687d0c58/9a2202e9-fbbb-4a26-8e8e-648a8de188cc.xlsx""]","[""2026-10-07""]",named_field,,3年,Chinese,,（眼耳鼻喉科医院）白内障疾病的研究,,,
fudan-m-cn-115,6,Fudan University,master,2026,prior_cycle_catalogue,"[""fudan-m-cn""]","[""https://iso.fudan.edu.cn/_upload/article/files/3c/15/bb921fc24d0e82871d80687d0c58/9a2202e9-fbbb-4a26-8e8e-648a8de188cc.xlsx""]","[""2026-10-07""]",named_field,,3年,Chinese,,（眼耳鼻喉科医院）眼科疾病诊疗新技术,,,
fudan-m-cn-115,7,Fudan University,master,2026,prior_cycle_catalogue,"[""fudan-m-cn""]","[""https://iso.fudan.edu.cn/_upload/article/files/3c/15/bb921fc24d0e82871d80687d0c58/9a2202e9-fbbb-4a26-8e8e-648a8de188cc.xlsx""]","[""2026-10-07""]",named_field,,3年,Chinese,,（眼耳鼻喉科医院）神经性眼病,,,
fudan-m-cn-115,8,Fudan University,master,2026,prior_cycle_catalogue,"[""fudan-m-cn""]","[""https://iso.fudan.edu.cn/_upload/article/files/3c/15/bb921fc24d0e82871d80687d0c58/9a2202e9-fbbb-4a26-8e8e-648a8de188cc.xlsx""]","[""2026-10-07""]",named_field,,3年,Chinese,,（眼耳鼻喉科医院）近视发病分子机制及斜弱视临床研究,,,
fudan-m-cn-115,9,Fudan University,master,2026,prior_cycle_catalogue,"[""fudan-m-cn""]","[""https://iso.fudan.edu.cn/_upload/article/files/3c/15/bb921fc24d0e82871d80687d0c58/9a2202e9-fbbb-4a26-8e8e-648a8de188cc.xlsx""]","[""2026-10-07""]",named_field,,3年,Chinese,,（眼耳鼻喉科医院）斜视与儿童眼病,,,
fudan-m-cn-115,10,Fudan University,master,2026,prior_cycle_catalogue,"[""fudan-m-cn""]","[""https://iso.fudan.edu.cn/_upload/article/files/3c/15/bb921fc24d0e82871d80687d0c58/9a2202e9-fbbb-4a26-8e8e-648a8de188cc.xlsx""]","[""2026-10-07""]",named_field,,3年,Chinese,,（眼耳鼻喉科医院）斜弱视与小儿眼病，眼病脑重塑研究及转化,,,
fudan-m-cn-115,11,Fudan University,master,2026,prior_cycle_catalogue,"[""fudan-m-cn""]","[""https://iso.fudan.edu.cn/_upload/article/files/3c/15/bb921fc24d0e82871d80687d0c58/9a2202e9-fbbb-4a26-8e8e-648a8de188cc.xlsx""]","[""2026-10-07""]",named_field,,3年,Chinese,,（眼耳鼻喉科医院）视网膜疾病发病机制及诊治策略的研究,,,
fudan-m-cn-115,12,Fudan University,master,2026,prior_cycle_catalogue,"[""fudan-m-cn""]","[""https://iso.fudan.edu.cn/_upload/article/files/3c/15/bb921fc24d0e82871d80687d0c58/9a2202e9-fbbb-4a26-8e8e-648a8de188cc.xlsx""]","[""2026-10-07""]",named_field,,3年,Chinese,,（华东医院）视光学、青光眼、激光医学,,,
fudan-m-cn-115,13,Fudan University,master,2026,prior_cycle_catalogue,"[""fudan-m-cn""]","[""https://iso.fudan.edu.cn/_upload/article/files/3c/15/bb921fc24d0e82871d80687d0c58/9a2202e9-fbbb-4a26-8e8e-648a8de188cc.xlsx""]","[""2026-10-07""]",named_field,,3年,Chinese,,（眼耳鼻喉科医院）眼肿瘤眼眶疾病的研究,,,
fudan-m-cn-115,14,Fudan University,master,2026,prior_cycle_catalogue,"[""fudan-m-cn""]","[""https://iso.fudan.edu.cn/_upload/article/files/3c/15/bb921fc24d0e82871d80687d0c58/9a2202e9-fbbb-4a26-8e8e-648a8de188cc.xlsx""]","[""2026-10-07""]",named_field,,3年,Chinese,,（中山医院）眼科学基础与临床研究,,,
fudan-m-cn-116,1,Fudan University,master,2026,prior_cycle_catalogue,"[""fudan-m-cn""]","[""https://iso.fudan.edu.cn/_upload/article/files/3c/15/bb921fc24d0e82871d80687d0c58/9a2202e9-fbbb-4a26-8e8e-648a8de188cc.xlsx""]","[""2026-10-07""]",named_field,,3年,Chinese,,（中山医院）抗肿瘤药物递释与机制、药源性肾损与肝损机制、中药制剂创新转化,,,
fudan-m-cn-117,1,Fudan University,master,2026,prior_cycle_catalogue,"[""fudan-m-cn""]","[""https://iso.fudan.edu.cn/_upload/article/files/3c/15/bb921fc24d0e82871d80687d0c58/9a2202e9-fbbb-4a26-8e8e-648a8de188cc.xlsx""]","[""2026-10-07""]",named_field,,3年,Chinese,,（华东医院）人工智能与肺部疾病,,,
fudan-m-cn-117,2,Fudan University,master,2026,prior_cycle_catalogue,"[""fudan-m-cn""]","[""https://iso.fudan.edu.cn/_upload/article/files/3c/15/bb921fc24d0e82871d80687d0c58/9a2202e9-fbbb-4a26-8e8e-648a8de188cc.xlsx""]","[""2026-10-07""]",named_field,,3年,Chinese,,（华东医院）心肌微循环障碍多模态影像及负荷灌注研究,,,
fudan-m-cn-117,3,Fudan University,master,2026,prior_cycle_catalogue,"[""fudan-m-cn""]","[""https://iso.fudan.edu.cn/_upload/article/files/3c/15/bb921fc24d0e82871d80687d0c58/9a2202e9-fbbb-4a26-8e8e-648a8de188cc.xlsx""]","[""2026-10-07""]",named_field,,3年,Chinese,,（华东医院）功能磁共振成像在老年神经退变的机制研究,,,
fudan-m-cn-117,4,Fudan University,master,2026,prior_cycle_catalogue,"[""fudan-m-cn""]","[""https://iso.fudan.edu.cn/_upload/article/files/3c/15/bb921fc24d0e82871d80687d0c58/9a2202e9-fbbb-4a26-8e8e-648a8de188cc.xlsx""]","[""2026-10-07""]",named_field,,3年,Chinese,,（浦东医院）超声弹性应用基础研究,,,
fudan-m-cn-117,5,Fudan University,master,2026,prior_cycle_catalogue,"[""fudan-m-cn""]","[""https://iso.fudan.edu.cn/_upload/article/files/3c/15/bb921fc24d0e82871d80687d0c58/9a2202e9-fbbb-4a26-8e8e-648a8de188cc.xlsx""]","[""2026-10-07""]",named_field,,3年,Chinese,,（肿瘤医院）影像医学与核医学,,,
fudan-m-cn-117,6,Fudan University,master,2026,prior_cycle_catalogue,"[""fudan-m-cn""]","[""https://iso.fudan.edu.cn/_upload/article/files/3c/15/bb921fc24d0e82871d80687d0c58/9a2202e9-fbbb-4a26-8e8e-648a8de188cc.xlsx""]","[""2026-10-07""]",named_field,,3年,Chinese,,（华山医院）神经影像学,,,
fudan-m-cn-117,7,Fudan University,master,2026,prior_cycle_catalogue,"[""fudan-m-cn""]","[""https://iso.fudan.edu.cn/_upload/article/files/3c/15/bb921fc24d0e82871d80687d0c58/9a2202e9-fbbb-4a26-8e8e-648a8de188cc.xlsx""]","[""2026-10-07""]",named_field,,3年,Chinese,,（华山医院）硬脑膜动静脉瘘的解剖学基础研究,,,
fudan-m-cn-117,8,Fudan University,master,2026,prior_cycle_catalogue,"[""fudan-m-cn""]","[""https://iso.fudan.edu.cn/_upload/article/files/3c/15/bb921fc24d0e82871d80687d0c58/9a2202e9-fbbb-4a26-8e8e-648a8de188cc.xlsx""]","[""2026-10-07""]",named_field,,3年,Chinese,,（中山医院）超声医学临床及基础研究,,,
fudan-m-cn-117,9,Fudan University,master,2026,prior_cycle_catalogue,"[""fudan-m-cn""]","[""https://iso.fudan.edu.cn/_upload/article/files/3c/15/bb921fc24d0e82871d80687d0c58/9a2202e9-fbbb-4a26-8e8e-648a8de188cc.xlsx""]","[""2026-10-07""]",named_field,,3年,Chinese,,（中山医院）消化系统恶性肿瘤影像学精准评估、肠癌及肝转移高阶功能成像技术应用,,,
fudan-m-cn-117,10,Fudan University,master,2026,prior_cycle_catalogue,"[""fudan-m-cn""]","[""https://iso.fudan.edu.cn/_upload/article/files/3c/15/bb921fc24d0e82871d80687d0c58/9a2202e9-fbbb-4a26-8e8e-648a8de188cc.xlsx""]","[""2026-10-07""]",named_field,,3年,Chinese,,（中山医院）肝癌智能诊断及弹性成像研究,,,
fudan-m-cn-118,1,Fudan University,master,2026,prior_cycle_catalogue,"[""fudan-m-cn""]","[""https://iso.fudan.edu.cn/_upload/article/files/3c/15/bb921fc24d0e82871d80687d0c58/9a2202e9-fbbb-4a26-8e8e-648a8de188cc.xlsx""]","[""2026-10-07""]",named_field,,3年,Chinese,,（华山医院）运动医学,,,
fudan-m-cn-118,2,Fudan University,master,2026,prior_cycle_catalogue,"[""fudan-m-cn""]","[""https://iso.fudan.edu.cn/_upload/article/files/3c/15/bb921fc24d0e82871d80687d0c58/9a2202e9-fbbb-4a26-8e8e-648a8de188cc.xlsx""]","[""2026-10-07""]",named_field,,3年,Chinese,,（华山医院）运动系统诊疗新技术,,,
fudan-m-cn-119,1,Fudan University,master,2026,prior_cycle_catalogue,"[""fudan-m-cn""]","[""https://iso.fudan.edu.cn/_upload/article/files/3c/15/bb921fc24d0e82871d80687d0c58/9a2202e9-fbbb-4a26-8e8e-648a8de188cc.xlsx""]","[""2026-10-07""]",named_field,,3年,Chinese,,（华山医院）呼吸、肿瘤、老年医学,,,
fudan-m-cn-119,2,Fudan University,master,2026,prior_cycle_catalogue,"[""fudan-m-cn""]","[""https://iso.fudan.edu.cn/_upload/article/files/3c/15/bb921fc24d0e82871d80687d0c58/9a2202e9-fbbb-4a26-8e8e-648a8de188cc.xlsx""]","[""2026-10-07""]",named_field,,3年,Chinese,,（华东医院）中医药防治脊柱、骨与关节退行性疾病的基础与临床研究,,,
fudan-m-cn-119,3,Fudan University,master,2026,prior_cycle_catalogue,"[""fudan-m-cn""]","[""https://iso.fudan.edu.cn/_upload/article/files/3c/15/bb921fc24d0e82871d80687d0c58/9a2202e9-fbbb-4a26-8e8e-648a8de188cc.xlsx""]","[""2026-10-07""]",named_field,,3年,Chinese,,（华东医院）中西医结合防治老年病,,,
fudan-m-cn-119,4,Fudan University,master,2026,prior_cycle_catalogue,"[""fudan-m-cn""]","[""https://iso.fudan.edu.cn/_upload/article/files/3c/15/bb921fc24d0e82871d80687d0c58/9a2202e9-fbbb-4a26-8e8e-648a8de188cc.xlsx""]","[""2026-10-07""]",named_field,,3年,Chinese,,（肿瘤医院）胰腺癌中西医结合治疗应用研究,,,
fudan-m-cn-120,1,Fudan University,master,2026,prior_cycle_catalogue,"[""fudan-m-cn""]","[""https://iso.fudan.edu.cn/_upload/article/files/3c/15/bb921fc24d0e82871d80687d0c58/9a2202e9-fbbb-4a26-8e8e-648a8de188cc.xlsx""]","[""2026-10-07""]",named_field,,3年,Chinese,,（中山医院）胰腺肿瘤微环境的促癌机制及其临床转化研究,,,
fudan-m-cn-120,2,Fudan University,master,2026,prior_cycle_catalogue,"[""fudan-m-cn""]","[""https://iso.fudan.edu.cn/_upload/article/files/3c/15/bb921fc24d0e82871d80687d0c58/9a2202e9-fbbb-4a26-8e8e-648a8de188cc.xlsx""]","[""2026-10-07""]",named_field,,3年,Chinese,,（中山医院）妇科肿瘤,,,
fudan-m-cn-120,3,Fudan University,master,2026,prior_cycle_catalogue,"[""fudan-m-cn""]","[""https://iso.fudan.edu.cn/_upload/article/files/3c/15/bb921fc24d0e82871d80687d0c58/9a2202e9-fbbb-4a26-8e8e-648a8de188cc.xlsx""]","[""2026-10-07""]",named_field,,3年,Chinese,,（中山医院）肿瘤学、生物信息学、医学信息学,,,
fudan-m-cn-120,4,Fudan University,master,2026,prior_cycle_catalogue,"[""fudan-m-cn""]","[""https://iso.fudan.edu.cn/_upload/article/files/3c/15/bb921fc24d0e82871d80687d0c58/9a2202e9-fbbb-4a26-8e8e-648a8de188cc.xlsx""]","[""2026-10-07""]",named_field,,3年,Chinese,,（华东医院）肺癌放疗联合免疫治疗的临床与基础,,,
fudan-m-cn-120,5,Fudan University,master,2026,prior_cycle_catalogue,"[""fudan-m-cn""]","[""https://iso.fudan.edu.cn/_upload/article/files/3c/15/bb921fc24d0e82871d80687d0c58/9a2202e9-fbbb-4a26-8e8e-648a8de188cc.xlsx""]","[""2026-10-07""]",named_field,,3年,Chinese,,（华山医院）中枢神经系统肿瘤的放疗及综合治疗,,,
fudan-m-cn-120,6,Fudan University,master,2026,prior_cycle_catalogue,"[""fudan-m-cn""]","[""https://iso.fudan.edu.cn/_upload/article/files/3c/15/bb921fc24d0e82871d80687d0c58/9a2202e9-fbbb-4a26-8e8e-648a8de188cc.xlsx""]","[""2026-10-07""]",named_field,,3年,Chinese,,（肿瘤医院）肿瘤学,,,
fudan-m-cn-120,7,Fudan University,master,2026,prior_cycle_catalogue,"[""fudan-m-cn""]","[""https://iso.fudan.edu.cn/_upload/article/files/3c/15/bb921fc24d0e82871d80687d0c58/9a2202e9-fbbb-4a26-8e8e-648a8de188cc.xlsx""]","[""2026-10-07""]",named_field,,3年,Chinese,,（浦东医院）肿瘤免疫综合及细胞疗法等的转化和临床研究,,,
fudan-m-cn-121,1,Fudan University,master,2026,prior_cycle_catalogue,"[""fudan-m-cn""]","[""https://iso.fudan.edu.cn/_upload/article/files/3c/15/bb921fc24d0e82871d80687d0c58/9a2202e9-fbbb-4a26-8e8e-648a8de188cc.xlsx""]","[""2026-10-07""]",named_field,,3年,Chinese,,（中山医院）重症大数据、急性肺损伤的机制研究,,,
fudan-m-cn-122,1,Fudan University,master,2026,prior_cycle_catalogue,"[""fudan-m-cn""]","[""https://iso.fudan.edu.cn/_upload/article/files/3c/15/bb921fc24d0e82871d80687d0c58/9a2202e9-fbbb-4a26-8e8e-648a8de188cc.xlsx""]","[""2026-10-07""]",named_field,,3年,Chinese,,（全日制）胸部影像诊断新技术研究,,,
fudan-m-cn-122,2,Fudan University,master,2026,prior_cycle_catalogue,"[""fudan-m-cn""]","[""https://iso.fudan.edu.cn/_upload/article/files/3c/15/bb921fc24d0e82871d80687d0c58/9a2202e9-fbbb-4a26-8e8e-648a8de188cc.xlsx""]","[""2026-10-07""]",named_field,,3年,Chinese,,（全日制）PET/CT功能成像,,,
fudan-m-cn-122,3,Fudan University,master,2026,prior_cycle_catalogue,"[""fudan-m-cn""]","[""https://iso.fudan.edu.cn/_upload/article/files/3c/15/bb921fc24d0e82871d80687d0c58/9a2202e9-fbbb-4a26-8e8e-648a8de188cc.xlsx""]","[""2026-10-07""]",named_field,,3年,Chinese,,（全日制）肝脏疾病超声诊断,,,
fudan-m-cn-122,4,Fudan University,master,2026,prior_cycle_catalogue,"[""fudan-m-cn""]","[""https://iso.fudan.edu.cn/_upload/article/files/3c/15/bb921fc24d0e82871d80687d0c58/9a2202e9-fbbb-4a26-8e8e-648a8de188cc.xlsx""]","[""2026-10-07""]",named_field,,3年,Chinese,,（全日制）乳腺疾病影像学诊断,,,
fudan-m-cn-122,5,Fudan University,master,2026,prior_cycle_catalogue,"[""fudan-m-cn""]","[""https://iso.fudan.edu.cn/_upload/article/files/3c/15/bb921fc24d0e82871d80687d0c58/9a2202e9-fbbb-4a26-8e8e-648a8de188cc.xlsx""]","[""2026-10-07""]",named_field,,3年,Chinese,,（全日制）中枢神经系统影像诊断,,,
fudan-m-cn-122,6,Fudan University,master,2026,prior_cycle_catalogue,"[""fudan-m-cn""]","[""https://iso.fudan.edu.cn/_upload/article/files/3c/15/bb921fc24d0e82871d80687d0c58/9a2202e9-fbbb-4a26-8e8e-648a8de188cc.xlsx""]","[""2026-10-07""]",named_field,,3年,Chinese,,（全日制）盆腔肿瘤影像学诊断,,,
fudan-m-cn-122,7,Fudan University,master,2026,prior_cycle_catalogue,"[""fudan-m-cn""]","[""https://iso.fudan.edu.cn/_upload/article/files/3c/15/bb921fc24d0e82871d80687d0c58/9a2202e9-fbbb-4a26-8e8e-648a8de188cc.xlsx""]","[""2026-10-07""]",named_field,,3年,Chinese,,（全日制）胰腺肿瘤诊治,,,
fudan-m-cn-122,8,Fudan University,master,2026,prior_cycle_catalogue,"[""fudan-m-cn""]","[""https://iso.fudan.edu.cn/_upload/article/files/3c/15/bb921fc24d0e82871d80687d0c58/9a2202e9-fbbb-4a26-8e8e-648a8de188cc.xlsx""]","[""2026-10-07""]",named_field,,3年,Chinese,,（全日制）门静脉癌栓微创治疗,,,
fudan-m-cn-122,9,Fudan University,master,2026,prior_cycle_catalogue,"[""fudan-m-cn""]","[""https://iso.fudan.edu.cn/_upload/article/files/3c/15/bb921fc24d0e82871d80687d0c58/9a2202e9-fbbb-4a26-8e8e-648a8de188cc.xlsx""]","[""2026-10-07""]",named_field,,3年,Chinese,,（全日制）心血管疾病影像学诊断,,,
fudan-m-cn-122,10,Fudan University,master,2026,prior_cycle_catalogue,"[""fudan-m-cn""]","[""https://iso.fudan.edu.cn/_upload/article/files/3c/15/bb921fc24d0e82871d80687d0c58/9a2202e9-fbbb-4a26-8e8e-648a8de188cc.xlsx""]","[""2026-10-07""]",named_field,,3年,Chinese,,（全日制）腹部肿瘤的影像学早期诊断,,,
fudan-m-cn-123,1,Fudan University,master,2026,prior_cycle_catalogue,"[""fudan-m-cn""]","[""https://iso.fudan.edu.cn/_upload/article/files/3c/15/bb921fc24d0e82871d80687d0c58/9a2202e9-fbbb-4a26-8e8e-648a8de188cc.xlsx""]","[""2026-10-07""]",named_field,,3年,Chinese,,（全日制）情绪记忆的神经基础、建立和验证人类心理疾病的动物模型,,,
fudan-m-cn-123,2,Fudan University,master,2026,prior_cycle_catalogue,"[""fudan-m-cn""]","[""https://iso.fudan.edu.cn/_upload/article/files/3c/15/bb921fc24d0e82871d80687d0c58/9a2202e9-fbbb-4a26-8e8e-648a8de188cc.xlsx""]","[""2026-10-07""]",named_field,,3年,Chinese,,（全日制）神经退行性疾病的基因功能调控研究,,,
fudan-m-cn-123,3,Fudan University,master,2026,prior_cycle_catalogue,"[""fudan-m-cn""]","[""https://iso.fudan.edu.cn/_upload/article/files/3c/15/bb921fc24d0e82871d80687d0c58/9a2202e9-fbbb-4a26-8e8e-648a8de188cc.xlsx""]","[""2026-10-07""]",named_field,,3年,Chinese,,（全日制）动机行为的神经生物学机制,,,
fudan-m-cn-123,4,Fudan University,master,2026,prior_cycle_catalogue,"[""fudan-m-cn""]","[""https://iso.fudan.edu.cn/_upload/article/files/3c/15/bb921fc24d0e82871d80687d0c58/9a2202e9-fbbb-4a26-8e8e-648a8de188cc.xlsx""]","[""2026-10-07""]",named_field,,3年,Chinese,,（全日制）血管性脑病和颅脑外伤后神经功能重塑的临床前期研究,,,
fudan-m-cn-123,5,Fudan University,master,2026,prior_cycle_catalogue,"[""fudan-m-cn""]","[""https://iso.fudan.edu.cn/_upload/article/files/3c/15/bb921fc24d0e82871d80687d0c58/9a2202e9-fbbb-4a26-8e8e-648a8de188cc.xlsx""]","[""2026-10-07""]",named_field,,3年,Chinese,,（全日制）视觉的高级认知功能和计算方法开发,,,
fudan-m-cn-123,6,Fudan University,master,2026,prior_cycle_catalogue,"[""fudan-m-cn""]","[""https://iso.fudan.edu.cn/_upload/article/files/3c/15/bb921fc24d0e82871d80687d0c58/9a2202e9-fbbb-4a26-8e8e-648a8de188cc.xlsx""]","[""2026-10-07""]",named_field,,3年,Chinese,,（全日制）疼痛和瘙痒的分子机制,,,
fudan-m-cn-123,7,Fudan University,master,2026,prior_cycle_catalogue,"[""fudan-m-cn""]","[""https://iso.fudan.edu.cn/_upload/article/files/3c/15/bb921fc24d0e82871d80687d0c58/9a2202e9-fbbb-4a26-8e8e-648a8de188cc.xlsx""]","[""2026-10-07""]",named_field,,3年,Chinese,,（全日制）神经环路的遗传解析,,,
fudan-m-cn-123,8,Fudan University,master,2026,prior_cycle_catalogue,"[""fudan-m-cn""]","[""https://iso.fudan.edu.cn/_upload/article/files/3c/15/bb921fc24d0e82871d80687d0c58/9a2202e9-fbbb-4a26-8e8e-648a8de188cc.xlsx""]","[""2026-10-07""]",named_field,,3年,Chinese,,（全日制）神经退行性疾病的分子机制研究与干预,,,
fudan-m-cn-123,9,Fudan University,master,2026,prior_cycle_catalogue,"[""fudan-m-cn""]","[""https://iso.fudan.edu.cn/_upload/article/files/3c/15/bb921fc24d0e82871d80687d0c58/9a2202e9-fbbb-4a26-8e8e-648a8de188cc.xlsx""]","[""2026-10-07""]",named_field,,3年,Chinese,,（全日制）抑郁症的表观遗传调控机制,,,
fudan-m-cn-123,10,Fudan University,master,2026,prior_cycle_catalogue,"[""fudan-m-cn""]","[""https://iso.fudan.edu.cn/_upload/article/files/3c/15/bb921fc24d0e82871d80687d0c58/9a2202e9-fbbb-4a26-8e8e-648a8de188cc.xlsx""]","[""2026-10-07""]",named_field,,3年,Chinese,,（全日制）神经干细胞、脑发育和脑疾病,,,
fudan-m-cn-123,11,Fudan University,master,2026,prior_cycle_catalogue,"[""fudan-m-cn""]","[""https://iso.fudan.edu.cn/_upload/article/files/3c/15/bb921fc24d0e82871d80687d0c58/9a2202e9-fbbb-4a26-8e8e-648a8de188cc.xlsx""]","[""2026-10-07""]",named_field,,3年,Chinese,,（全日制）自主神经生物学、针刺免疫调节的神经生物学机制,,,
fudan-m-cn-123,12,Fudan University,master,2026,prior_cycle_catalogue,"[""fudan-m-cn""]","[""https://iso.fudan.edu.cn/_upload/article/files/3c/15/bb921fc24d0e82871d80687d0c58/9a2202e9-fbbb-4a26-8e8e-648a8de188cc.xlsx""]","[""2026-10-07""]",named_field,,3年,Chinese,,（全日制）学习记忆的神经通讯与计算、神经调控技术,,,
fudan-m-cn-123,13,Fudan University,master,2026,prior_cycle_catalogue,"[""fudan-m-cn""]","[""https://iso.fudan.edu.cn/_upload/article/files/3c/15/bb921fc24d0e82871d80687d0c58/9a2202e9-fbbb-4a26-8e8e-648a8de188cc.xlsx""]","[""2026-10-07""]",named_field,,3年,Chinese,,（全日制）大脑发育与脑疾病的分子基础,,,
fudan-m-cn-123,14,Fudan University,master,2026,prior_cycle_catalogue,"[""fudan-m-cn""]","[""https://iso.fudan.edu.cn/_upload/article/files/3c/15/bb921fc24d0e82871d80687d0c58/9a2202e9-fbbb-4a26-8e8e-648a8de188cc.xlsx""]","[""2026-10-07""]",named_field,,3年,Chinese,,（全日制）线粒体功能异常与神经系统疾病,,,
fudan-m-cn-123,15,Fudan University,master,2026,prior_cycle_catalogue,"[""fudan-m-cn""]","[""https://iso.fudan.edu.cn/_upload/article/files/3c/15/bb921fc24d0e82871d80687d0c58/9a2202e9-fbbb-4a26-8e8e-648a8de188cc.xlsx""]","[""2026-10-07""]",named_field,,3年,Chinese,,（全日制）突触发育、维持和相关神经疾病发病机理,,,
fudan-m-cn-123,16,Fudan University,master,2026,prior_cycle_catalogue,"[""fudan-m-cn""]","[""https://iso.fudan.edu.cn/_upload/article/files/3c/15/bb921fc24d0e82871d80687d0c58/9a2202e9-fbbb-4a26-8e8e-648a8de188cc.xlsx""]","[""2026-10-07""]",named_field,,3年,Chinese,,（全日制）神经微环路的发育及功能,,,
fudan-m-cn-123,17,Fudan University,master,2026,prior_cycle_catalogue,"[""fudan-m-cn""]","[""https://iso.fudan.edu.cn/_upload/article/files/3c/15/bb921fc24d0e82871d80687d0c58/9a2202e9-fbbb-4a26-8e8e-648a8de188cc.xlsx""]","[""2026-10-07""]",named_field,,3年,Chinese,,（全日制）内感知的神经机制,,,
fudan-m-cn-123,18,Fudan University,master,2026,prior_cycle_catalogue,"[""fudan-m-cn""]","[""https://iso.fudan.edu.cn/_upload/article/files/3c/15/bb921fc24d0e82871d80687d0c58/9a2202e9-fbbb-4a26-8e8e-648a8de188cc.xlsx""]","[""2026-10-07""]",named_field,,3年,Chinese,,（全日制）神经系统GPCR信号调控与药物靶标开发,,,
fudan-m-cn-123,19,Fudan University,master,2026,prior_cycle_catalogue,"[""fudan-m-cn""]","[""https://iso.fudan.edu.cn/_upload/article/files/3c/15/bb921fc24d0e82871d80687d0c58/9a2202e9-fbbb-4a26-8e8e-648a8de188cc.xlsx""]","[""2026-10-07""]",named_field,,3年,Chinese,,（全日制）癫痫及其干预机制研究,,,
fudan-m-cn-123,20,Fudan University,master,2026,prior_cycle_catalogue,"[""fudan-m-cn""]","[""https://iso.fudan.edu.cn/_upload/article/files/3c/15/bb921fc24d0e82871d80687d0c58/9a2202e9-fbbb-4a26-8e8e-648a8de188cc.xlsx""]","[""2026-10-07""]",named_field,,3年,Chinese,,（全日制）视网膜突触传递和调控的机制、神经退行性视网膜病变的细胞和分子机制,,,
fudan-m-cn-123,21,Fudan University,master,2026,prior_cycle_catalogue,"[""fudan-m-cn""]","[""https://iso.fudan.edu.cn/_upload/article/files/3c/15/bb921fc24d0e82871d80687d0c58/9a2202e9-fbbb-4a26-8e8e-648a8de188cc.xlsx""]","[""2026-10-07""]",named_field,,3年,Chinese,,（全日制）磁共振成像脑网络研究,,,
fudan-m-cn-123,22,Fudan University,master,2026,prior_cycle_catalogue,"[""fudan-m-cn""]","[""https://iso.fudan.edu.cn/_upload/article/files/3c/15/bb921fc24d0e82871d80687d0c58/9a2202e9-fbbb-4a26-8e8e-648a8de188cc.xlsx""]","[""2026-10-07""]",named_field,,3年,Chinese,,（全日制）神经调质系统环路结构和功能,,,
fudan-m-cn-123,23,Fudan University,master,2026,prior_cycle_catalogue,"[""fudan-m-cn""]","[""https://iso.fudan.edu.cn/_upload/article/files/3c/15/bb921fc24d0e82871d80687d0c58/9a2202e9-fbbb-4a26-8e8e-648a8de188cc.xlsx""]","[""2026-10-07""]",named_field,,3年,Chinese,,（全日制）脑疾病的发病机制与干细胞移植治疗,,,
fudan-m-cn-123,24,Fudan University,master,2026,prior_cycle_catalogue,"[""fudan-m-cn""]","[""https://iso.fudan.edu.cn/_upload/article/files/3c/15/bb921fc24d0e82871d80687d0c58/9a2202e9-fbbb-4a26-8e8e-648a8de188cc.xlsx""]","[""2026-10-07""]",named_field,,3年,Chinese,,（全日制）胶质细胞的功能及脑疾病研究,,,
fudan-m-cn-123,25,Fudan University,master,2026,prior_cycle_catalogue,"[""fudan-m-cn""]","[""https://iso.fudan.edu.cn/_upload/article/files/3c/15/bb921fc24d0e82871d80687d0c58/9a2202e9-fbbb-4a26-8e8e-648a8de188cc.xlsx""]","[""2026-10-07""]",named_field,,3年,Chinese,,（全日制）视觉信息处理的神经机制及细胞和分子基础、疾病状态下视网膜的损伤与功能重塑,,,
fudan-m-cn-123,26,Fudan University,master,2026,prior_cycle_catalogue,"[""fudan-m-cn""]","[""https://iso.fudan.edu.cn/_upload/article/files/3c/15/bb921fc24d0e82871d80687d0c58/9a2202e9-fbbb-4a26-8e8e-648a8de188cc.xlsx""]","[""2026-10-07""]",named_field,,3年,Chinese,,（全日制）神经干细胞和神经发育,,,
fudan-m-cn-123,27,Fudan University,master,2026,prior_cycle_catalogue,"[""fudan-m-cn""]","[""https://iso.fudan.edu.cn/_upload/article/files/3c/15/bb921fc24d0e82871d80687d0c58/9a2202e9-fbbb-4a26-8e8e-648a8de188cc.xlsx""]","[""2026-10-07""]",named_field,,3年,Chinese,,（全日制）脑神经环路发育、脑发育疾病的临床与基础研究,,,
fudan-m-cn-123,28,Fudan University,master,2026,prior_cycle_catalogue,"[""fudan-m-cn""]","[""https://iso.fudan.edu.cn/_upload/article/files/3c/15/bb921fc24d0e82871d80687d0c58/9a2202e9-fbbb-4a26-8e8e-648a8de188cc.xlsx""]","[""2026-10-07""]",named_field,,3年,Chinese,,（全日制）视觉功能修复和视觉智能化应用,,,
fudan-m-cn-123,29,Fudan University,master,2026,prior_cycle_catalogue,"[""fudan-m-cn""]","[""https://iso.fudan.edu.cn/_upload/article/files/3c/15/bb921fc24d0e82871d80687d0c58/9a2202e9-fbbb-4a26-8e8e-648a8de188cc.xlsx""]","[""2026-10-07""]",named_field,,3年,Chinese,,（全日制）痛感觉和痛情绪的神经机制,,,
fudan-m-cn-123,30,Fudan University,master,2026,prior_cycle_catalogue,"[""fudan-m-cn""]","[""https://iso.fudan.edu.cn/_upload/article/files/3c/15/bb921fc24d0e82871d80687d0c58/9a2202e9-fbbb-4a26-8e8e-648a8de188cc.xlsx""]","[""2026-10-07""]",named_field,,3年,Chinese,,（全日制）血脑屏障损伤与神经炎症、脑卒中急性损伤保护与再生修复机制,,,
fudan-m-cn-123,31,Fudan University,master,2026,prior_cycle_catalogue,"[""fudan-m-cn""]","[""https://iso.fudan.edu.cn/_upload/article/files/3c/15/bb921fc24d0e82871d80687d0c58/9a2202e9-fbbb-4a26-8e8e-648a8de188cc.xlsx""]","[""2026-10-07""]",named_field,,3年,Chinese,,（全日制）成瘾记忆的神经环路机制、认知功能的神经环路和化学调控机制,,,
fudan-m-cn-123,32,Fudan University,master,2026,prior_cycle_catalogue,"[""fudan-m-cn""]","[""https://iso.fudan.edu.cn/_upload/article/files/3c/15/bb921fc24d0e82871d80687d0c58/9a2202e9-fbbb-4a26-8e8e-648a8de188cc.xlsx""]","[""2026-10-07""]",named_field,,3年,Chinese,,（全日制）大脑发育、进化及相关疾病的基因解码与计算生物学研究,,,
fudan-m-cn-123,33,Fudan University,master,2026,prior_cycle_catalogue,"[""fudan-m-cn""]","[""https://iso.fudan.edu.cn/_upload/article/files/3c/15/bb921fc24d0e82871d80687d0c58/9a2202e9-fbbb-4a26-8e8e-648a8de188cc.xlsx""]","[""2026-10-07""]",named_field,,3年,Chinese,,（全日制）奖赏与厌恶的神经机制,,,
fudan-m-cn-123,34,Fudan University,master,2026,prior_cycle_catalogue,"[""fudan-m-cn""]","[""https://iso.fudan.edu.cn/_upload/article/files/3c/15/bb921fc24d0e82871d80687d0c58/9a2202e9-fbbb-4a26-8e8e-648a8de188cc.xlsx""]","[""2026-10-07""]",named_field,,3年,Chinese,,（全日制）神经发育障碍的分子机制,,,
fudan-m-cn-123,35,Fudan University,master,2026,prior_cycle_catalogue,"[""fudan-m-cn""]","[""https://iso.fudan.edu.cn/_upload/article/files/3c/15/bb921fc24d0e82871d80687d0c58/9a2202e9-fbbb-4a26-8e8e-648a8de188cc.xlsx""]","[""2026-10-07""]",named_field,,3年,Chinese,,（全日制）躯体感觉情感成分在大脑的编码机制、愉悦型触觉调控社交行为的神经机制,,,
fudan-m-cn-123,36,Fudan University,master,2026,prior_cycle_catalogue,"[""fudan-m-cn""]","[""https://iso.fudan.edu.cn/_upload/article/files/3c/15/bb921fc24d0e82871d80687d0c58/9a2202e9-fbbb-4a26-8e8e-648a8de188cc.xlsx""]","[""2026-10-07""]",named_field,,3年,Chinese,,（全日制）神经系统疾病致病靶点的原创干预策略开发,,,
fudan-m-cn-123,37,Fudan University,master,2026,prior_cycle_catalogue,"[""fudan-m-cn""]","[""https://iso.fudan.edu.cn/_upload/article/files/3c/15/bb921fc24d0e82871d80687d0c58/9a2202e9-fbbb-4a26-8e8e-648a8de188cc.xlsx""]","[""2026-10-07""]",named_field,,3年,Chinese,,（全日制）单胺系统如何调控突触可塑性、控制行为,,,
fudan-m-cn-123,38,Fudan University,master,2026,prior_cycle_catalogue,"[""fudan-m-cn""]","[""https://iso.fudan.edu.cn/_upload/article/files/3c/15/bb921fc24d0e82871d80687d0c58/9a2202e9-fbbb-4a26-8e8e-648a8de188cc.xlsx""]","[""2026-10-07""]",named_field,,3年,Chinese,,（全日制）大脑与行为的性别分化、下丘脑神经环路,,,
fudan-m-cn-124,1,Fudan University,master,2026,prior_cycle_catalogue,"[""fudan-m-cn""]","[""https://iso.fudan.edu.cn/_upload/article/files/3c/15/bb921fc24d0e82871d80687d0c58/9a2202e9-fbbb-4a26-8e8e-648a8de188cc.xlsx""]","[""2026-10-07""]",named_field,,3年,Chinese,,（全日制）基因编辑技术开发优化、遗传性脑疾病的基因治疗,,,
fudan-m-cn-124,2,Fudan University,master,2026,prior_cycle_catalogue,"[""fudan-m-cn""]","[""https://iso.fudan.edu.cn/_upload/article/files/3c/15/bb921fc24d0e82871d80687d0c58/9a2202e9-fbbb-4a26-8e8e-648a8de188cc.xlsx""]","[""2026-10-07""]",named_field,,3年,Chinese,,（全日制）中枢神经系统肿瘤与炎症,,,
fudan-m-cn-124,3,Fudan University,master,2026,prior_cycle_catalogue,"[""fudan-m-cn""]","[""https://iso.fudan.edu.cn/_upload/article/files/3c/15/bb921fc24d0e82871d80687d0c58/9a2202e9-fbbb-4a26-8e8e-648a8de188cc.xlsx""]","[""2026-10-07""]",named_field,,3年,Chinese,,（全日制）慢性痛的机制研究,,,
fudan-m-cn-124,4,Fudan University,master,2026,prior_cycle_catalogue,"[""fudan-m-cn""]","[""https://iso.fudan.edu.cn/_upload/article/files/3c/15/bb921fc24d0e82871d80687d0c58/9a2202e9-fbbb-4a26-8e8e-648a8de188cc.xlsx""]","[""2026-10-07""]",named_field,,3年,Chinese,,（全日制）肥胖等代谢性疾病机制研究,,,
fudan-m-cn-124,5,Fudan University,master,2026,prior_cycle_catalogue,"[""fudan-m-cn""]","[""https://iso.fudan.edu.cn/_upload/article/files/3c/15/bb921fc24d0e82871d80687d0c58/9a2202e9-fbbb-4a26-8e8e-648a8de188cc.xlsx""]","[""2026-10-07""]",named_field,,3年,Chinese,,（全日制）解析情绪与社会行为的神经机制,,,
fudan-m-cn-124,6,Fudan University,master,2026,prior_cycle_catalogue,"[""fudan-m-cn""]","[""https://iso.fudan.edu.cn/_upload/article/files/3c/15/bb921fc24d0e82871d80687d0c58/9a2202e9-fbbb-4a26-8e8e-648a8de188cc.xlsx""]","[""2026-10-07""]",named_field,,3年,Chinese,,（全日制）神经信号传导和脑疾病相关蛋白质机器的机制解析,,,
fudan-m-cn-124,7,Fudan University,master,2026,prior_cycle_catalogue,"[""fudan-m-cn""]","[""https://iso.fudan.edu.cn/_upload/article/files/3c/15/bb921fc24d0e82871d80687d0c58/9a2202e9-fbbb-4a26-8e8e-648a8de188cc.xlsx""]","[""2026-10-07""]",named_field,,3年,Chinese,,（全日制）胶质细胞代谢与功能,,,
fudan-m-cn-124,8,Fudan University,master,2026,prior_cycle_catalogue,"[""fudan-m-cn""]","[""https://iso.fudan.edu.cn/_upload/article/files/3c/15/bb921fc24d0e82871d80687d0c58/9a2202e9-fbbb-4a26-8e8e-648a8de188cc.xlsx""]","[""2026-10-07""]",named_field,,3年,Chinese,,（全日制）睡眠调控与睡眠障碍的产生机制,,,
fudan-m-cn-124,9,Fudan University,master,2026,prior_cycle_catalogue,"[""fudan-m-cn""]","[""https://iso.fudan.edu.cn/_upload/article/files/3c/15/bb921fc24d0e82871d80687d0c58/9a2202e9-fbbb-4a26-8e8e-648a8de188cc.xlsx""]","[""2026-10-07""]",named_field,,3年,Chinese,,（全日制）记忆原理及应用研究,,,
fudan-m-cn-124,10,Fudan University,master,2026,prior_cycle_catalogue,"[""fudan-m-cn""]","[""https://iso.fudan.edu.cn/_upload/article/files/3c/15/bb921fc24d0e82871d80687d0c58/9a2202e9-fbbb-4a26-8e8e-648a8de188cc.xlsx""]","[""2026-10-07""]",named_field,,3年,Chinese,,（全日制）学习记忆、脑疾病机制研究,,,
fudan-m-cn-124,11,Fudan University,master,2026,prior_cycle_catalogue,"[""fudan-m-cn""]","[""https://iso.fudan.edu.cn/_upload/article/files/3c/15/bb921fc24d0e82871d80687d0c58/9a2202e9-fbbb-4a26-8e8e-648a8de188cc.xlsx""]","[""2026-10-07""]",named_field,,3年,Chinese,,（全日制）大脑皮层的功能结构和信息处理,,,
fudan-m-cn-124,12,Fudan University,master,2026,prior_cycle_catalogue,"[""fudan-m-cn""]","[""https://iso.fudan.edu.cn/_upload/article/files/3c/15/bb921fc24d0e82871d80687d0c58/9a2202e9-fbbb-4a26-8e8e-648a8de188cc.xlsx""]","[""2026-10-07""]",named_field,,3年,Chinese,,（全日制）神经发育与神经环路解析,,,
fudan-m-cn-124,13,Fudan University,master,2026,prior_cycle_catalogue,"[""fudan-m-cn""]","[""https://iso.fudan.edu.cn/_upload/article/files/3c/15/bb921fc24d0e82871d80687d0c58/9a2202e9-fbbb-4a26-8e8e-648a8de188cc.xlsx""]","[""2026-10-07""]",named_field,,3年,Chinese,,（全日制）肠道神经生物学和脑肠神经连接,,,
fudan-m-cn-124,14,Fudan University,master,2026,prior_cycle_catalogue,"[""fudan-m-cn""]","[""https://iso.fudan.edu.cn/_upload/article/files/3c/15/bb921fc24d0e82871d80687d0c58/9a2202e9-fbbb-4a26-8e8e-648a8de188cc.xlsx""]","[""2026-10-07""]",named_field,,3年,Chinese,,（全日制）小胶质细胞与神经免疫学,,,
fudan-m-cn-124,15,Fudan University,master,2026,prior_cycle_catalogue,"[""fudan-m-cn""]","[""https://iso.fudan.edu.cn/_upload/article/files/3c/15/bb921fc24d0e82871d80687d0c58/9a2202e9-fbbb-4a26-8e8e-648a8de188cc.xlsx""]","[""2026-10-07""]",named_field,,3年,Chinese,,（全日制）脑肿瘤表观遗传与微环境,,,
fudan-m-cn-124,16,Fudan University,master,2026,prior_cycle_catalogue,"[""fudan-m-cn""]","[""https://iso.fudan.edu.cn/_upload/article/files/3c/15/bb921fc24d0e82871d80687d0c58/9a2202e9-fbbb-4a26-8e8e-648a8de188cc.xlsx""]","[""2026-10-07""]",named_field,,3年,Chinese,,（全日制）多能干细胞、类器官与神经再生,,,
fudan-m-cn-124,17,Fudan University,master,2026,prior_cycle_catalogue,"[""fudan-m-cn""]","[""https://iso.fudan.edu.cn/_upload/article/files/3c/15/bb921fc24d0e82871d80687d0c58/9a2202e9-fbbb-4a26-8e8e-648a8de188cc.xlsx""]","[""2026-10-07""]",named_field,,3年,Chinese,,（全日制）神经环路功能与脑疾病的神经调控,,,
fudan-m-cn-124,18,Fudan University,master,2026,prior_cycle_catalogue,"[""fudan-m-cn""]","[""https://iso.fudan.edu.cn/_upload/article/files/3c/15/bb921fc24d0e82871d80687d0c58/9a2202e9-fbbb-4a26-8e8e-648a8de188cc.xlsx""]","[""2026-10-07""]",named_field,,3年,Chinese,,（全日制）突触传递与神经退行性疾病,,,
fudan-m-cn-124,19,Fudan University,master,2026,prior_cycle_catalogue,"[""fudan-m-cn""]","[""https://iso.fudan.edu.cn/_upload/article/files/3c/15/bb921fc24d0e82871d80687d0c58/9a2202e9-fbbb-4a26-8e8e-648a8de188cc.xlsx""]","[""2026-10-07""]",named_field,,3年,Chinese,,（全日制）神经退行性疾病与代谢调控,,,
fudan-m-cn-124,20,Fudan University,master,2026,prior_cycle_catalogue,"[""fudan-m-cn""]","[""https://iso.fudan.edu.cn/_upload/article/files/3c/15/bb921fc24d0e82871d80687d0c58/9a2202e9-fbbb-4a26-8e8e-648a8de188cc.xlsx""]","[""2026-10-07""]",named_field,,3年,Chinese,,（全日制）情绪和情绪障碍的神经环路与分子机制,,,
fudan-m-cn-124,21,Fudan University,master,2026,prior_cycle_catalogue,"[""fudan-m-cn""]","[""https://iso.fudan.edu.cn/_upload/article/files/3c/15/bb921fc24d0e82871d80687d0c58/9a2202e9-fbbb-4a26-8e8e-648a8de188cc.xlsx""]","[""2026-10-07""]",named_field,,3年,Chinese,,（全日制）本能防御行为和精神疾病相关行为的神经环路机制,,,
fudan-m-cn-124,22,Fudan University,master,2026,prior_cycle_catalogue,"[""fudan-m-cn""]","[""https://iso.fudan.edu.cn/_upload/article/files/3c/15/bb921fc24d0e82871d80687d0c58/9a2202e9-fbbb-4a26-8e8e-648a8de188cc.xlsx""]","[""2026-10-07""]",named_field,,3年,Chinese,,（全日制）神经元稳态相关分子原位结构解析,,,
fudan-m-cn-124,23,Fudan University,master,2026,prior_cycle_catalogue,"[""fudan-m-cn""]","[""https://iso.fudan.edu.cn/_upload/article/files/3c/15/bb921fc24d0e82871d80687d0c58/9a2202e9-fbbb-4a26-8e8e-648a8de188cc.xlsx""]","[""2026-10-07""]",named_field,,3年,Chinese,,（全日制）脑疾病的免疫代谢基础与转化研究,,,
fudan-m-cn-124,24,Fudan University,master,2026,prior_cycle_catalogue,"[""fudan-m-cn""]","[""https://iso.fudan.edu.cn/_upload/article/files/3c/15/bb921fc24d0e82871d80687d0c58/9a2202e9-fbbb-4a26-8e8e-648a8de188cc.xlsx""]","[""2026-10-07""]",named_field,,3年,Chinese,,（全日制）认知功能的神经编码及病变,,,
fudan-m-cn-124,25,Fudan University,master,2026,prior_cycle_catalogue,"[""fudan-m-cn""]","[""https://iso.fudan.edu.cn/_upload/article/files/3c/15/bb921fc24d0e82871d80687d0c58/9a2202e9-fbbb-4a26-8e8e-648a8de188cc.xlsx""]","[""2026-10-07""]",named_field,,3年,Chinese,,（全日制）生物大分子结构与信号转导及神经炎症调控,,,
fudan-m-cn-124,26,Fudan University,master,2026,prior_cycle_catalogue,"[""fudan-m-cn""]","[""https://iso.fudan.edu.cn/_upload/article/files/3c/15/bb921fc24d0e82871d80687d0c58/9a2202e9-fbbb-4a26-8e8e-648a8de188cc.xlsx""]","[""2026-10-07""]",named_field,,3年,Chinese,,（全日制）系统与计算神经科学,,,
fudan-m-cn-124,27,Fudan University,master,2026,prior_cycle_catalogue,"[""fudan-m-cn""]","[""https://iso.fudan.edu.cn/_upload/article/files/3c/15/bb921fc24d0e82871d80687d0c58/9a2202e9-fbbb-4a26-8e8e-648a8de188cc.xlsx""]","[""2026-10-07""]",named_field,,3年,Chinese,,（全日制）蛋白质工程与脑研究应用,,,
fudan-m-cn-124,28,Fudan University,master,2026,prior_cycle_catalogue,"[""fudan-m-cn""]","[""https://iso.fudan.edu.cn/_upload/article/files/3c/15/bb921fc24d0e82871d80687d0c58/9a2202e9-fbbb-4a26-8e8e-648a8de188cc.xlsx""]","[""2026-10-07""]",named_field,,3年,Chinese,,（全日制）大脑免疫与脑疾病,,,
fudan-m-cn-124,29,Fudan University,master,2026,prior_cycle_catalogue,"[""fudan-m-cn""]","[""https://iso.fudan.edu.cn/_upload/article/files/3c/15/bb921fc24d0e82871d80687d0c58/9a2202e9-fbbb-4a26-8e8e-648a8de188cc.xlsx""]","[""2026-10-07""]",named_field,,3年,Chinese,,（全日制）神经调控与神经疾病,,,
fudan-m-cn-125,1,Fudan University,master,2026,prior_cycle_catalogue,"[""fudan-m-cn""]","[""https://iso.fudan.edu.cn/_upload/article/files/3c/15/bb921fc24d0e82871d80687d0c58/9a2202e9-fbbb-4a26-8e8e-648a8de188cc.xlsx""]","[""2026-10-07""]",named_field,,3年,Chinese,,（全日制）人类表型组学,,,
fudan-m-cn-125,2,Fudan University,master,2026,prior_cycle_catalogue,"[""fudan-m-cn""]","[""https://iso.fudan.edu.cn/_upload/article/files/3c/15/bb921fc24d0e82871d80687d0c58/9a2202e9-fbbb-4a26-8e8e-648a8de188cc.xlsx""]","[""2026-10-07""]",named_field,,3年,Chinese,,（全日制）遗传学,,,
fudan-m-cn-125,3,Fudan University,master,2026,prior_cycle_catalogue,"[""fudan-m-cn""]","[""https://iso.fudan.edu.cn/_upload/article/files/3c/15/bb921fc24d0e82871d80687d0c58/9a2202e9-fbbb-4a26-8e8e-648a8de188cc.xlsx""]","[""2026-10-07""]",named_field,,3年,Chinese,,（全日制）生物化学与分子生物学,,,
fudan-m-cn-125,4,Fudan University,master,2026,prior_cycle_catalogue,"[""fudan-m-cn""]","[""https://iso.fudan.edu.cn/_upload/article/files/3c/15/bb921fc24d0e82871d80687d0c58/9a2202e9-fbbb-4a26-8e8e-648a8de188cc.xlsx""]","[""2026-10-07""]",named_field,,3年,Chinese,,（全日制）分子表型蛋白质组学,,,
fudan-m-cn-125,5,Fudan University,master,2026,prior_cycle_catalogue,"[""fudan-m-cn""]","[""https://iso.fudan.edu.cn/_upload/article/files/3c/15/bb921fc24d0e82871d80687d0c58/9a2202e9-fbbb-4a26-8e8e-648a8de188cc.xlsx""]","[""2026-10-07""]",named_field,,3年,Chinese,,（全日制）分子表型代谢组学,,,
fudan-m-cn-125,6,Fudan University,master,2026,prior_cycle_catalogue,"[""fudan-m-cn""]","[""https://iso.fudan.edu.cn/_upload/article/files/3c/15/bb921fc24d0e82871d80687d0c58/9a2202e9-fbbb-4a26-8e8e-648a8de188cc.xlsx""]","[""2026-10-07""]",named_field,,3年,Chinese,,（全日制）分子影像表型组学,,,
fudan-m-cn-125,7,Fudan University,master,2026,prior_cycle_catalogue,"[""fudan-m-cn""]","[""https://iso.fudan.edu.cn/_upload/article/files/3c/15/bb921fc24d0e82871d80687d0c58/9a2202e9-fbbb-4a26-8e8e-648a8de188cc.xlsx""]","[""2026-10-07""]",named_field,,3年,Chinese,,（全日制）药物表型组学,,,
fudan-m-cn-125,8,Fudan University,master,2026,prior_cycle_catalogue,"[""fudan-m-cn""]","[""https://iso.fudan.edu.cn/_upload/article/files/3c/15/bb921fc24d0e82871d80687d0c58/9a2202e9-fbbb-4a26-8e8e-648a8de188cc.xlsx""]","[""2026-10-07""]",named_field,,3年,Chinese,,（全日制）人类生物学,,,
fudan-m-cn-125,9,Fudan University,master,2026,prior_cycle_catalogue,"[""fudan-m-cn""]","[""https://iso.fudan.edu.cn/_upload/article/files/3c/15/bb921fc24d0e82871d80687d0c58/9a2202e9-fbbb-4a26-8e8e-648a8de188cc.xlsx""]","[""2026-10-07""]",named_field,,3年,Chinese,,（全日制）免疫生物学、免疫组学,,,
fudan-m-cn-125,10,Fudan University,master,2026,prior_cycle_catalogue,"[""fudan-m-cn""]","[""https://iso.fudan.edu.cn/_upload/article/files/3c/15/bb921fc24d0e82871d80687d0c58/9a2202e9-fbbb-4a26-8e8e-648a8de188cc.xlsx""]","[""2026-10-07""]",named_field,,3年,Chinese,,（全日制）微生物学、微生物宏基因组学与微生物生态学,,,
fudan-m-cn-125,11,Fudan University,master,2026,prior_cycle_catalogue,"[""fudan-m-cn""]","[""https://iso.fudan.edu.cn/_upload/article/files/3c/15/bb921fc24d0e82871d80687d0c58/9a2202e9-fbbb-4a26-8e8e-648a8de188cc.xlsx""]","[""2026-10-07""]",named_field,,3年,Chinese,,（全日制）细胞生物学与发育生物学,,,
fudan-m-cn-125,12,Fudan University,master,2026,prior_cycle_catalogue,"[""fudan-m-cn""]","[""https://iso.fudan.edu.cn/_upload/article/files/3c/15/bb921fc24d0e82871d80687d0c58/9a2202e9-fbbb-4a26-8e8e-648a8de188cc.xlsx""]","[""2026-10-07""]",named_field,,3年,Chinese,,（全日制）生物信息学、计算生物学与生物统计学,,,
fudan-m-cn-125,13,Fudan University,master,2026,prior_cycle_catalogue,"[""fudan-m-cn""]","[""https://iso.fudan.edu.cn/_upload/article/files/3c/15/bb921fc24d0e82871d80687d0c58/9a2202e9-fbbb-4a26-8e8e-648a8de188cc.xlsx""]","[""2026-10-07""]",named_field,,3年,Chinese,,（全日制）空间组学,,,
fudan-m-cn-125,14,Fudan University,master,2026,prior_cycle_catalogue,"[""fudan-m-cn""]","[""https://iso.fudan.edu.cn/_upload/article/files/3c/15/bb921fc24d0e82871d80687d0c58/9a2202e9-fbbb-4a26-8e8e-648a8de188cc.xlsx""]","[""2026-10-07""]",named_field,,3年,Chinese,,（全日制）生理学、神经生物学,,,
fudan-m-cn-125,15,Fudan University,master,2026,prior_cycle_catalogue,"[""fudan-m-cn""]","[""https://iso.fudan.edu.cn/_upload/article/files/3c/15/bb921fc24d0e82871d80687d0c58/9a2202e9-fbbb-4a26-8e8e-648a8de188cc.xlsx""]","[""2026-10-07""]",named_field,,3年,Chinese,,（全日制）分子流行病学、衰老生物学,,,
fudan-m-cn-126,1,Fudan University,master,2026,prior_cycle_catalogue,"[""fudan-m-cn""]","[""https://iso.fudan.edu.cn/_upload/article/files/3c/15/bb921fc24d0e82871d80687d0c58/9a2202e9-fbbb-4a26-8e8e-648a8de188cc.xlsx""]","[""2026-10-07""]",named_field,,3年,Chinese,,（全日制）凝聚态物理,,,
fudan-m-cn-127,1,Fudan University,master,2026,prior_cycle_catalogue,"[""fudan-m-cn""]","[""https://iso.fudan.edu.cn/_upload/article/files/3c/15/bb921fc24d0e82871d80687d0c58/9a2202e9-fbbb-4a26-8e8e-648a8de188cc.xlsx""]","[""2026-10-07""]",named_field,,3年,Chinese,,（全日制）无机化学,,,
fudan-m-cn-127,2,Fudan University,master,2026,prior_cycle_catalogue,"[""fudan-m-cn""]","[""https://iso.fudan.edu.cn/_upload/article/files/3c/15/bb921fc24d0e82871d80687d0c58/9a2202e9-fbbb-4a26-8e8e-648a8de188cc.xlsx""]","[""2026-10-07""]",named_field,,3年,Chinese,,（全日制）有机化学,,,
fudan-m-cn-127,3,Fudan University,master,2026,prior_cycle_catalogue,"[""fudan-m-cn""]","[""https://iso.fudan.edu.cn/_upload/article/files/3c/15/bb921fc24d0e82871d80687d0c58/9a2202e9-fbbb-4a26-8e8e-648a8de188cc.xlsx""]","[""2026-10-07""]",named_field,,3年,Chinese,,（全日制）物理化学,,,
fudan-m-cn-127,4,Fudan University,master,2026,prior_cycle_catalogue,"[""fudan-m-cn""]","[""https://iso.fudan.edu.cn/_upload/article/files/3c/15/bb921fc24d0e82871d80687d0c58/9a2202e9-fbbb-4a26-8e8e-648a8de188cc.xlsx""]","[""2026-10-07""]",named_field,,3年,Chinese,,（全日制）高分子化学与物理,,,
fudan-m-cn-128,1,Fudan University,master,2026,prior_cycle_catalogue,"[""fudan-m-cn""]","[""https://iso.fudan.edu.cn/_upload/article/files/3c/15/bb921fc24d0e82871d80687d0c58/9a2202e9-fbbb-4a26-8e8e-648a8de188cc.xlsx""]","[""2026-10-07""]",named_field,,3年,Chinese,,（全日制）材料物理与化学,,,
fudan-m-cn-129,1,Fudan University,master,2026,prior_cycle_catalogue,"[""fudan-m-cn""]","[""https://iso.fudan.edu.cn/_upload/article/files/3c/15/bb921fc24d0e82871d80687d0c58/9a2202e9-fbbb-4a26-8e8e-648a8de188cc.xlsx""]","[""2026-10-07""]",named_field,,3年,Chinese,,（全日制）大数据统计,,,
fudan-m-cn-129,2,Fudan University,master,2026,prior_cycle_catalogue,"[""fudan-m-cn""]","[""https://iso.fudan.edu.cn/_upload/article/files/3c/15/bb921fc24d0e82871d80687d0c58/9a2202e9-fbbb-4a26-8e8e-648a8de188cc.xlsx""]","[""2026-10-07""]",named_field,,3年,Chinese,,（全日制）统计机器学习,,,
fudan-m-cn-130,1,Fudan University,master,2026,prior_cycle_catalogue,"[""fudan-m-cn""]","[""https://iso.fudan.edu.cn/_upload/article/files/3c/15/bb921fc24d0e82871d80687d0c58/9a2202e9-fbbb-4a26-8e8e-648a8de188cc.xlsx""]","[""2026-10-07""]",named_field,,2年,Chinese,,（全日制）大数据统计,,,
fudan-m-cn-130,2,Fudan University,master,2026,prior_cycle_catalogue,"[""fudan-m-cn""]","[""https://iso.fudan.edu.cn/_upload/article/files/3c/15/bb921fc24d0e82871d80687d0c58/9a2202e9-fbbb-4a26-8e8e-648a8de188cc.xlsx""]","[""2026-10-07""]",named_field,,3年,Chinese,,（全日制）人工智能,,,
fudan-m-cn-131,1,Fudan University,master,2026,prior_cycle_catalogue,"[""fudan-m-cn""]","[""https://iso.fudan.edu.cn/_upload/article/files/3c/15/bb921fc24d0e82871d80687d0c58/9a2202e9-fbbb-4a26-8e8e-648a8de188cc.xlsx""]","[""2026-10-07""]",named_field,,2年,Chinese,,（全日制）人工智能,,,
fudan-m-cn-131,2,Fudan University,master,2026,prior_cycle_catalogue,"[""fudan-m-cn""]","[""https://iso.fudan.edu.cn/_upload/article/files/3c/15/bb921fc24d0e82871d80687d0c58/9a2202e9-fbbb-4a26-8e8e-648a8de188cc.xlsx""]","[""2026-10-07""]",named_field,,2年,Chinese,,（全日制）大数据分析,,,
fudan-m-cn-132,1,Fudan University,master,2026,prior_cycle_catalogue,"[""fudan-m-cn""]","[""https://iso.fudan.edu.cn/_upload/article/files/3c/15/bb921fc24d0e82871d80687d0c58/9a2202e9-fbbb-4a26-8e8e-648a8de188cc.xlsx""]","[""2026-10-07""]",named_field,,3年,Chinese,,（全日制）光电材料与器件,,,
fudan-m-cn-132,2,Fudan University,master,2026,prior_cycle_catalogue,"[""fudan-m-cn""]","[""https://iso.fudan.edu.cn/_upload/article/files/3c/15/bb921fc24d0e82871d80687d0c58/9a2202e9-fbbb-4a26-8e8e-648a8de188cc.xlsx""]","[""2026-10-07""]",named_field,,3年,Chinese,,（全日制）智能光电系统与应用,,,
fudan-m-cn-132,3,Fudan University,master,2026,prior_cycle_catalogue,"[""fudan-m-cn""]","[""https://iso.fudan.edu.cn/_upload/article/files/3c/15/bb921fc24d0e82871d80687d0c58/9a2202e9-fbbb-4a26-8e8e-648a8de188cc.xlsx""]","[""2026-10-07""]",named_field,,3年,Chinese,,（全日制）能源电子器件与智慧系统,,,
fudan-m-cn-132,4,Fudan University,master,2026,prior_cycle_catalogue,"[""fudan-m-cn""]","[""https://iso.fudan.edu.cn/_upload/article/files/3c/15/bb921fc24d0e82871d80687d0c58/9a2202e9-fbbb-4a26-8e8e-648a8de188cc.xlsx""]","[""2026-10-07""]",named_field,,3年,Chinese,,（全日制）宽禁带半导体技术与应用,,,
fudan-m-cn-133,1,Fudan University,master,2026,prior_cycle_catalogue,"[""fudan-m-cn""]","[""https://iso.fudan.edu.cn/_upload/article/files/3c/15/bb921fc24d0e82871d80687d0c58/9a2202e9-fbbb-4a26-8e8e-648a8de188cc.xlsx""]","[""2026-10-07""]",named_field,,3年,Chinese,,（全日制）多模态大模型与具身智能,,,
fudan-m-cn-133,2,Fudan University,master,2026,prior_cycle_catalogue,"[""fudan-m-cn""]","[""https://iso.fudan.edu.cn/_upload/article/files/3c/15/bb921fc24d0e82871d80687d0c58/9a2202e9-fbbb-4a26-8e8e-648a8de188cc.xlsx""]","[""2026-10-07""]",named_field,,3年,Chinese,,（全日制）机器人智能硬件与环境共融理论,,,
fudan-m-cn-133,3,Fudan University,master,2026,prior_cycle_catalogue,"[""fudan-m-cn""]","[""https://iso.fudan.edu.cn/_upload/article/files/3c/15/bb921fc24d0e82871d80687d0c58/9a2202e9-fbbb-4a26-8e8e-648a8de188cc.xlsx""]","[""2026-10-07""]",named_field,,3年,Chinese,,（全日制）智能感知与群智智能,,,
fudan-m-cn-134,1,Fudan University,master,2026,prior_cycle_catalogue,"[""fudan-m-cn""]","[""https://iso.fudan.edu.cn/_upload/article/files/3c/15/bb921fc24d0e82871d80687d0c58/9a2202e9-fbbb-4a26-8e8e-648a8de188cc.xlsx""]","[""2026-10-07""]",named_field,,3年,Chinese,,（全日制）飞行器设计,,,
fudan-m-cn-134,2,Fudan University,master,2026,prior_cycle_catalogue,"[""fudan-m-cn""]","[""https://iso.fudan.edu.cn/_upload/article/files/3c/15/bb921fc24d0e82871d80687d0c58/9a2202e9-fbbb-4a26-8e8e-648a8de188cc.xlsx""]","[""2026-10-07""]",named_field,,3年,Chinese,,（全日制）航空宇航流动理论与工程,,,
fudan-m-cn-134,3,Fudan University,master,2026,prior_cycle_catalogue,"[""fudan-m-cn""]","[""https://iso.fudan.edu.cn/_upload/article/files/3c/15/bb921fc24d0e82871d80687d0c58/9a2202e9-fbbb-4a26-8e8e-648a8de188cc.xlsx""]","[""2026-10-07""]",named_field,,3年,Chinese,,（全日制）航空宇航材料力学与结构工程,,,
fudan-m-cn-134,4,Fudan University,master,2026,prior_cycle_catalogue,"[""fudan-m-cn""]","[""https://iso.fudan.edu.cn/_upload/article/files/3c/15/bb921fc24d0e82871d80687d0c58/9a2202e9-fbbb-4a26-8e8e-648a8de188cc.xlsx""]","[""2026-10-07""]",named_field,,3年,Chinese,,（全日制）低空技术与工程,,,
fudan-m-cn-134,5,Fudan University,master,2026,prior_cycle_catalogue,"[""fudan-m-cn""]","[""https://iso.fudan.edu.cn/_upload/article/files/3c/15/bb921fc24d0e82871d80687d0c58/9a2202e9-fbbb-4a26-8e8e-648a8de188cc.xlsx""]","[""2026-10-07""]",named_field,,3年,Chinese,,（全日制）人工智能与工程科学计算,,,
fudan-m-cn-134,6,Fudan University,master,2026,prior_cycle_catalogue,"[""fudan-m-cn""]","[""https://iso.fudan.edu.cn/_upload/article/files/3c/15/bb921fc24d0e82871d80687d0c58/9a2202e9-fbbb-4a26-8e8e-648a8de188cc.xlsx""]","[""2026-10-07""]",named_field,,3年,Chinese,,（全日制）智能材料与结构,,,
fudan-m-cn-135,1,Fudan University,master,2026,prior_cycle_catalogue,"[""fudan-m-cn""]","[""https://iso.fudan.edu.cn/_upload/article/files/3c/15/bb921fc24d0e82871d80687d0c58/9a2202e9-fbbb-4a26-8e8e-648a8de188cc.xlsx""]","[""2026-10-07""]",named_field,,3年,Chinese,,（全日制）光电材料与器件,,,
fudan-m-cn-135,2,Fudan University,master,2026,prior_cycle_catalogue,"[""fudan-m-cn""]","[""https://iso.fudan.edu.cn/_upload/article/files/3c/15/bb921fc24d0e82871d80687d0c58/9a2202e9-fbbb-4a26-8e8e-648a8de188cc.xlsx""]","[""2026-10-07""]",named_field,,3年,Chinese,,（全日制）智能光电系统与应用,,,
fudan-m-cn-135,3,Fudan University,master,2026,prior_cycle_catalogue,"[""fudan-m-cn""]","[""https://iso.fudan.edu.cn/_upload/article/files/3c/15/bb921fc24d0e82871d80687d0c58/9a2202e9-fbbb-4a26-8e8e-648a8de188cc.xlsx""]","[""2026-10-07""]",named_field,,3年,Chinese,,（全日制）能源电子器件与智慧系统,,,
fudan-m-cn-135,4,Fudan University,master,2026,prior_cycle_catalogue,"[""fudan-m-cn""]","[""https://iso.fudan.edu.cn/_upload/article/files/3c/15/bb921fc24d0e82871d80687d0c58/9a2202e9-fbbb-4a26-8e8e-648a8de188cc.xlsx""]","[""2026-10-07""]",named_field,,3年,Chinese,,（全日制）宽禁带半导体技术与应用,,,
fudan-m-cn-135,5,Fudan University,master,2026,prior_cycle_catalogue,"[""fudan-m-cn""]","[""https://iso.fudan.edu.cn/_upload/article/files/3c/15/bb921fc24d0e82871d80687d0c58/9a2202e9-fbbb-4a26-8e8e-648a8de188cc.xlsx""]","[""2026-10-07""]",named_field,,3年,Chinese,,（全日制）多模态大模型与具身智能,,,
fudan-m-cn-135,6,Fudan University,master,2026,prior_cycle_catalogue,"[""fudan-m-cn""]","[""https://iso.fudan.edu.cn/_upload/article/files/3c/15/bb921fc24d0e82871d80687d0c58/9a2202e9-fbbb-4a26-8e8e-648a8de188cc.xlsx""]","[""2026-10-07""]",named_field,,3年,Chinese,,（全日制）智能感知与群智智能,,,
fudan-m-cn-135,7,Fudan University,master,2026,prior_cycle_catalogue,"[""fudan-m-cn""]","[""https://iso.fudan.edu.cn/_upload/article/files/3c/15/bb921fc24d0e82871d80687d0c58/9a2202e9-fbbb-4a26-8e8e-648a8de188cc.xlsx""]","[""2026-10-07""]",named_field,,3年,Chinese,,（全日制）机器人智能硬件与环境共融理论,,,
fudan-m-cn-135,8,Fudan University,master,2026,prior_cycle_catalogue,"[""fudan-m-cn""]","[""https://iso.fudan.edu.cn/_upload/article/files/3c/15/bb921fc24d0e82871d80687d0c58/9a2202e9-fbbb-4a26-8e8e-648a8de188cc.xlsx""]","[""2026-10-07""]",named_field,,3年,Chinese,,（全日制）飞行器设计,,,
fudan-m-cn-135,9,Fudan University,master,2026,prior_cycle_catalogue,"[""fudan-m-cn""]","[""https://iso.fudan.edu.cn/_upload/article/files/3c/15/bb921fc24d0e82871d80687d0c58/9a2202e9-fbbb-4a26-8e8e-648a8de188cc.xlsx""]","[""2026-10-07""]",named_field,,3年,Chinese,,（全日制）航空宇航流动理论与工程,,,
fudan-m-cn-135,10,Fudan University,master,2026,prior_cycle_catalogue,"[""fudan-m-cn""]","[""https://iso.fudan.edu.cn/_upload/article/files/3c/15/bb921fc24d0e82871d80687d0c58/9a2202e9-fbbb-4a26-8e8e-648a8de188cc.xlsx""]","[""2026-10-07""]",named_field,,3年,Chinese,,（全日制）航空宇航材料力学与结构工程,,,
fudan-m-cn-135,11,Fudan University,master,2026,prior_cycle_catalogue,"[""fudan-m-cn""]","[""https://iso.fudan.edu.cn/_upload/article/files/3c/15/bb921fc24d0e82871d80687d0c58/9a2202e9-fbbb-4a26-8e8e-648a8de188cc.xlsx""]","[""2026-10-07""]",named_field,,3年,Chinese,,（全日制）低空技术与工程,,,
fudan-m-cn-135,12,Fudan University,master,2026,prior_cycle_catalogue,"[""fudan-m-cn""]","[""https://iso.fudan.edu.cn/_upload/article/files/3c/15/bb921fc24d0e82871d80687d0c58/9a2202e9-fbbb-4a26-8e8e-648a8de188cc.xlsx""]","[""2026-10-07""]",named_field,,3年,Chinese,,（全日制）人工智能与工程科学计算,,,
fudan-m-cn-135,13,Fudan University,master,2026,prior_cycle_catalogue,"[""fudan-m-cn""]","[""https://iso.fudan.edu.cn/_upload/article/files/3c/15/bb921fc24d0e82871d80687d0c58/9a2202e9-fbbb-4a26-8e8e-648a8de188cc.xlsx""]","[""2026-10-07""]",named_field,,3年,Chinese,,（全日制）智能材料与结构,,,
fudan-m-cn-135,14,Fudan University,master,2026,prior_cycle_catalogue,"[""fudan-m-cn""]","[""https://iso.fudan.edu.cn/_upload/article/files/3c/15/bb921fc24d0e82871d80687d0c58/9a2202e9-fbbb-4a26-8e8e-648a8de188cc.xlsx""]","[""2026-10-07""]",named_field,,3年,Chinese,,（全日制）计算力学与数字孪生,,,
fudan-m-cn-136,1,Fudan University,master,2026,prior_cycle_catalogue,"[""fudan-m-cn""]","[""https://iso.fudan.edu.cn/_upload/article/files/3c/15/bb921fc24d0e82871d80687d0c58/9a2202e9-fbbb-4a26-8e8e-648a8de188cc.xlsx""]","[""2026-10-07""]",named_field,,3年,Chinese,,（全日制）机械电子工程,,,
fudan-m-en-001,1,Fudan University,master,2026,prior_cycle_catalogue,"[""fudan-m-en""]","[""https://iso.fudan.edu.cn/_upload/article/files/96/93/393497e64702a45ce909fab6e0c2/d156f4a1-99b7-4cd3-a925-e15ebb550c1f.xls""]","[""2026-10-07""]",named_field,,2 years,English,Chinese Language and Culture,,,,
fudan-m-en-002,1,Fudan University,master,2026,prior_cycle_catalogue,"[""fudan-m-en""]","[""https://iso.fudan.edu.cn/_upload/article/files/96/93/393497e64702a45ce909fab6e0c2/d156f4a1-99b7-4cd3-a925-e15ebb550c1f.xls""]","[""2026-10-07""]",named_field,,2 years,English,Chinese History and Culture,,,,
fudan-m-en-003,1,Fudan University,master,2026,prior_cycle_catalogue,"[""fudan-m-en""]","[""https://iso.fudan.edu.cn/_upload/article/files/96/93/393497e64702a45ce909fab6e0c2/d156f4a1-99b7-4cd3-a925-e15ebb550c1f.xls""]","[""2026-10-07""]",named_field,,2 years,English,Chinese Philosophy and Culture,,,,
fudan-m-en-004,1,Fudan University,master,2026,prior_cycle_catalogue,"[""fudan-m-en""]","[""https://iso.fudan.edu.cn/_upload/article/files/96/93/393497e64702a45ce909fab6e0c2/d156f4a1-99b7-4cd3-a925-e15ebb550c1f.xls""]","[""2026-10-07""]",named_field,,2 years,English,Chinese Religious Studies,,,,
fudan-m-en-005,1,Fudan University,master,2026,prior_cycle_catalogue,"[""fudan-m-en""]","[""https://iso.fudan.edu.cn/_upload/article/files/96/93/393497e64702a45ce909fab6e0c2/d156f4a1-99b7-4cd3-a925-e15ebb550c1f.xls""]","[""2026-10-07""]",named_field,,2 years,English,Chinese Society and Public Policy,,,,
fudan-m-en-005,2,Fudan University,master,2026,prior_cycle_catalogue,"[""fudan-m-en""]","[""https://iso.fudan.edu.cn/_upload/article/files/96/93/393497e64702a45ce909fab6e0c2/d156f4a1-99b7-4cd3-a925-e15ebb550c1f.xls""]","[""2026-10-07""]",named_field,,2 years,English,Chinese Society and Public Policy (Double Degree Program with Lund),,,,
fudan-m-en-006,1,Fudan University,master,2026,prior_cycle_catalogue,"[""fudan-m-en""]","[""https://iso.fudan.edu.cn/_upload/article/files/96/93/393497e64702a45ce909fab6e0c2/d156f4a1-99b7-4cd3-a925-e15ebb550c1f.xls""]","[""2026-10-07""]",named_field,,2 years,English,Chinese Politics and Diplomacy,,,,
fudan-m-en-006,2,Fudan University,master,2026,prior_cycle_catalogue,"[""fudan-m-en""]","[""https://iso.fudan.edu.cn/_upload/article/files/96/93/393497e64702a45ce909fab6e0c2/d156f4a1-99b7-4cd3-a925-e15ebb550c1f.xls""]","[""2026-10-07""]",named_field,,2 years,English,Europe and Asia in Global Affairs (Sciences Po),,,,
fudan-m-en-006,3,Fudan University,master,2026,prior_cycle_catalogue,"[""fudan-m-en""]","[""https://iso.fudan.edu.cn/_upload/article/files/96/93/393497e64702a45ce909fab6e0c2/d156f4a1-99b7-4cd3-a925-e15ebb550c1f.xls""]","[""2026-10-07""]",named_field,,2 years,English,BRICS Countries and the Global South (MPB plus),,,,
fudan-m-en-007,1,Fudan University,master,2026,prior_cycle_catalogue,"[""fudan-m-en""]","[""https://iso.fudan.edu.cn/_upload/article/files/96/93/393497e64702a45ce909fab6e0c2/d156f4a1-99b7-4cd3-a925-e15ebb550c1f.xls""]","[""2026-10-07""]",named_field,,2 years,English,International Public Policy,,,,
fudan-m-en-008,1,Fudan University,master,2026,prior_cycle_catalogue,"[""fudan-m-en""]","[""https://iso.fudan.edu.cn/_upload/article/files/96/93/393497e64702a45ce909fab6e0c2/d156f4a1-99b7-4cd3-a925-e15ebb550c1f.xls""]","[""2026-10-07""]",named_field,,2 years,English,Finance,,,,
fudan-m-en-008,2,Fudan University,master,2026,prior_cycle_catalogue,"[""fudan-m-en""]","[""https://iso.fudan.edu.cn/_upload/article/files/96/93/393497e64702a45ce909fab6e0c2/d156f4a1-99b7-4cd3-a925-e15ebb550c1f.xls""]","[""2026-10-07""]",named_field,,3 years,English,Finance,,,,
fudan-m-en-008,3,Fudan University,master,2026,prior_cycle_catalogue,"[""fudan-m-en""]","[""https://iso.fudan.edu.cn/_upload/article/files/96/93/393497e64702a45ce909fab6e0c2/d156f4a1-99b7-4cd3-a925-e15ebb550c1f.xls""]","[""2026-10-07""]",named_field,,2 years,English,Double Degree Program (with partner universities),,,,
fudan-m-en-009,1,Fudan University,master,2026,prior_cycle_catalogue,"[""fudan-m-en""]","[""https://iso.fudan.edu.cn/_upload/article/files/96/93/393497e64702a45ce909fab6e0c2/d156f4a1-99b7-4cd3-a925-e15ebb550c1f.xls""]","[""2026-10-07""]",named_field,,2 years,English,Chinese Economy,,,,
fudan-m-en-009,2,Fudan University,master,2026,prior_cycle_catalogue,"[""fudan-m-en""]","[""https://iso.fudan.edu.cn/_upload/article/files/96/93/393497e64702a45ce909fab6e0c2/d156f4a1-99b7-4cd3-a925-e15ebb550c1f.xls""]","[""2026-10-07""]",named_field,,3 years,English,Chinese Economy,,,,
fudan-m-en-009,3,Fudan University,master,2026,prior_cycle_catalogue,"[""fudan-m-en""]","[""https://iso.fudan.edu.cn/_upload/article/files/96/93/393497e64702a45ce909fab6e0c2/d156f4a1-99b7-4cd3-a925-e15ebb550c1f.xls""]","[""2026-10-07""]",named_field,,2 years,English,Double Degree Program (with partner universities),,,,
fudan-m-en-010,1,Fudan University,master,2026,prior_cycle_catalogue,"[""fudan-m-en""]","[""https://iso.fudan.edu.cn/_upload/article/files/96/93/393497e64702a45ce909fab6e0c2/d156f4a1-99b7-4cd3-a925-e15ebb550c1f.xls""]","[""2026-10-07""]",named_field,,3 years,English,Electronic Information,,,,
fudan-m-en-010,2,Fudan University,master,2026,prior_cycle_catalogue,"[""fudan-m-en""]","[""https://iso.fudan.edu.cn/_upload/article/files/96/93/393497e64702a45ce909fab6e0c2/d156f4a1-99b7-4cd3-a925-e15ebb550c1f.xls""]","[""2026-10-07""]",named_field,,3 years,English,"Double Degree programme with University of Turku, Finland",,,,
fudan-m-en-011,1,Fudan University,master,2026,prior_cycle_catalogue,"[""fudan-m-en""]","[""https://iso.fudan.edu.cn/_upload/article/files/96/93/393497e64702a45ce909fab6e0c2/d156f4a1-99b7-4cd3-a925-e15ebb550c1f.xls""]","[""2026-10-07""]",named_field,,3 years,English,Big Data and Data Science,,,,
fudan-m-en-011,2,Fudan University,master,2026,prior_cycle_catalogue,"[""fudan-m-en""]","[""https://iso.fudan.edu.cn/_upload/article/files/96/93/393497e64702a45ce909fab6e0c2/d156f4a1-99b7-4cd3-a925-e15ebb550c1f.xls""]","[""2026-10-07""]",named_field,,3 years,English,Intelligent Software Engineering and Systems,,,,
fudan-m-en-011,3,Fudan University,master,2026,prior_cycle_catalogue,"[""fudan-m-en""]","[""https://iso.fudan.edu.cn/_upload/article/files/96/93/393497e64702a45ce909fab6e0c2/d156f4a1-99b7-4cd3-a925-e15ebb550c1f.xls""]","[""2026-10-07""]",named_field,,3 years,English,Intersection of Computer Theory and Frontiers,,,,
fudan-m-en-011,4,Fudan University,master,2026,prior_cycle_catalogue,"[""fudan-m-en""]","[""https://iso.fudan.edu.cn/_upload/article/files/96/93/393497e64702a45ce909fab6e0c2/d156f4a1-99b7-4cd3-a925-e15ebb550c1f.xls""]","[""2026-10-07""]",named_field,,3 years,English,Human Computer Interaction and Collaborative Computing,,,,
fudan-m-en-011,5,Fudan University,master,2026,prior_cycle_catalogue,"[""fudan-m-en""]","[""https://iso.fudan.edu.cn/_upload/article/files/96/93/393497e64702a45ce909fab6e0c2/d156f4a1-99b7-4cd3-a925-e15ebb550c1f.xls""]","[""2026-10-07""]",named_field,,3 years,English,Intelligent Networks and Systems,,,,
fudan-m-en-011,6,Fudan University,master,2026,prior_cycle_catalogue,"[""fudan-m-en""]","[""https://iso.fudan.edu.cn/_upload/article/files/96/93/393497e64702a45ce909fab6e0c2/d156f4a1-99b7-4cd3-a925-e15ebb550c1f.xls""]","[""2026-10-07""]",named_field,,3 years,English,Intersection of Fundamentals and Frontiers of Cyberspace Security,,,,
fudan-m-en-011,7,Fudan University,master,2026,prior_cycle_catalogue,"[""fudan-m-en""]","[""https://iso.fudan.edu.cn/_upload/article/files/96/93/393497e64702a45ce909fab6e0c2/d156f4a1-99b7-4cd3-a925-e15ebb550c1f.xls""]","[""2026-10-07""]",named_field,,3 years,English,cryptography,,,,
fudan-m-en-011,8,Fudan University,master,2026,prior_cycle_catalogue,"[""fudan-m-en""]","[""https://iso.fudan.edu.cn/_upload/article/files/96/93/393497e64702a45ce909fab6e0c2/d156f4a1-99b7-4cd3-a925-e15ebb550c1f.xls""]","[""2026-10-07""]",named_field,,3 years,English,Intelligent system security,,,,
fudan-m-en-011,9,Fudan University,master,2026,prior_cycle_catalogue,"[""fudan-m-en""]","[""https://iso.fudan.edu.cn/_upload/article/files/96/93/393497e64702a45ce909fab6e0c2/d156f4a1-99b7-4cd3-a925-e15ebb550c1f.xls""]","[""2026-10-07""]",named_field,,3 years,English,Internet technology and intelligent supervision,,,,
fudan-m-en-011,10,Fudan University,master,2026,prior_cycle_catalogue,"[""fudan-m-en""]","[""https://iso.fudan.edu.cn/_upload/article/files/96/93/393497e64702a45ce909fab6e0c2/d156f4a1-99b7-4cd3-a925-e15ebb550c1f.xls""]","[""2026-10-07""]",named_field,,3 years,English,Financial Technology and Security,,,,
fudan-m-en-011,11,Fudan University,master,2026,prior_cycle_catalogue,"[""fudan-m-en""]","[""https://iso.fudan.edu.cn/_upload/article/files/96/93/393497e64702a45ce909fab6e0c2/d156f4a1-99b7-4cd3-a925-e15ebb550c1f.xls""]","[""2026-10-07""]",named_field,,3 years,English,Multimedia intelligent security,,,,
fudan-m-en-011,12,Fudan University,master,2026,prior_cycle_catalogue,"[""fudan-m-en""]","[""https://iso.fudan.edu.cn/_upload/article/files/96/93/393497e64702a45ce909fab6e0c2/d156f4a1-99b7-4cd3-a925-e15ebb550c1f.xls""]","[""2026-10-07""]",named_field,,3 years,English,Intelligent Computing Systems and Cognitive Intelligence,,,,
fudan-m-en-011,13,Fudan University,master,2026,prior_cycle_catalogue,"[""fudan-m-en""]","[""https://iso.fudan.edu.cn/_upload/article/files/96/93/393497e64702a45ce909fab6e0c2/d156f4a1-99b7-4cd3-a925-e15ebb550c1f.xls""]","[""2026-10-07""]",named_field,,3 years,English,Scientific Intelligence,,,,
fudan-m-en-012,1,Fudan University,master,2026,prior_cycle_catalogue,"[""fudan-m-en""]","[""https://iso.fudan.edu.cn/_upload/article/files/96/93/393497e64702a45ce909fab6e0c2/d156f4a1-99b7-4cd3-a925-e15ebb550c1f.xls""]","[""2026-10-07""]",named_field,,3 years,English,Artificial Intelligence,,,,
fudan-m-en-013,1,Fudan University,master,2026,prior_cycle_catalogue,"[""fudan-m-en""]","[""https://iso.fudan.edu.cn/_upload/article/files/96/93/393497e64702a45ce909fab6e0c2/d156f4a1-99b7-4cd3-a925-e15ebb550c1f.xls""]","[""2026-10-07""]",named_field,,2 years,English,Communication - Global Media and Communications (Double-degree program with London School of Economics and Political Science),,,,
fudan-m-en-013,2,Fudan University,master,2026,prior_cycle_catalogue,"[""fudan-m-en""]","[""https://iso.fudan.edu.cn/_upload/article/files/96/93/393497e64702a45ce909fab6e0c2/d156f4a1-99b7-4cd3-a925-e15ebb550c1f.xls""]","[""2026-10-07""]",named_field,,2 years,English,Communication - Communication and Media (Double-degree program with Sciences Po),,,,
fudan-m-en-014,1,Fudan University,master,2026,prior_cycle_catalogue,"[""fudan-m-en""]","[""https://iso.fudan.edu.cn/_upload/article/files/96/93/393497e64702a45ce909fab6e0c2/d156f4a1-99b7-4cd3-a925-e15ebb550c1f.xls""]","[""2026-10-07""]",named_field,,2 years,English,Fudan IMBA Program,,,,
fudan-m-en-015,1,Fudan University,master,2026,prior_cycle_catalogue,"[""fudan-m-en""]","[""https://iso.fudan.edu.cn/_upload/article/files/96/93/393497e64702a45ce909fab6e0c2/d156f4a1-99b7-4cd3-a925-e15ebb550c1f.xls""]","[""2026-10-07""]",named_field,,2 years,English,MIF-Master of International Finance,,,,
fudan-m-en-015,2,Fudan University,master,2026,prior_cycle_catalogue,"[""fudan-m-en""]","[""https://iso.fudan.edu.cn/_upload/article/files/96/93/393497e64702a45ce909fab6e0c2/d156f4a1-99b7-4cd3-a925-e15ebb550c1f.xls""]","[""2026-10-07""]",named_field,,2 years,English,MQFFE-Masterof Quantitative Finance and Financial Engineering,,,,
fudan-m-en-016,1,Fudan University,master,2026,prior_cycle_catalogue,"[""fudan-m-en""]","[""https://iso.fudan.edu.cn/_upload/article/files/96/93/393497e64702a45ce909fab6e0c2/d156f4a1-99b7-4cd3-a925-e15ebb550c1f.xls""]","[""2026-10-07""]",named_field,,2 years,English,DDIM - dual degree program with University Bocconi and LUISS (International students are requested to apply from the partner University's side),,,,
fudan-m-en-016,2,Fudan University,master,2026,prior_cycle_catalogue,"[""fudan-m-en""]","[""https://iso.fudan.edu.cn/_upload/article/files/96/93/393497e64702a45ce909fab6e0c2/d156f4a1-99b7-4cd3-a925-e15ebb550c1f.xls""]","[""2026-10-07""]",named_field,,2 years,English,GMiM - dual degree program with London Business School (International students are requested to apply from the partner University's side),,,,
fudan-m-en-017,1,Fudan University,master,2026,prior_cycle_catalogue,"[""fudan-m-en""]","[""https://iso.fudan.edu.cn/_upload/article/files/96/93/393497e64702a45ce909fab6e0c2/d156f4a1-99b7-4cd3-a925-e15ebb550c1f.xls""]","[""2026-10-07""]",named_field,,2 years,English,Chinese Business Law (LL.M. Program),,,,
fudan-m-en-018,1,Fudan University,master,2026,prior_cycle_catalogue,"[""fudan-m-en""]","[""https://iso.fudan.edu.cn/_upload/article/files/96/93/393497e64702a45ce909fab6e0c2/d156f4a1-99b7-4cd3-a925-e15ebb550c1f.xls""]","[""2026-10-07""]",named_field,,2 years,English,Finance,,,,
fudan-m-en-019,1,Fudan University,master,2026,prior_cycle_catalogue,"[""fudan-m-en""]","[""https://iso.fudan.edu.cn/_upload/article/files/96/93/393497e64702a45ce909fab6e0c2/d156f4a1-99b7-4cd3-a925-e15ebb550c1f.xls""]","[""2026-10-07""]",named_field,,2 years,English,Full-time Finance MBA,,,,
fudan-m-en-020,1,Fudan University,master,2026,prior_cycle_catalogue,"[""fudan-m-en""]","[""https://iso.fudan.edu.cn/_upload/article/files/96/93/393497e64702a45ce909fab6e0c2/d156f4a1-99b7-4cd3-a925-e15ebb550c1f.xls""]","[""2026-10-07""]",named_field,,2 years,English,Master in Global Public Policy,,,,
fudan-m-en-020,2,Fudan University,master,2026,prior_cycle_catalogue,"[""fudan-m-en""]","[""https://iso.fudan.edu.cn/_upload/article/files/96/93/393497e64702a45ce909fab6e0c2/d156f4a1-99b7-4cd3-a925-e15ebb550c1f.xls""]","[""2026-10-07""]",named_field,,2 years,English,LSE-Fudan Double Degree in Global Political Economy,,,,
fudan-m-en-020,3,Fudan University,master,2026,prior_cycle_catalogue,"[""fudan-m-en""]","[""https://iso.fudan.edu.cn/_upload/article/files/96/93/393497e64702a45ce909fab6e0c2/d156f4a1-99b7-4cd3-a925-e15ebb550c1f.xls""]","[""2026-10-07""]",named_field,,2 years,English,LSE-Fudan Double Degree in Global Social Policy,,,,
fudan-m-en-021,1,Fudan University,master,2026,prior_cycle_catalogue,"[""fudan-m-en""]","[""https://iso.fudan.edu.cn/_upload/article/files/96/93/393497e64702a45ce909fab6e0c2/d156f4a1-99b7-4cd3-a925-e15ebb550c1f.xls""]","[""2026-10-07""]",named_field,,2 years,English,International Master of Public Administration,,,,
fudan-m-en-022,1,Fudan University,master,2026,prior_cycle_catalogue,"[""fudan-m-en""]","[""https://iso.fudan.edu.cn/_upload/article/files/96/93/393497e64702a45ce909fab6e0c2/d156f4a1-99b7-4cd3-a925-e15ebb550c1f.xls""]","[""2026-10-07""]",named_field,,2 years,English,Future Energy,,,,
fudan-m-en-022,2,Fudan University,master,2026,prior_cycle_catalogue,"[""fudan-m-en""]","[""https://iso.fudan.edu.cn/_upload/article/files/96/93/393497e64702a45ce909fab6e0c2/d156f4a1-99b7-4cd3-a925-e15ebb550c1f.xls""]","[""2026-10-07""]",named_field,,2 years,English,Synthetic Chemistry,,,,
fudan-m-en-022,3,Fudan University,master,2026,prior_cycle_catalogue,"[""fudan-m-en""]","[""https://iso.fudan.edu.cn/_upload/article/files/96/93/393497e64702a45ce909fab6e0c2/d156f4a1-99b7-4cd3-a925-e15ebb550c1f.xls""]","[""2026-10-07""]",named_field,,2 years,English,Materials Chemistry,,,,
fudan-m-en-022,4,Fudan University,master,2026,prior_cycle_catalogue,"[""fudan-m-en""]","[""https://iso.fudan.edu.cn/_upload/article/files/96/93/393497e64702a45ce909fab6e0c2/d156f4a1-99b7-4cd3-a925-e15ebb550c1f.xls""]","[""2026-10-07""]",named_field,,2 years,English,Artificial Intelligence Chemistry,,,,
fudan-m-en-023,1,Fudan University,master,2026,prior_cycle_catalogue,"[""fudan-m-en""]","[""https://iso.fudan.edu.cn/_upload/article/files/96/93/393497e64702a45ce909fab6e0c2/d156f4a1-99b7-4cd3-a925-e15ebb550c1f.xls""]","[""2026-10-07""]",named_field,,3 years,English,Global Change,,,,
fudan-m-en-023,2,Fudan University,master,2026,prior_cycle_catalogue,"[""fudan-m-en""]","[""https://iso.fudan.edu.cn/_upload/article/files/96/93/393497e64702a45ce909fab6e0c2/d156f4a1-99b7-4cd3-a925-e15ebb550c1f.xls""]","[""2026-10-07""]",named_field,,3 years,English,Environmental Chemistry,,,,
fudan-m-en-023,3,Fudan University,master,2026,prior_cycle_catalogue,"[""fudan-m-en""]","[""https://iso.fudan.edu.cn/_upload/article/files/96/93/393497e64702a45ce909fab6e0c2/d156f4a1-99b7-4cd3-a925-e15ebb550c1f.xls""]","[""2026-10-07""]",named_field,,3 years,English,Environmental Ecology,,,,
fudan-m-en-023,4,Fudan University,master,2026,prior_cycle_catalogue,"[""fudan-m-en""]","[""https://iso.fudan.edu.cn/_upload/article/files/96/93/393497e64702a45ce909fab6e0c2/d156f4a1-99b7-4cd3-a925-e15ebb550c1f.xls""]","[""2026-10-07""]",named_field,,3 years,English,Urban Ecology,,,,
fudan-m-en-023,5,Fudan University,master,2026,prior_cycle_catalogue,"[""fudan-m-en""]","[""https://iso.fudan.edu.cn/_upload/article/files/96/93/393497e64702a45ce909fab6e0c2/d156f4a1-99b7-4cd3-a925-e15ebb550c1f.xls""]","[""2026-10-07""]",named_field,,3 years,English,Environmental Health,,,,
fudan-m-en-023,6,Fudan University,master,2026,prior_cycle_catalogue,"[""fudan-m-en""]","[""https://iso.fudan.edu.cn/_upload/article/files/96/93/393497e64702a45ce909fab6e0c2/d156f4a1-99b7-4cd3-a925-e15ebb550c1f.xls""]","[""2026-10-07""]",named_field,,3 years,English,Atmospheric Environment,,,,
fudan-m-en-023,7,Fudan University,master,2026,prior_cycle_catalogue,"[""fudan-m-en""]","[""https://iso.fudan.edu.cn/_upload/article/files/96/93/393497e64702a45ce909fab6e0c2/d156f4a1-99b7-4cd3-a925-e15ebb550c1f.xls""]","[""2026-10-07""]",named_field,,3 years,English,Water Pollution Control,,,,
fudan-m-en-023,8,Fudan University,master,2026,prior_cycle_catalogue,"[""fudan-m-en""]","[""https://iso.fudan.edu.cn/_upload/article/files/96/93/393497e64702a45ce909fab6e0c2/d156f4a1-99b7-4cd3-a925-e15ebb550c1f.xls""]","[""2026-10-07""]",named_field,,3 years,English,Biomass Energy,,,,
fudan-m-en-023,9,Fudan University,master,2026,prior_cycle_catalogue,"[""fudan-m-en""]","[""https://iso.fudan.edu.cn/_upload/article/files/96/93/393497e64702a45ce909fab6e0c2/d156f4a1-99b7-4cd3-a925-e15ebb550c1f.xls""]","[""2026-10-07""]",named_field,,3 years,English,Basin Pollution Control,,,,
fudan-m-en-024,1,Fudan University,master,2026,prior_cycle_catalogue,"[""fudan-m-en""]","[""https://iso.fudan.edu.cn/_upload/article/files/96/93/393497e64702a45ce909fab6e0c2/d156f4a1-99b7-4cd3-a925-e15ebb550c1f.xls""]","[""2026-10-07""]",named_field,,3 years,English,Artificial Intelligence and Engineering Scientific Computing,,,,
fudan-m-en-024,2,Fudan University,master,2026,prior_cycle_catalogue,"[""fudan-m-en""]","[""https://iso.fudan.edu.cn/_upload/article/files/96/93/393497e64702a45ce909fab6e0c2/d156f4a1-99b7-4cd3-a925-e15ebb550c1f.xls""]","[""2026-10-07""]",named_field,,3 years,English,Intelligent Materials and Structures,,,,
fudan-m-en-025,1,Fudan University,master,2026,prior_cycle_catalogue,"[""fudan-m-en""]","[""https://iso.fudan.edu.cn/_upload/article/files/96/93/393497e64702a45ce909fab6e0c2/d156f4a1-99b7-4cd3-a925-e15ebb550c1f.xls""]","[""2026-10-07""]",named_field,,3 years,English,Theoretical Physics,,,,
ustc-master-cn-2026-01,1,University of Science and Technology of China,master,2026,historical_2026,"[""ustc-master-cn-2026""]","[""https://ic.ustc.edu.cn/wp-content/uploads/2025/04/%E7%A1%95%E5%A3%AB%E7%A0%94%E7%A9%B6%E7%94%9F%E9%A1%B9%E7%9B%AE%EF%BC%88%E6%B1%89%E8%AF%AD%E6%8E%88%E8%AF%BE%EF%BC%89%E5%88%97%E8%A1%A8-1.pdf""]","[""2026-10-07""]",named_field,,,Chinese,Astrophysics,天体物理,,,
ustc-master-cn-2026-02,1,University of Science and Technology of China,master,2026,historical_2026,"[""ustc-master-cn-2026""]","[""https://ic.ustc.edu.cn/wp-content/uploads/2025/04/%E7%A1%95%E5%A3%AB%E7%A0%94%E7%A9%B6%E7%94%9F%E9%A1%B9%E7%9B%AE%EF%BC%88%E6%B1%89%E8%AF%AD%E6%8E%88%E8%AF%BE%EF%BC%89%E5%88%97%E8%A1%A8-1.pdf""]","[""2026-10-07""]",named_field,,,Chinese,Atmosphere Physics and Environment,大气物理学与大气环境,,,
ustc-master-cn-2026-02,2,University of Science and Technology of China,master,2026,historical_2026,"[""ustc-master-cn-2026""]","[""https://ic.ustc.edu.cn/wp-content/uploads/2025/04/%E7%A1%95%E5%A3%AB%E7%A0%94%E7%A9%B6%E7%94%9F%E9%A1%B9%E7%9B%AE%EF%BC%88%E6%B1%89%E8%AF%AD%E6%8E%88%E8%AF%BE%EF%BC%89%E5%88%97%E8%A1%A8-1.pdf""]","[""2026-10-07""]",named_field,,,Chinese,Climatology and Global Change,气候学和全球变化,,,
ustc-master-cn-2026-03,1,University of Science and Technology of China,master,2026,historical_2026,"[""ustc-master-cn-2026""]","[""https://ic.ustc.edu.cn/wp-content/uploads/2025/04/%E7%A1%95%E5%A3%AB%E7%A0%94%E7%A9%B6%E7%94%9F%E9%A1%B9%E7%9B%AE%EF%BC%88%E6%B1%89%E8%AF%AD%E6%8E%88%E8%AF%BE%EF%BC%89%E5%88%97%E8%A1%A8-1.pdf""]","[""2026-10-07""]",named_field,,,Chinese,Biochemistry and Molecule Biology,生物化学与分子生物学,,,
ustc-master-cn-2026-03,2,University of Science and Technology of China,master,2026,historical_2026,"[""ustc-master-cn-2026""]","[""https://ic.ustc.edu.cn/wp-content/uploads/2025/04/%E7%A1%95%E5%A3%AB%E7%A0%94%E7%A9%B6%E7%94%9F%E9%A1%B9%E7%9B%AE%EF%BC%88%E6%B1%89%E8%AF%AD%E6%8E%88%E8%AF%BE%EF%BC%89%E5%88%97%E8%A1%A8-1.pdf""]","[""2026-10-07""]",named_field,,,Chinese,Bioinformatics,生物信息学,,,
ustc-master-cn-2026-03,3,University of Science and Technology of China,master,2026,historical_2026,"[""ustc-master-cn-2026""]","[""https://ic.ustc.edu.cn/wp-content/uploads/2025/04/%E7%A1%95%E5%A3%AB%E7%A0%94%E7%A9%B6%E7%94%9F%E9%A1%B9%E7%9B%AE%EF%BC%88%E6%B1%89%E8%AF%AD%E6%8E%88%E8%AF%BE%EF%BC%89%E5%88%97%E8%A1%A8-1.pdf""]","[""2026-10-07""]",named_field,,,Chinese,Biophysics,生物物理学,,,
ustc-master-cn-2026-03,4,University of Science and Technology of China,master,2026,historical_2026,"[""ustc-master-cn-2026""]","[""https://ic.ustc.edu.cn/wp-content/uploads/2025/04/%E7%A1%95%E5%A3%AB%E7%A0%94%E7%A9%B6%E7%94%9F%E9%A1%B9%E7%9B%AE%EF%BC%88%E6%B1%89%E8%AF%AD%E6%8E%88%E8%AF%BE%EF%BC%89%E5%88%97%E8%A1%A8-1.pdf""]","[""2026-10-07""]",named_field,,,Chinese,Cell Biology,细胞生物学,,,
ustc-master-cn-2026-03,5,University of Science and Technology of China,master,2026,historical_2026,"[""ustc-master-cn-2026""]","[""https://ic.ustc.edu.cn/wp-content/uploads/2025/04/%E7%A1%95%E5%A3%AB%E7%A0%94%E7%A9%B6%E7%94%9F%E9%A1%B9%E7%9B%AE%EF%BC%88%E6%B1%89%E8%AF%AD%E6%8E%88%E8%AF%BE%EF%BC%89%E5%88%97%E8%A1%A8-1.pdf""]","[""2026-10-07""]",named_field,,,Chinese,Genetics,遗传学,,,
ustc-master-cn-2026-03,6,University of Science and Technology of China,master,2026,historical_2026,"[""ustc-master-cn-2026""]","[""https://ic.ustc.edu.cn/wp-content/uploads/2025/04/%E7%A1%95%E5%A3%AB%E7%A0%94%E7%A9%B6%E7%94%9F%E9%A1%B9%E7%9B%AE%EF%BC%88%E6%B1%89%E8%AF%AD%E6%8E%88%E8%AF%BE%EF%BC%89%E5%88%97%E8%A1%A8-1.pdf""]","[""2026-10-07""]",named_field,,,Chinese,Microbiology,微生物学,,,
ustc-master-cn-2026-03,7,University of Science and Technology of China,master,2026,historical_2026,"[""ustc-master-cn-2026""]","[""https://ic.ustc.edu.cn/wp-content/uploads/2025/04/%E7%A1%95%E5%A3%AB%E7%A0%94%E7%A9%B6%E7%94%9F%E9%A1%B9%E7%9B%AE%EF%BC%88%E6%B1%89%E8%AF%AD%E6%8E%88%E8%AF%BE%EF%BC%89%E5%88%97%E8%A1%A8-1.pdf""]","[""2026-10-07""]",named_field,,,Chinese,Neurobiology,神经生物学,,,
ustc-master-cn-2026-03,8,University of Science and Technology of China,master,2026,historical_2026,"[""ustc-master-cn-2026""]","[""https://ic.ustc.edu.cn/wp-content/uploads/2025/04/%E7%A1%95%E5%A3%AB%E7%A0%94%E7%A9%B6%E7%94%9F%E9%A1%B9%E7%9B%AE%EF%BC%88%E6%B1%89%E8%AF%AD%E6%8E%88%E8%AF%BE%EF%BC%89%E5%88%97%E8%A1%A8-1.pdf""]","[""2026-10-07""]",named_field,,,Chinese,Structural Biology,结构生物学,,,
ustc-master-cn-2026-04,1,University of Science and Technology of China,master,2026,historical_2026,"[""ustc-master-cn-2026""]","[""https://ic.ustc.edu.cn/wp-content/uploads/2025/04/%E7%A1%95%E5%A3%AB%E7%A0%94%E7%A9%B6%E7%94%9F%E9%A1%B9%E7%9B%AE%EF%BC%88%E6%B1%89%E8%AF%AD%E6%8E%88%E8%AF%BE%EF%BC%89%E5%88%97%E8%A1%A8-1.pdf""]","[""2026-10-07""]",named_field,,,Chinese,Analytical Chemistry,分析化学,,,
ustc-master-cn-2026-04,2,University of Science and Technology of China,master,2026,historical_2026,"[""ustc-master-cn-2026""]","[""https://ic.ustc.edu.cn/wp-content/uploads/2025/04/%E7%A1%95%E5%A3%AB%E7%A0%94%E7%A9%B6%E7%94%9F%E9%A1%B9%E7%9B%AE%EF%BC%88%E6%B1%89%E8%AF%AD%E6%8E%88%E8%AF%BE%EF%BC%89%E5%88%97%E8%A1%A8-1.pdf""]","[""2026-10-07""]",named_field,,,Chinese,Chemical Biology,化学生物学,,,
ustc-master-cn-2026-04,3,University of Science and Technology of China,master,2026,historical_2026,"[""ustc-master-cn-2026""]","[""https://ic.ustc.edu.cn/wp-content/uploads/2025/04/%E7%A1%95%E5%A3%AB%E7%A0%94%E7%A9%B6%E7%94%9F%E9%A1%B9%E7%9B%AE%EF%BC%88%E6%B1%89%E8%AF%AD%E6%8E%88%E8%AF%BE%EF%BC%89%E5%88%97%E8%A1%A8-1.pdf""]","[""2026-10-07""]",named_field,,,Chinese,Energy Chemistry,能源化学,,,
ustc-master-cn-2026-04,4,University of Science and Technology of China,master,2026,historical_2026,"[""ustc-master-cn-2026""]","[""https://ic.ustc.edu.cn/wp-content/uploads/2025/04/%E7%A1%95%E5%A3%AB%E7%A0%94%E7%A9%B6%E7%94%9F%E9%A1%B9%E7%9B%AE%EF%BC%88%E6%B1%89%E8%AF%AD%E6%8E%88%E8%AF%BE%EF%BC%89%E5%88%97%E8%A1%A8-1.pdf""]","[""2026-10-07""]",named_field,,,Chinese,Inorganic Chemistry,无机化学,,,
ustc-master-cn-2026-04,5,University of Science and Technology of China,master,2026,historical_2026,"[""ustc-master-cn-2026""]","[""https://ic.ustc.edu.cn/wp-content/uploads/2025/04/%E7%A1%95%E5%A3%AB%E7%A0%94%E7%A9%B6%E7%94%9F%E9%A1%B9%E7%9B%AE%EF%BC%88%E6%B1%89%E8%AF%AD%E6%8E%88%E8%AF%BE%EF%BC%89%E5%88%97%E8%A1%A8-1.pdf""]","[""2026-10-07""]",named_field,,,Chinese,Macromolecule Chemistry and Physics,高分子化学与物理,,,
ustc-master-cn-2026-04,6,University of Science and Technology of China,master,2026,historical_2026,"[""ustc-master-cn-2026""]","[""https://ic.ustc.edu.cn/wp-content/uploads/2025/04/%E7%A1%95%E5%A3%AB%E7%A0%94%E7%A9%B6%E7%94%9F%E9%A1%B9%E7%9B%AE%EF%BC%88%E6%B1%89%E8%AF%AD%E6%8E%88%E8%AF%BE%EF%BC%89%E5%88%97%E8%A1%A8-1.pdf""]","[""2026-10-07""]",named_field,,,Chinese,Organic Chemistry,有机化学,,,
ustc-master-cn-2026-04,7,University of Science and Technology of China,master,2026,historical_2026,"[""ustc-master-cn-2026""]","[""https://ic.ustc.edu.cn/wp-content/uploads/2025/04/%E7%A1%95%E5%A3%AB%E7%A0%94%E7%A9%B6%E7%94%9F%E9%A1%B9%E7%9B%AE%EF%BC%88%E6%B1%89%E8%AF%AD%E6%8E%88%E8%AF%BE%EF%BC%89%E5%88%97%E8%A1%A8-1.pdf""]","[""2026-10-07""]",named_field,,,Chinese,Physical Chemistry,物理化学（含化学物理）,,,
ustc-master-cn-2026-05,1,University of Science and Technology of China,master,2026,historical_2026,"[""ustc-master-cn-2026""]","[""https://ic.ustc.edu.cn/wp-content/uploads/2025/04/%E7%A1%95%E5%A3%AB%E7%A0%94%E7%A9%B6%E7%94%9F%E9%A1%B9%E7%9B%AE%EF%BC%88%E6%B1%89%E8%AF%AD%E6%8E%88%E8%AF%BE%EF%BC%89%E5%88%97%E8%A1%A8-1.pdf""]","[""2026-10-07""]",named_field,,,Chinese,Computer Application Technology,计算机应用技术,,,
ustc-master-cn-2026-05,2,University of Science and Technology of China,master,2026,historical_2026,"[""ustc-master-cn-2026""]","[""https://ic.ustc.edu.cn/wp-content/uploads/2025/04/%E7%A1%95%E5%A3%AB%E7%A0%94%E7%A9%B6%E7%94%9F%E9%A1%B9%E7%9B%AE%EF%BC%88%E6%B1%89%E8%AF%AD%E6%8E%88%E8%AF%BE%EF%BC%89%E5%88%97%E8%A1%A8-1.pdf""]","[""2026-10-07""]",named_field,,,Chinese,Computer Software and Theory,计算机软件与理论,,,
ustc-master-cn-2026-05,3,University of Science and Technology of China,master,2026,historical_2026,"[""ustc-master-cn-2026""]","[""https://ic.ustc.edu.cn/wp-content/uploads/2025/04/%E7%A1%95%E5%A3%AB%E7%A0%94%E7%A9%B6%E7%94%9F%E9%A1%B9%E7%9B%AE%EF%BC%88%E6%B1%89%E8%AF%AD%E6%8E%88%E8%AF%BE%EF%BC%89%E5%88%97%E8%A1%A8-1.pdf""]","[""2026-10-07""]",named_field,,,Chinese,Computer System Structure,计算机系统结构,,,
ustc-master-cn-2026-05,4,University of Science and Technology of China,master,2026,historical_2026,"[""ustc-master-cn-2026""]","[""https://ic.ustc.edu.cn/wp-content/uploads/2025/04/%E7%A1%95%E5%A3%AB%E7%A0%94%E7%A9%B6%E7%94%9F%E9%A1%B9%E7%9B%AE%EF%BC%88%E6%B1%89%E8%AF%AD%E6%8E%88%E8%AF%BE%EF%BC%89%E5%88%97%E8%A1%A8-1.pdf""]","[""2026-10-07""]",named_field,,,Chinese,Information Safety,信息安全,,,
ustc-master-cn-2026-06,1,University of Science and Technology of China,master,2026,historical_2026,"[""ustc-master-cn-2026""]","[""https://ic.ustc.edu.cn/wp-content/uploads/2025/04/%E7%A1%95%E5%A3%AB%E7%A0%94%E7%A9%B6%E7%94%9F%E9%A1%B9%E7%9B%AE%EF%BC%88%E6%B1%89%E8%AF%AD%E6%8E%88%E8%AF%BE%EF%BC%89%E5%88%97%E8%A1%A8-1.pdf""]","[""2026-10-07""]",named_field,,,Chinese,Control Science and Engineering,控制科学与工程,,,
ustc-master-cn-2026-07,1,University of Science and Technology of China,master,2026,historical_2026,"[""ustc-master-cn-2026""]","[""https://ic.ustc.edu.cn/wp-content/uploads/2025/04/%E7%A1%95%E5%A3%AB%E7%A0%94%E7%A9%B6%E7%94%9F%E9%A1%B9%E7%9B%AE%EF%BC%88%E6%B1%89%E8%AF%AD%E6%8E%88%E8%AF%BE%EF%BC%89%E5%88%97%E8%A1%A8-1.pdf""]","[""2026-10-07""]",named_field,,,Chinese,Cultural Heritage,文物,,,
ustc-master-cn-2026-08,1,University of Science and Technology of China,master,2026,historical_2026,"[""ustc-master-cn-2026""]","[""https://ic.ustc.edu.cn/wp-content/uploads/2025/04/%E7%A1%95%E5%A3%AB%E7%A0%94%E7%A9%B6%E7%94%9F%E9%A1%B9%E7%9B%AE%EF%BC%88%E6%B1%89%E8%AF%AD%E6%8E%88%E8%AF%BE%EF%BC%89%E5%88%97%E8%A1%A8-1.pdf""]","[""2026-10-07""]",named_field,,,Chinese,Cyberspace Security,网络空间安全,,,
ustc-master-cn-2026-09,1,University of Science and Technology of China,master,2026,historical_2026,"[""ustc-master-cn-2026""]","[""https://ic.ustc.edu.cn/wp-content/uploads/2025/04/%E7%A1%95%E5%A3%AB%E7%A0%94%E7%A9%B6%E7%94%9F%E9%A1%B9%E7%9B%AE%EF%BC%88%E6%B1%89%E8%AF%AD%E6%8E%88%E8%AF%BE%EF%BC%89%E5%88%97%E8%A1%A8-1.pdf""]","[""2026-10-07""]",named_field,,,Chinese,Circuits and Systems,电路与系统,,,
ustc-master-cn-2026-09,2,University of Science and Technology of China,master,2026,historical_2026,"[""ustc-master-cn-2026""]","[""https://ic.ustc.edu.cn/wp-content/uploads/2025/04/%E7%A1%95%E5%A3%AB%E7%A0%94%E7%A9%B6%E7%94%9F%E9%A1%B9%E7%9B%AE%EF%BC%88%E6%B1%89%E8%AF%AD%E6%8E%88%E8%AF%BE%EF%BC%89%E5%88%97%E8%A1%A8-1.pdf""]","[""2026-10-07""]",named_field,,,Chinese,Electronic Science and Technology,电子科学与技术,,,
ustc-master-cn-2026-09,3,University of Science and Technology of China,master,2026,historical_2026,"[""ustc-master-cn-2026""]","[""https://ic.ustc.edu.cn/wp-content/uploads/2025/04/%E7%A1%95%E5%A3%AB%E7%A0%94%E7%A9%B6%E7%94%9F%E9%A1%B9%E7%9B%AE%EF%BC%88%E6%B1%89%E8%AF%AD%E6%8E%88%E8%AF%BE%EF%BC%89%E5%88%97%E8%A1%A8-1.pdf""]","[""2026-10-07""]",named_field,,,Chinese,Microelectronics and Solid State Electronics,微电子学与固体电子学,,,
ustc-master-cn-2026-10,1,University of Science and Technology of China,master,2026,historical_2026,"[""ustc-master-cn-2026""]","[""https://ic.ustc.edu.cn/wp-content/uploads/2025/04/%E7%A1%95%E5%A3%AB%E7%A0%94%E7%A9%B6%E7%94%9F%E9%A1%B9%E7%9B%AE%EF%BC%88%E6%B1%89%E8%AF%AD%E6%8E%88%E8%AF%BE%EF%BC%89%E5%88%97%E8%A1%A8-1.pdf""]","[""2026-10-07""]",named_field,,,Chinese,Environmental Science and Engineering,环境科学与工程,,,
ustc-master-cn-2026-11,1,University of Science and Technology of China,master,2026,historical_2026,"[""ustc-master-cn-2026""]","[""https://ic.ustc.edu.cn/wp-content/uploads/2025/04/%E7%A1%95%E5%A3%AB%E7%A0%94%E7%A9%B6%E7%94%9F%E9%A1%B9%E7%9B%AE%EF%BC%88%E6%B1%89%E8%AF%AD%E6%8E%88%E8%AF%BE%EF%BC%89%E5%88%97%E8%A1%A8-1.pdf""]","[""2026-10-07""]",named_field,,,Chinese,Geochemistry,地球化学,,,
ustc-master-cn-2026-11,2,University of Science and Technology of China,master,2026,historical_2026,"[""ustc-master-cn-2026""]","[""https://ic.ustc.edu.cn/wp-content/uploads/2025/04/%E7%A1%95%E5%A3%AB%E7%A0%94%E7%A9%B6%E7%94%9F%E9%A1%B9%E7%9B%AE%EF%BC%88%E6%B1%89%E8%AF%AD%E6%8E%88%E8%AF%BE%EF%BC%89%E5%88%97%E8%A1%A8-1.pdf""]","[""2026-10-07""]",named_field,,,Chinese,"Mineralogy, Petrology, Mineral Deposit Geology",矿物学、岩石学、矿床学,,,
ustc-master-cn-2026-11,3,University of Science and Technology of China,master,2026,historical_2026,"[""ustc-master-cn-2026""]","[""https://ic.ustc.edu.cn/wp-content/uploads/2025/04/%E7%A1%95%E5%A3%AB%E7%A0%94%E7%A9%B6%E7%94%9F%E9%A1%B9%E7%9B%AE%EF%BC%88%E6%B1%89%E8%AF%AD%E6%8E%88%E8%AF%BE%EF%BC%89%E5%88%97%E8%A1%A8-1.pdf""]","[""2026-10-07""]",named_field,,,Chinese,Tectonics Geology,构造地质学,,,
ustc-master-cn-2026-12,1,University of Science and Technology of China,master,2026,historical_2026,"[""ustc-master-cn-2026""]","[""https://ic.ustc.edu.cn/wp-content/uploads/2025/04/%E7%A1%95%E5%A3%AB%E7%A0%94%E7%A9%B6%E7%94%9F%E9%A1%B9%E7%9B%AE%EF%BC%88%E6%B1%89%E8%AF%AD%E6%8E%88%E8%AF%BE%EF%BC%89%E5%88%97%E8%A1%A8-1.pdf""]","[""2026-10-07""]",named_field,,,Chinese,Solid Geophysics,固体地球物理学,,,
ustc-master-cn-2026-12,2,University of Science and Technology of China,master,2026,historical_2026,"[""ustc-master-cn-2026""]","[""https://ic.ustc.edu.cn/wp-content/uploads/2025/04/%E7%A1%95%E5%A3%AB%E7%A0%94%E7%A9%B6%E7%94%9F%E9%A1%B9%E7%9B%AE%EF%BC%88%E6%B1%89%E8%AF%AD%E6%8E%88%E8%AF%BE%EF%BC%89%E5%88%97%E8%A1%A8-1.pdf""]","[""2026-10-07""]",named_field,,,Chinese,Space Physics,空间物理学,,,
ustc-master-cn-2026-13,1,University of Science and Technology of China,master,2026,historical_2026,"[""ustc-master-cn-2026""]","[""https://ic.ustc.edu.cn/wp-content/uploads/2025/04/%E7%A1%95%E5%A3%AB%E7%A0%94%E7%A9%B6%E7%94%9F%E9%A1%B9%E7%9B%AE%EF%BC%88%E6%B1%89%E8%AF%AD%E6%8E%88%E8%AF%BE%EF%BC%89%E5%88%97%E8%A1%A8-1.pdf""]","[""2026-10-07""]",named_field,,,Chinese,History of Science and Technology,科学技术史,,,
ustc-master-cn-2026-14,1,University of Science and Technology of China,master,2026,historical_2026,"[""ustc-master-cn-2026""]","[""https://ic.ustc.edu.cn/wp-content/uploads/2025/04/%E7%A1%95%E5%A3%AB%E7%A0%94%E7%A9%B6%E7%94%9F%E9%A1%B9%E7%9B%AE%EF%BC%88%E6%B1%89%E8%AF%AD%E6%8E%88%E8%AF%BE%EF%BC%89%E5%88%97%E8%A1%A8-1.pdf""]","[""2026-10-07""]",named_field,,,Chinese,Information and Communication Engineering,信息与通信工程,,,
ustc-master-cn-2026-15,1,University of Science and Technology of China,master,2026,historical_2026,"[""ustc-master-cn-2026""]","[""https://ic.ustc.edu.cn/wp-content/uploads/2025/04/%E7%A1%95%E5%A3%AB%E7%A0%94%E7%A9%B6%E7%94%9F%E9%A1%B9%E7%9B%AE%EF%BC%88%E6%B1%89%E8%AF%AD%E6%8E%88%E8%AF%BE%EF%BC%89%E5%88%97%E8%A1%A8-1.pdf""]","[""2026-10-07""]",named_field,,,Chinese,Measuring and Testing Technologies and Instruments,测试计量技术及仪器,,,
ustc-master-cn-2026-15,2,University of Science and Technology of China,master,2026,historical_2026,"[""ustc-master-cn-2026""]","[""https://ic.ustc.edu.cn/wp-content/uploads/2025/04/%E7%A1%95%E5%A3%AB%E7%A0%94%E7%A9%B6%E7%94%9F%E9%A1%B9%E7%9B%AE%EF%BC%88%E6%B1%89%E8%AF%AD%E6%8E%88%E8%AF%BE%EF%BC%89%E5%88%97%E8%A1%A8-1.pdf""]","[""2026-10-07""]",named_field,,,Chinese,Precision Instrument and Machinery,精密仪器及机械,,,
ustc-master-cn-2026-16,1,University of Science and Technology of China,master,2026,historical_2026,"[""ustc-master-cn-2026""]","[""https://ic.ustc.edu.cn/wp-content/uploads/2025/04/%E7%A1%95%E5%A3%AB%E7%A0%94%E7%A9%B6%E7%94%9F%E9%A1%B9%E7%9B%AE%EF%BC%88%E6%B1%89%E8%AF%AD%E6%8E%88%E8%AF%BE%EF%BC%89%E5%88%97%E8%A1%A8-1.pdf""]","[""2026-10-07""]",named_field,,,Chinese,Integrated Circuit Design and Micro-Nano Systems,集成电路设计与微纳系统,,,
ustc-master-cn-2026-16,2,University of Science and Technology of China,master,2026,historical_2026,"[""ustc-master-cn-2026""]","[""https://ic.ustc.edu.cn/wp-content/uploads/2025/04/%E7%A1%95%E5%A3%AB%E7%A0%94%E7%A9%B6%E7%94%9F%E9%A1%B9%E7%9B%AE%EF%BC%88%E6%B1%89%E8%AF%AD%E6%8E%88%E8%AF%BE%EF%BC%89%E5%88%97%E8%A1%A8-1.pdf""]","[""2026-10-07""]",named_field,,,Chinese,"Integrated Circuit Devices, Processes and Manufacturing",集成电路器件、工艺与制造,,,
ustc-master-cn-2026-17,1,University of Science and Technology of China,master,2026,historical_2026,"[""ustc-master-cn-2026""]","[""https://ic.ustc.edu.cn/wp-content/uploads/2025/04/%E7%A1%95%E5%A3%AB%E7%A0%94%E7%A9%B6%E7%94%9F%E9%A1%B9%E7%9B%AE%EF%BC%88%E6%B1%89%E8%AF%AD%E6%8E%88%E8%AF%BE%EF%BC%89%E5%88%97%E8%A1%A8-1.pdf""]","[""2026-10-07""]",named_field,,,Chinese,Journalism and Communication,新闻与传播,,,
ustc-master-cn-2026-18,1,University of Science and Technology of China,master,2026,historical_2026,"[""ustc-master-cn-2026""]","[""https://ic.ustc.edu.cn/wp-content/uploads/2025/04/%E7%A1%95%E5%A3%AB%E7%A0%94%E7%A9%B6%E7%94%9F%E9%A1%B9%E7%9B%AE%EF%BC%88%E6%B1%89%E8%AF%AD%E6%8E%88%E8%AF%BE%EF%BC%89%E5%88%97%E8%A1%A8-1.pdf""]","[""2026-10-07""]",named_field,,,Chinese,Intellectual Property*,知识产权*,,,
ustc-master-cn-2026-19,1,University of Science and Technology of China,master,2026,historical_2026,"[""ustc-master-cn-2026""]","[""https://ic.ustc.edu.cn/wp-content/uploads/2025/04/%E7%A1%95%E5%A3%AB%E7%A0%94%E7%A9%B6%E7%94%9F%E9%A1%B9%E7%9B%AE%EF%BC%88%E6%B1%89%E8%AF%AD%E6%8E%88%E8%AF%BE%EF%BC%89%E5%88%97%E8%A1%A8-1.pdf""]","[""2026-10-07""]",named_field,,,Chinese,Materials Physics and Chemistry,材料物理与化学,,,
ustc-master-cn-2026-19,2,University of Science and Technology of China,master,2026,historical_2026,"[""ustc-master-cn-2026""]","[""https://ic.ustc.edu.cn/wp-content/uploads/2025/04/%E7%A1%95%E5%A3%AB%E7%A0%94%E7%A9%B6%E7%94%9F%E9%A1%B9%E7%9B%AE%EF%BC%88%E6%B1%89%E8%AF%AD%E6%8E%88%E8%AF%BE%EF%BC%89%E5%88%97%E8%A1%A8-1.pdf""]","[""2026-10-07""]",named_field,,,Chinese,Materials Processing Engineering,材料加工工程,,,
ustc-master-cn-2026-19,3,University of Science and Technology of China,master,2026,historical_2026,"[""ustc-master-cn-2026""]","[""https://ic.ustc.edu.cn/wp-content/uploads/2025/04/%E7%A1%95%E5%A3%AB%E7%A0%94%E7%A9%B6%E7%94%9F%E9%A1%B9%E7%9B%AE%EF%BC%88%E6%B1%89%E8%AF%AD%E6%8E%88%E8%AF%BE%EF%BC%89%E5%88%97%E8%A1%A8-1.pdf""]","[""2026-10-07""]",named_field,,,Chinese,Materials Science,材料学,,,
ustc-master-cn-2026-20,1,University of Science and Technology of China,master,2026,historical_2026,"[""ustc-master-cn-2026""]","[""https://ic.ustc.edu.cn/wp-content/uploads/2025/04/%E7%A1%95%E5%A3%AB%E7%A0%94%E7%A9%B6%E7%94%9F%E9%A1%B9%E7%9B%AE%EF%BC%88%E6%B1%89%E8%AF%AD%E6%8E%88%E8%AF%BE%EF%BC%89%E5%88%97%E8%A1%A8-1.pdf""]","[""2026-10-07""]",named_field,,,Chinese,Applied Mathematics,应用数学,,,
ustc-master-cn-2026-20,2,University of Science and Technology of China,master,2026,historical_2026,"[""ustc-master-cn-2026""]","[""https://ic.ustc.edu.cn/wp-content/uploads/2025/04/%E7%A1%95%E5%A3%AB%E7%A0%94%E7%A9%B6%E7%94%9F%E9%A1%B9%E7%9B%AE%EF%BC%88%E6%B1%89%E8%AF%AD%E6%8E%88%E8%AF%BE%EF%BC%89%E5%88%97%E8%A1%A8-1.pdf""]","[""2026-10-07""]",named_field,,,Chinese,Computing Mathematics,计算数学,,,
ustc-master-cn-2026-20,3,University of Science and Technology of China,master,2026,historical_2026,"[""ustc-master-cn-2026""]","[""https://ic.ustc.edu.cn/wp-content/uploads/2025/04/%E7%A1%95%E5%A3%AB%E7%A0%94%E7%A9%B6%E7%94%9F%E9%A1%B9%E7%9B%AE%EF%BC%88%E6%B1%89%E8%AF%AD%E6%8E%88%E8%AF%BE%EF%BC%89%E5%88%97%E8%A1%A8-1.pdf""]","[""2026-10-07""]",named_field,,,Chinese,Fundamental Mathematics,基础数学,,,
ustc-master-cn-2026-20,4,University of Science and Technology of China,master,2026,historical_2026,"[""ustc-master-cn-2026""]","[""https://ic.ustc.edu.cn/wp-content/uploads/2025/04/%E7%A1%95%E5%A3%AB%E7%A0%94%E7%A9%B6%E7%94%9F%E9%A1%B9%E7%9B%AE%EF%BC%88%E6%B1%89%E8%AF%AD%E6%8E%88%E8%AF%BE%EF%BC%89%E5%88%97%E8%A1%A8-1.pdf""]","[""2026-10-07""]",named_field,,,Chinese,Operational Research and Cybernetics,运筹学与控制论,,,
ustc-master-cn-2026-20,5,University of Science and Technology of China,master,2026,historical_2026,"[""ustc-master-cn-2026""]","[""https://ic.ustc.edu.cn/wp-content/uploads/2025/04/%E7%A1%95%E5%A3%AB%E7%A0%94%E7%A9%B6%E7%94%9F%E9%A1%B9%E7%9B%AE%EF%BC%88%E6%B1%89%E8%AF%AD%E6%8E%88%E8%AF%BE%EF%BC%89%E5%88%97%E8%A1%A8-1.pdf""]","[""2026-10-07""]",named_field,,,Chinese,Probability and Statistics,概率统计,,,
ustc-master-cn-2026-21,1,University of Science and Technology of China,master,2026,historical_2026,"[""ustc-master-cn-2026""]","[""https://ic.ustc.edu.cn/wp-content/uploads/2025/04/%E7%A1%95%E5%A3%AB%E7%A0%94%E7%A9%B6%E7%94%9F%E9%A1%B9%E7%9B%AE%EF%BC%88%E6%B1%89%E8%AF%AD%E6%8E%88%E8%AF%BE%EF%BC%89%E5%88%97%E8%A1%A8-1.pdf""]","[""2026-10-07""]",named_field,,,Chinese,Mechanical Engineering,机械工程,,,
ustc-master-cn-2026-22,1,University of Science and Technology of China,master,2026,historical_2026,"[""ustc-master-cn-2026""]","[""https://ic.ustc.edu.cn/wp-content/uploads/2025/04/%E7%A1%95%E5%A3%AB%E7%A0%94%E7%A9%B6%E7%94%9F%E9%A1%B9%E7%9B%AE%EF%BC%88%E6%B1%89%E8%AF%AD%E6%8E%88%E8%AF%BE%EF%BC%89%E5%88%97%E8%A1%A8-1.pdf""]","[""2026-10-07""]",named_field,,,Chinese,Biomechanics,生物力学,,,
ustc-master-cn-2026-22,2,University of Science and Technology of China,master,2026,historical_2026,"[""ustc-master-cn-2026""]","[""https://ic.ustc.edu.cn/wp-content/uploads/2025/04/%E7%A1%95%E5%A3%AB%E7%A0%94%E7%A9%B6%E7%94%9F%E9%A1%B9%E7%9B%AE%EF%BC%88%E6%B1%89%E8%AF%AD%E6%8E%88%E8%AF%BE%EF%BC%89%E5%88%97%E8%A1%A8-1.pdf""]","[""2026-10-07""]",named_field,,,Chinese,Dynamics and Control,动力学与控制,,,
ustc-master-cn-2026-22,3,University of Science and Technology of China,master,2026,historical_2026,"[""ustc-master-cn-2026""]","[""https://ic.ustc.edu.cn/wp-content/uploads/2025/04/%E7%A1%95%E5%A3%AB%E7%A0%94%E7%A9%B6%E7%94%9F%E9%A1%B9%E7%9B%AE%EF%BC%88%E6%B1%89%E8%AF%AD%E6%8E%88%E8%AF%BE%EF%BC%89%E5%88%97%E8%A1%A8-1.pdf""]","[""2026-10-07""]",named_field,,,Chinese,Engineering Mechanics,工程力学,,,
ustc-master-cn-2026-22,4,University of Science and Technology of China,master,2026,historical_2026,"[""ustc-master-cn-2026""]","[""https://ic.ustc.edu.cn/wp-content/uploads/2025/04/%E7%A1%95%E5%A3%AB%E7%A0%94%E7%A9%B6%E7%94%9F%E9%A1%B9%E7%9B%AE%EF%BC%88%E6%B1%89%E8%AF%AD%E6%8E%88%E8%AF%BE%EF%BC%89%E5%88%97%E8%A1%A8-1.pdf""]","[""2026-10-07""]",named_field,,,Chinese,Hydrodynamics,流体力学,,,
ustc-master-cn-2026-22,5,University of Science and Technology of China,master,2026,historical_2026,"[""ustc-master-cn-2026""]","[""https://ic.ustc.edu.cn/wp-content/uploads/2025/04/%E7%A1%95%E5%A3%AB%E7%A0%94%E7%A9%B6%E7%94%9F%E9%A1%B9%E7%9B%AE%EF%BC%88%E6%B1%89%E8%AF%AD%E6%8E%88%E8%AF%BE%EF%BC%89%E5%88%97%E8%A1%A8-1.pdf""]","[""2026-10-07""]",named_field,,,Chinese,Material Mechanics and Design,材料力学与设计,,,
ustc-master-cn-2026-22,6,University of Science and Technology of China,master,2026,historical_2026,"[""ustc-master-cn-2026""]","[""https://ic.ustc.edu.cn/wp-content/uploads/2025/04/%E7%A1%95%E5%A3%AB%E7%A0%94%E7%A9%B6%E7%94%9F%E9%A1%B9%E7%9B%AE%EF%BC%88%E6%B1%89%E8%AF%AD%E6%8E%88%E8%AF%BE%EF%BC%89%E5%88%97%E8%A1%A8-1.pdf""]","[""2026-10-07""]",named_field,,,Chinese,Solid Mechanics,固体力学,,,
ustc-master-cn-2026-23,1,University of Science and Technology of China,master,2026,historical_2026,"[""ustc-master-cn-2026""]","[""https://ic.ustc.edu.cn/wp-content/uploads/2025/04/%E7%A1%95%E5%A3%AB%E7%A0%94%E7%A9%B6%E7%94%9F%E9%A1%B9%E7%9B%AE%EF%BC%88%E6%B1%89%E8%AF%AD%E6%8E%88%E8%AF%BE%EF%BC%89%E5%88%97%E8%A1%A8-1.pdf""]","[""2026-10-07""]",named_field,,,Chinese,Nuclear Energy Science and Engineering,核能科学与工程,,,
ustc-master-cn-2026-23,2,University of Science and Technology of China,master,2026,historical_2026,"[""ustc-master-cn-2026""]","[""https://ic.ustc.edu.cn/wp-content/uploads/2025/04/%E7%A1%95%E5%A3%AB%E7%A0%94%E7%A9%B6%E7%94%9F%E9%A1%B9%E7%9B%AE%EF%BC%88%E6%B1%89%E8%AF%AD%E6%8E%88%E8%AF%BE%EF%BC%89%E5%88%97%E8%A1%A8-1.pdf""]","[""2026-10-07""]",named_field,,,Chinese,Nuclear Fuel Cycle and Materials,核燃料循环与材料,,,
ustc-master-cn-2026-23,3,University of Science and Technology of China,master,2026,historical_2026,"[""ustc-master-cn-2026""]","[""https://ic.ustc.edu.cn/wp-content/uploads/2025/04/%E7%A1%95%E5%A3%AB%E7%A0%94%E7%A9%B6%E7%94%9F%E9%A1%B9%E7%9B%AE%EF%BC%88%E6%B1%89%E8%AF%AD%E6%8E%88%E8%AF%BE%EF%BC%89%E5%88%97%E8%A1%A8-1.pdf""]","[""2026-10-07""]",named_field,,,Chinese,Nuclear Technology and Applications,核技术及应用,,,
ustc-master-cn-2026-23,4,University of Science and Technology of China,master,2026,historical_2026,"[""ustc-master-cn-2026""]","[""https://ic.ustc.edu.cn/wp-content/uploads/2025/04/%E7%A1%95%E5%A3%AB%E7%A0%94%E7%A9%B6%E7%94%9F%E9%A1%B9%E7%9B%AE%EF%BC%88%E6%B1%89%E8%AF%AD%E6%8E%88%E8%AF%BE%EF%BC%89%E5%88%97%E8%A1%A8-1.pdf""]","[""2026-10-07""]",named_field,,,Chinese,Radiation Proof and Environment Protection,辐射防护及环境保护,,,
ustc-master-cn-2026-23,5,University of Science and Technology of China,master,2026,historical_2026,"[""ustc-master-cn-2026""]","[""https://ic.ustc.edu.cn/wp-content/uploads/2025/04/%E7%A1%95%E5%A3%AB%E7%A0%94%E7%A9%B6%E7%94%9F%E9%A1%B9%E7%9B%AE%EF%BC%88%E6%B1%89%E8%AF%AD%E6%8E%88%E8%AF%BE%EF%BC%89%E5%88%97%E8%A1%A8-1.pdf""]","[""2026-10-07""]",named_field,,,Chinese,Synchrotron Radiation and Application,同步辐射及应用,,,
ustc-master-cn-2026-24,1,University of Science and Technology of China,master,2026,historical_2026,"[""ustc-master-cn-2026""]","[""https://ic.ustc.edu.cn/wp-content/uploads/2025/04/%E7%A1%95%E5%A3%AB%E7%A0%94%E7%A9%B6%E7%94%9F%E9%A1%B9%E7%9B%AE%EF%BC%88%E6%B1%89%E8%AF%AD%E6%8E%88%E8%AF%BE%EF%BC%89%E5%88%97%E8%A1%A8-1.pdf""]","[""2026-10-07""]",named_field,,,Chinese,Optics Engineering,光学工程,,,
ustc-master-cn-2026-25,1,University of Science and Technology of China,master,2026,historical_2026,"[""ustc-master-cn-2026""]","[""https://ic.ustc.edu.cn/wp-content/uploads/2025/04/%E7%A1%95%E5%A3%AB%E7%A0%94%E7%A9%B6%E7%94%9F%E9%A1%B9%E7%9B%AE%EF%BC%88%E6%B1%89%E8%AF%AD%E6%8E%88%E8%AF%BE%EF%BC%89%E5%88%97%E8%A1%A8-1.pdf""]","[""2026-10-07""]",named_field,,,Chinese,Atom and Molecule Physics,原子与分子物理,,,
ustc-master-cn-2026-25,2,University of Science and Technology of China,master,2026,historical_2026,"[""ustc-master-cn-2026""]","[""https://ic.ustc.edu.cn/wp-content/uploads/2025/04/%E7%A1%95%E5%A3%AB%E7%A0%94%E7%A9%B6%E7%94%9F%E9%A1%B9%E7%9B%AE%EF%BC%88%E6%B1%89%E8%AF%AD%E6%8E%88%E8%AF%BE%EF%BC%89%E5%88%97%E8%A1%A8-1.pdf""]","[""2026-10-07""]",named_field,,,Chinese,Condensed Matter Physics,凝聚态物理,,,
ustc-master-cn-2026-25,3,University of Science and Technology of China,master,2026,historical_2026,"[""ustc-master-cn-2026""]","[""https://ic.ustc.edu.cn/wp-content/uploads/2025/04/%E7%A1%95%E5%A3%AB%E7%A0%94%E7%A9%B6%E7%94%9F%E9%A1%B9%E7%9B%AE%EF%BC%88%E6%B1%89%E8%AF%AD%E6%8E%88%E8%AF%BE%EF%BC%89%E5%88%97%E8%A1%A8-1.pdf""]","[""2026-10-07""]",named_field,,,Chinese,Optics,光学,,,
ustc-master-cn-2026-25,4,University of Science and Technology of China,master,2026,historical_2026,"[""ustc-master-cn-2026""]","[""https://ic.ustc.edu.cn/wp-content/uploads/2025/04/%E7%A1%95%E5%A3%AB%E7%A0%94%E7%A9%B6%E7%94%9F%E9%A1%B9%E7%9B%AE%EF%BC%88%E6%B1%89%E8%AF%AD%E6%8E%88%E8%AF%BE%EF%BC%89%E5%88%97%E8%A1%A8-1.pdf""]","[""2026-10-07""]",named_field,,,Chinese,Particle Physics and Nuclear Physics,粒子物理与原子核物理,,,
ustc-master-cn-2026-25,5,University of Science and Technology of China,master,2026,historical_2026,"[""ustc-master-cn-2026""]","[""https://ic.ustc.edu.cn/wp-content/uploads/2025/04/%E7%A1%95%E5%A3%AB%E7%A0%94%E7%A9%B6%E7%94%9F%E9%A1%B9%E7%9B%AE%EF%BC%88%E6%B1%89%E8%AF%AD%E6%8E%88%E8%AF%BE%EF%BC%89%E5%88%97%E8%A1%A8-1.pdf""]","[""2026-10-07""]",named_field,,,Chinese,Plasma Physics,等离子体物理,,,
ustc-master-cn-2026-25,6,University of Science and Technology of China,master,2026,historical_2026,"[""ustc-master-cn-2026""]","[""https://ic.ustc.edu.cn/wp-content/uploads/2025/04/%E7%A1%95%E5%A3%AB%E7%A0%94%E7%A9%B6%E7%94%9F%E9%A1%B9%E7%9B%AE%EF%BC%88%E6%B1%89%E8%AF%AD%E6%8E%88%E8%AF%BE%EF%BC%89%E5%88%97%E8%A1%A8-1.pdf""]","[""2026-10-07""]",named_field,,,Chinese,Quantum Information Physics,量子信息物理学,,,
ustc-master-cn-2026-25,7,University of Science and Technology of China,master,2026,historical_2026,"[""ustc-master-cn-2026""]","[""https://ic.ustc.edu.cn/wp-content/uploads/2025/04/%E7%A1%95%E5%A3%AB%E7%A0%94%E7%A9%B6%E7%94%9F%E9%A1%B9%E7%9B%AE%EF%BC%88%E6%B1%89%E8%AF%AD%E6%8E%88%E8%AF%BE%EF%BC%89%E5%88%97%E8%A1%A8-1.pdf""]","[""2026-10-07""]",named_field,,,Chinese,Theoretical Physics,理论物理,,,
ustc-master-cn-2026-26,1,University of Science and Technology of China,master,2026,historical_2026,"[""ustc-master-cn-2026""]","[""https://ic.ustc.edu.cn/wp-content/uploads/2025/04/%E7%A1%95%E5%A3%AB%E7%A0%94%E7%A9%B6%E7%94%9F%E9%A1%B9%E7%9B%AE%EF%BC%88%E6%B1%89%E8%AF%AD%E6%8E%88%E8%AF%BE%EF%BC%89%E5%88%97%E8%A1%A8-1.pdf""]","[""2026-10-07""]",named_field,,,Chinese,Engineering Thermophysics,工程热物理,,,
ustc-master-cn-2026-26,2,University of Science and Technology of China,master,2026,historical_2026,"[""ustc-master-cn-2026""]","[""https://ic.ustc.edu.cn/wp-content/uploads/2025/04/%E7%A1%95%E5%A3%AB%E7%A0%94%E7%A9%B6%E7%94%9F%E9%A1%B9%E7%9B%AE%EF%BC%88%E6%B1%89%E8%AF%AD%E6%8E%88%E8%AF%BE%EF%BC%89%E5%88%97%E8%A1%A8-1.pdf""]","[""2026-10-07""]",named_field,,,Chinese,Refrigeration and Microtherm Engineering,制冷及低温工程,,,
ustc-master-cn-2026-26,3,University of Science and Technology of China,master,2026,historical_2026,"[""ustc-master-cn-2026""]","[""https://ic.ustc.edu.cn/wp-content/uploads/2025/04/%E7%A1%95%E5%A3%AB%E7%A0%94%E7%A9%B6%E7%94%9F%E9%A1%B9%E7%9B%AE%EF%BC%88%E6%B1%89%E8%AF%AD%E6%8E%88%E8%AF%BE%EF%BC%89%E5%88%97%E8%A1%A8-1.pdf""]","[""2026-10-07""]",named_field,,,Chinese,Thermal Power Engineering,热能工程,,,
ustc-master-cn-2026-27,1,University of Science and Technology of China,master,2026,historical_2026,"[""ustc-master-cn-2026""]","[""https://ic.ustc.edu.cn/wp-content/uploads/2025/04/%E7%A1%95%E5%A3%AB%E7%A0%94%E7%A9%B6%E7%94%9F%E9%A1%B9%E7%9B%AE%EF%BC%88%E6%B1%89%E8%AF%AD%E6%8E%88%E8%AF%BE%EF%BC%89%E5%88%97%E8%A1%A8-1.pdf""]","[""2026-10-07""]",named_field,,,Chinese,Public Administration*,公共管理学*,,,
ustc-master-cn-2026-27,2,University of Science and Technology of China,master,2026,historical_2026,"[""ustc-master-cn-2026""]","[""https://ic.ustc.edu.cn/wp-content/uploads/2025/04/%E7%A1%95%E5%A3%AB%E7%A0%94%E7%A9%B6%E7%94%9F%E9%A1%B9%E7%9B%AE%EF%BC%88%E6%B1%89%E8%AF%AD%E6%8E%88%E8%AF%BE%EF%BC%89%E5%88%97%E8%A1%A8-1.pdf""]","[""2026-10-07""]",named_field,,,Chinese,Public Management*,公共管理*,,,
ustc-master-cn-2026-28,1,University of Science and Technology of China,master,2026,historical_2026,"[""ustc-master-cn-2026""]","[""https://ic.ustc.edu.cn/wp-content/uploads/2025/04/%E7%A1%95%E5%A3%AB%E7%A0%94%E7%A9%B6%E7%94%9F%E9%A1%B9%E7%9B%AE%EF%BC%88%E6%B1%89%E8%AF%AD%E6%8E%88%E8%AF%BE%EF%BC%89%E5%88%97%E8%A1%A8-1.pdf""]","[""2026-10-07""]",named_field,,,Chinese,Safety Science and Engineering,安全科学与工程,,,
ustc-master-en-2026-01,1,University of Science and Technology of China,master,2026,historical_2026,"[""ustc-master-en-2026""]","[""https://ic.ustc.edu.cn/wp-content/uploads/2025/04/%E7%A1%95%E5%A3%AB%E7%A0%94%E7%A9%B6%E7%94%9F%E9%A1%B9%E7%9B%AE%EF%BC%88%E8%8B%B1%E8%AF%AD%E6%8E%88%E8%AF%BE%EF%BC%89%E5%88%97%E8%A1%A8-1.pdf""]","[""2026-10-07""]",named_field,,,English,Astrophysics,天体物理,,,
ustc-master-en-2026-02,1,University of Science and Technology of China,master,2026,historical_2026,"[""ustc-master-en-2026""]","[""https://ic.ustc.edu.cn/wp-content/uploads/2025/04/%E7%A1%95%E5%A3%AB%E7%A0%94%E7%A9%B6%E7%94%9F%E9%A1%B9%E7%9B%AE%EF%BC%88%E8%8B%B1%E8%AF%AD%E6%8E%88%E8%AF%BE%EF%BC%89%E5%88%97%E8%A1%A8-1.pdf""]","[""2026-10-07""]",named_field,,,English,Atmosphere Physics and Environment,大气物理学与大气环境,,,
ustc-master-en-2026-03,1,University of Science and Technology of China,master,2026,historical_2026,"[""ustc-master-en-2026""]","[""https://ic.ustc.edu.cn/wp-content/uploads/2025/04/%E7%A1%95%E5%A3%AB%E7%A0%94%E7%A9%B6%E7%94%9F%E9%A1%B9%E7%9B%AE%EF%BC%88%E8%8B%B1%E8%AF%AD%E6%8E%88%E8%AF%BE%EF%BC%89%E5%88%97%E8%A1%A8-1.pdf""]","[""2026-10-07""]",named_field,,,English,Software Engineering,软件工程,,,
ustc-master-en-2026-04,1,University of Science and Technology of China,master,2026,historical_2026,"[""ustc-master-en-2026""]","[""https://ic.ustc.edu.cn/wp-content/uploads/2025/04/%E7%A1%95%E5%A3%AB%E7%A0%94%E7%A9%B6%E7%94%9F%E9%A1%B9%E7%9B%AE%EF%BC%88%E8%8B%B1%E8%AF%AD%E6%8E%88%E8%AF%BE%EF%BC%89%E5%88%97%E8%A1%A8-1.pdf""]","[""2026-10-07""]",named_field,,,English,"Mineralogy, Petrology, Mineral Deposit Geology",矿物学、岩石学、矿床学,,,
ustc-master-en-2026-05,1,University of Science and Technology of China,master,2026,historical_2026,"[""ustc-master-en-2026""]","[""https://ic.ustc.edu.cn/wp-content/uploads/2025/04/%E7%A1%95%E5%A3%AB%E7%A0%94%E7%A9%B6%E7%94%9F%E9%A1%B9%E7%9B%AE%EF%BC%88%E8%8B%B1%E8%AF%AD%E6%8E%88%E8%AF%BE%EF%BC%89%E5%88%97%E8%A1%A8-1.pdf""]","[""2026-10-07""]",named_field,,,English,Solid Geophysics,固体地球物理学,,,
ustc-master-en-2026-05,2,University of Science and Technology of China,master,2026,historical_2026,"[""ustc-master-en-2026""]","[""https://ic.ustc.edu.cn/wp-content/uploads/2025/04/%E7%A1%95%E5%A3%AB%E7%A0%94%E7%A9%B6%E7%94%9F%E9%A1%B9%E7%9B%AE%EF%BC%88%E8%8B%B1%E8%AF%AD%E6%8E%88%E8%AF%BE%EF%BC%89%E5%88%97%E8%A1%A8-1.pdf""]","[""2026-10-07""]",named_field,,,English,Space Physics,空间物理学,,,
ustc-master-en-2026-06,1,University of Science and Technology of China,master,2026,historical_2026,"[""ustc-master-en-2026""]","[""https://ic.ustc.edu.cn/wp-content/uploads/2025/04/%E7%A1%95%E5%A3%AB%E7%A0%94%E7%A9%B6%E7%94%9F%E9%A1%B9%E7%9B%AE%EF%BC%88%E8%8B%B1%E8%AF%AD%E6%8E%88%E8%AF%BE%EF%BC%89%E5%88%97%E8%A1%A8-1.pdf""]","[""2026-10-07""]",named_field,,,English,Master of Business Administration*,工商管理硕士*,,,
ustc-master-en-2026-07,1,University of Science and Technology of China,master,2026,historical_2026,"[""ustc-master-en-2026""]","[""https://ic.ustc.edu.cn/wp-content/uploads/2025/04/%E7%A1%95%E5%A3%AB%E7%A0%94%E7%A9%B6%E7%94%9F%E9%A1%B9%E7%9B%AE%EF%BC%88%E8%8B%B1%E8%AF%AD%E6%8E%88%E8%AF%BE%EF%BC%89%E5%88%97%E8%A1%A8-1.pdf""]","[""2026-10-07""]",named_field,,,English,Optics Engineering,光学工程,,,
ustc-master-en-2026-08,1,University of Science and Technology of China,master,2026,historical_2026,"[""ustc-master-en-2026""]","[""https://ic.ustc.edu.cn/wp-content/uploads/2025/04/%E7%A1%95%E5%A3%AB%E7%A0%94%E7%A9%B6%E7%94%9F%E9%A1%B9%E7%9B%AE%EF%BC%88%E8%8B%B1%E8%AF%AD%E6%8E%88%E8%AF%BE%EF%BC%89%E5%88%97%E8%A1%A8-1.pdf""]","[""2026-10-07""]",named_field,,,English,Atom and Molecule Physics,原子与分子物理,,,
ustc-master-en-2026-08,2,University of Science and Technology of China,master,2026,historical_2026,"[""ustc-master-en-2026""]","[""https://ic.ustc.edu.cn/wp-content/uploads/2025/04/%E7%A1%95%E5%A3%AB%E7%A0%94%E7%A9%B6%E7%94%9F%E9%A1%B9%E7%9B%AE%EF%BC%88%E8%8B%B1%E8%AF%AD%E6%8E%88%E8%AF%BE%EF%BC%89%E5%88%97%E8%A1%A8-1.pdf""]","[""2026-10-07""]",named_field,,,English,Condensed Matter Physics,凝聚态物理,,,
ustc-master-en-2026-08,3,University of Science and Technology of China,master,2026,historical_2026,"[""ustc-master-en-2026""]","[""https://ic.ustc.edu.cn/wp-content/uploads/2025/04/%E7%A1%95%E5%A3%AB%E7%A0%94%E7%A9%B6%E7%94%9F%E9%A1%B9%E7%9B%AE%EF%BC%88%E8%8B%B1%E8%AF%AD%E6%8E%88%E8%AF%BE%EF%BC%89%E5%88%97%E8%A1%A8-1.pdf""]","[""2026-10-07""]",named_field,,,English,Optics,光学,,,
ustc-master-en-2026-08,4,University of Science and Technology of China,master,2026,historical_2026,"[""ustc-master-en-2026""]","[""https://ic.ustc.edu.cn/wp-content/uploads/2025/04/%E7%A1%95%E5%A3%AB%E7%A0%94%E7%A9%B6%E7%94%9F%E9%A1%B9%E7%9B%AE%EF%BC%88%E8%8B%B1%E8%AF%AD%E6%8E%88%E8%AF%BE%EF%BC%89%E5%88%97%E8%A1%A8-1.pdf""]","[""2026-10-07""]",named_field,,,English,Particle Physics and Nuclear Physics,粒子物理与原子核物理,,,
ustc-master-en-2026-08,5,University of Science and Technology of China,master,2026,historical_2026,"[""ustc-master-en-2026""]","[""https://ic.ustc.edu.cn/wp-content/uploads/2025/04/%E7%A1%95%E5%A3%AB%E7%A0%94%E7%A9%B6%E7%94%9F%E9%A1%B9%E7%9B%AE%EF%BC%88%E8%8B%B1%E8%AF%AD%E6%8E%88%E8%AF%BE%EF%BC%89%E5%88%97%E8%A1%A8-1.pdf""]","[""2026-10-07""]",named_field,,,English,Plasma Physics,等离子体物理,,,
ustc-master-en-2026-08,6,University of Science and Technology of China,master,2026,historical_2026,"[""ustc-master-en-2026""]","[""https://ic.ustc.edu.cn/wp-content/uploads/2025/04/%E7%A1%95%E5%A3%AB%E7%A0%94%E7%A9%B6%E7%94%9F%E9%A1%B9%E7%9B%AE%EF%BC%88%E8%8B%B1%E8%AF%AD%E6%8E%88%E8%AF%BE%EF%BC%89%E5%88%97%E8%A1%A8-1.pdf""]","[""2026-10-07""]",named_field,,,English,Quantum Information Physics,量子信息物理学,,,
ustc-master-en-2026-08,7,University of Science and Technology of China,master,2026,historical_2026,"[""ustc-master-en-2026""]","[""https://ic.ustc.edu.cn/wp-content/uploads/2025/04/%E7%A1%95%E5%A3%AB%E7%A0%94%E7%A9%B6%E7%94%9F%E9%A1%B9%E7%9B%AE%EF%BC%88%E8%8B%B1%E8%AF%AD%E6%8E%88%E8%AF%BE%EF%BC%89%E5%88%97%E8%A1%A8-1.pdf""]","[""2026-10-07""]",named_field,,,English,Theoretical Physics,理论物理,,,
nju-master-latest-032,1,Nanjing University,master,null,latest_catalogue_cycle_unstated,"[""nju-master-latest""]","[""https://hwxy.nju.edu.cn/DFS/file/2026/09/14/202609141630322931phdvc.pdf""]","[""2026-10-07""]",named_field,,,Chinese,,行政管理,,,
nju-master-latest-032,2,Nanjing University,master,null,latest_catalogue_cycle_unstated,"[""nju-master-latest""]","[""https://hwxy.nju.edu.cn/DFS/file/2026/09/14/202609141630322931phdvc.pdf""]","[""2026-10-07""]",named_field,,,Chinese,,社会保障,,,
nju-master-latest-032,3,Nanjing University,master,null,latest_catalogue_cycle_unstated,"[""nju-master-latest""]","[""https://hwxy.nju.edu.cn/DFS/file/2026/09/14/202609141630322931phdvc.pdf""]","[""2026-10-07""]",named_field,,,Chinese,,社会医学与卫生事业管理,,,
nju-master-latest-032,4,Nanjing University,master,null,latest_catalogue_cycle_unstated,"[""nju-master-latest""]","[""https://hwxy.nju.edu.cn/DFS/file/2026/09/14/202609141630322931phdvc.pdf""]","[""2026-10-07""]",named_field,,,Chinese,,应急管理,,,
nju-master-latest-033,1,Nanjing University,master,null,latest_catalogue_cycle_unstated,"[""nju-master-latest""]","[""https://hwxy.nju.edu.cn/DFS/file/2026/09/14/202609141630322931phdvc.pdf""]","[""2026-10-07""]",named_field,,,Chinese,,政治学理论,,,
nju-master-latest-033,2,Nanjing University,master,null,latest_catalogue_cycle_unstated,"[""nju-master-latest""]","[""https://hwxy.nju.edu.cn/DFS/file/2026/09/14/202609141630322931phdvc.pdf""]","[""2026-10-07""]",named_field,,,Chinese,,中外政治制度,,,
nju-master-latest-046,1,Nanjing University,master,null,latest_catalogue_cycle_unstated,"[""nju-master-latest""]","[""https://hwxy.nju.edu.cn/DFS/file/2026/09/14/202609141630322931phdvc.pdf""]","[""2026-10-07""]",named_field,,,Chinese,,英语语言文学-英美文学与文化,,,
nju-master-latest-046,2,Nanjing University,master,null,latest_catalogue_cycle_unstated,"[""nju-master-latest""]","[""https://hwxy.nju.edu.cn/DFS/file/2026/09/14/202609141630322931phdvc.pdf""]","[""2026-10-07""]",named_field,,,Chinese,,英语语言文学-英语语言学及应用语言学、翻译学,,,
nju-master-latest-046,3,Nanjing University,master,null,latest_catalogue_cycle_unstated,"[""nju-master-latest""]","[""https://hwxy.nju.edu.cn/DFS/file/2026/09/14/202609141630322931phdvc.pdf""]","[""2026-10-07""]",named_field,,,Chinese,,俄语语言文学,,,
nju-master-latest-046,4,Nanjing University,master,null,latest_catalogue_cycle_unstated,"[""nju-master-latest""]","[""https://hwxy.nju.edu.cn/DFS/file/2026/09/14/202609141630322931phdvc.pdf""]","[""2026-10-07""]",named_field,,,Chinese,,法语语言文学,,,
nju-master-latest-046,5,Nanjing University,master,null,latest_catalogue_cycle_unstated,"[""nju-master-latest""]","[""https://hwxy.nju.edu.cn/DFS/file/2026/09/14/202609141630322931phdvc.pdf""]","[""2026-10-07""]",named_field,,,Chinese,,德语语言文学,,,
nju-master-latest-046,6,Nanjing University,master,null,latest_catalogue_cycle_unstated,"[""nju-master-latest""]","[""https://hwxy.nju.edu.cn/DFS/file/2026/09/14/202609141630322931phdvc.pdf""]","[""2026-10-07""]",named_field,,,Chinese,,日语语言文学,,,
nju-master-latest-046,7,Nanjing University,master,null,latest_catalogue_cycle_unstated,"[""nju-master-latest""]","[""https://hwxy.nju.edu.cn/DFS/file/2026/09/14/202609141630322931phdvc.pdf""]","[""2026-10-07""]",named_field,,,Chinese,,亚非语言文学,,,
nju-master-latest-046,8,Nanjing University,master,null,latest_catalogue_cycle_unstated,"[""nju-master-latest""]","[""https://hwxy.nju.edu.cn/DFS/file/2026/09/14/202609141630322931phdvc.pdf""]","[""2026-10-07""]",named_field,,,Chinese,,外国语言学及应用语言学,,,
nju-master-latest-052,1,Nanjing University,master,null,latest_catalogue_cycle_unstated,"[""nju-master-latest""]","[""https://hwxy.nju.edu.cn/DFS/file/2026/09/14/202609141630322931phdvc.pdf""]","[""2026-10-07""]",named_field,,,Chinese,,新闻传播实务,,,
nju-master-latest-052,2,Nanjing University,master,null,latest_catalogue_cycle_unstated,"[""nju-master-latest""]","[""https://hwxy.nju.edu.cn/DFS/file/2026/09/14/202609141630322931phdvc.pdf""]","[""2026-10-07""]",named_field,,,Chinese,,国际传播,,,
nju-master-latest-052,3,Nanjing University,master,null,latest_catalogue_cycle_unstated,"[""nju-master-latest""]","[""https://hwxy.nju.edu.cn/DFS/file/2026/09/14/202609141630322931phdvc.pdf""]","[""2026-10-07""]",named_field,,,Chinese,,计算传播,,,
nju-master-latest-052,4,Nanjing University,master,null,latest_catalogue_cycle_unstated,"[""nju-master-latest""]","[""https://hwxy.nju.edu.cn/DFS/file/2026/09/14/202609141630322931phdvc.pdf""]","[""2026-10-07""]",named_field,,,Chinese,,数字营销传播,,,
